# ПРИНЯТО машинной приёмкой. Миссия tt-dict-widen, отчёт — docs/DICT-WIDEN.md.
# Ручной вычитки не было и не будет: оператор 2026-08-24 заменил её машинным правилом, а
# затем, посмотрев сто случайных отклонённых, снял и планку второго источника.
#
# ПРАВИЛО 1.9.1: принимается ВСЁ, кроме формальных обрывков и слов, исключённых оператором.
#   fragment         — формальный обрывок: без единой гласной (аеиоуыэюяёүәө); порога длины у татарского нет — по длине там режутся живые слова
#   operator-excluded — оператор назвал слово поимённо: можна
# Прежняя планка 1.9.0 больше не решает судьбу слова, но считается и записана меткой, чтобы
# происхождение строки было видно файлом:
#   two-corpora      — встречается и в OpenSubtitles, и в Tatoeba
#   shipped-word     — уже стоит в поставляемом словаре (в очереди таких нет по построению)
#   shipped-paradigm — русский: основа стоит в поставляемом словаре ещё в >= 3 формах
#   operator-widened — прежняя планка отклоняла (single-source или cap_ratio >= 0.50),
#                      принято решением оператора; прежняя причина стоит в rule_detail
#
# Колонки — те же, что в очереди, плюс rule и rule_detail. Отклонённые НЕ удалены: изменить
# правило и перезапустить `python3 scripts/dict_accept.py select` — одна команда.
word	heldout_hits	train_freq	train_freq_clean	sources	license_status	cap_ratio	enters_top100k	rule	rule_detail
яраббым	24	130	0	OpenSubtitles	risk-accepted:no-grant	0.76	yes	operator-widened	прежнее правило: proper-noun-evidence (cap_ratio=0.76>=0.50)
док	16	211	0	OpenSubtitles	risk-accepted:no-grant	0.70	yes	operator-widened	прежнее правило: proper-noun-evidence (cap_ratio=0.70>=0.50)
оһ	13	179	0	OpenSubtitles	risk-accepted:no-grant	0.50	yes	operator-widened	прежнее правило: proper-noun-evidence (cap_ratio=0.50>=0.50)
үтерәчәк	9	54	5	OpenSubtitles+Tatoeba	clean:CC-BY-2.0-FR	0.00	yes	two-corpora	OpenSubtitles+Tatoeba
джунглига	9	39	1	OpenSubtitles+Tatoeba	clean:CC-BY-2.0-FR	0.00	yes	two-corpora	OpenSubtitles+Tatoeba
сипкеллем	8	25	0	OpenSubtitles	risk-accepted:no-grant	0.71	yes	operator-widened	прежнее правило: proper-noun-evidence (cap_ratio=0.71>=0.50)
тәртиптәме	7	88	3	OpenSubtitles+Tatoeba	clean:CC-BY-2.0-FR	0.00	yes	two-corpora	OpenSubtitles+Tatoeba
хәтерлисеңме	7	71	18	OpenSubtitles+Tatoeba	clean:CC-BY-2.0-FR	0.00	yes	two-corpora	OpenSubtitles+Tatoeba
әйтмәдең	7	59	24	OpenSubtitles+Tatoeba	clean:CC-BY-2.0-FR	0.00	yes	two-corpora	OpenSubtitles+Tatoeba
шалтыратырмын	7	41	25	OpenSubtitles+Tatoeba	clean:CC-BY-2.0-FR	0.00	yes	two-corpora	OpenSubtitles+Tatoeba
ишетәсеңме	6	76	7	OpenSubtitles+Tatoeba	clean:CC-BY-2.0-FR	0.00	yes	two-corpora	OpenSubtitles+Tatoeba
джунглида	6	63	0	OpenSubtitles	risk-accepted:no-grant	0.02	yes	operator-widened	прежнее правило: single-source (OpenSubtitles)
ярдәмең	6	48	13	OpenSubtitles+Tatoeba	clean:CC-BY-2.0-FR	0.00	yes	two-corpora	OpenSubtitles+Tatoeba
нишләдең	6	47	6	OpenSubtitles+Tatoeba	clean:CC-BY-2.0-FR	0.00	yes	two-corpora	OpenSubtitles+Tatoeba
яратасыңмы	6	38	20	OpenSubtitles+Tatoeba	clean:CC-BY-2.0-FR	0.00	yes	two-corpora	OpenSubtitles+Tatoeba
үтердең	5	54	7	OpenSubtitles+Tatoeba	clean:CC-BY-2.0-FR	0.00	yes	two-corpora	OpenSubtitles+Tatoeba
кебекме	5	38	0	OpenSubtitles	risk-accepted:no-grant	0.00	yes	operator-widened	прежнее правило: single-source (OpenSubtitles)
ишеттең	5	31	2	OpenSubtitles+Tatoeba	clean:CC-BY-2.0-FR	0.00	yes	two-corpora	OpenSubtitles+Tatoeba
теләдең	5	30	1	OpenSubtitles+Tatoeba	clean:CC-BY-2.0-FR	0.00	yes	two-corpora	OpenSubtitles+Tatoeba
белдеңме	5	25	3	OpenSubtitles+Tatoeba	clean:CC-BY-2.0-FR	0.00	yes	two-corpora	OpenSubtitles+Tatoeba
сөйләшермен	5	13	6	OpenSubtitles+Tatoeba	clean:CC-BY-2.0-FR	0.00	yes	two-corpora	OpenSubtitles+Tatoeba
әйтмәдеме	5	12	3	OpenSubtitles+Tatoeba	clean:CC-BY-2.0-FR	0.00	yes	two-corpora	OpenSubtitles+Tatoeba
булдырдың	5	9	1	OpenSubtitles+Tatoeba	clean:CC-BY-2.0-FR	0.00	no	two-corpora	OpenSubtitles+Tatoeba
соңгардым	5	5	0	OpenSubtitles	risk-accepted:no-grant	0.00	no	operator-widened	прежнее правило: single-source (OpenSubtitles)
югал	4	74	1	OpenSubtitles+Tatoeba	clean:CC-BY-2.0-FR	0.00	yes	two-corpora	OpenSubtitles+Tatoeba
җыенасың	4	45	12	OpenSubtitles+Tatoeba	clean:CC-BY-2.0-FR	0.00	yes	two-corpora	OpenSubtitles+Tatoeba
аңлыйсызмы	4	44	16	OpenSubtitles+Tatoeba	clean:CC-BY-2.0-FR	0.00	yes	two-corpora	OpenSubtitles+Tatoeba
уһ	4	43	0	OpenSubtitles	risk-accepted:no-grant	0.00	yes	operator-widened	прежнее правило: single-source (OpenSubtitles)
кәһвә	4	41	4	OpenSubtitles+Tatoeba	clean:CC-BY-2.0-FR	0.00	yes	two-corpora	OpenSubtitles+Tatoeba
чынлапмы	4	37	4	OpenSubtitles+Tatoeba	clean:CC-BY-2.0-FR	0.00	yes	two-corpora	OpenSubtitles+Tatoeba
бәйләнмә	4	33	1	OpenSubtitles+Tatoeba	clean:CC-BY-2.0-FR	0.00	yes	two-corpora	OpenSubtitles+Tatoeba
уйладыңмы	4	32	5	OpenSubtitles+Tatoeba	clean:CC-BY-2.0-FR	0.00	yes	two-corpora	OpenSubtitles+Tatoeba
китәсеңме	4	21	2	OpenSubtitles+Tatoeba	clean:CC-BY-2.0-FR	0.00	yes	two-corpora	OpenSubtitles+Tatoeba
теләгәнемне	4	21	10	OpenSubtitles+Tatoeba	clean:CC-BY-2.0-FR	0.00	yes	two-corpora	OpenSubtitles+Tatoeba
янни	4	21	21	Tatoeba	clean:CC-BY-2.0-FR	1.00	yes	operator-widened	прежнее правило: proper-noun-evidence (cap_ratio=1.00>=0.50)
очабыз	4	20	0	OpenSubtitles	risk-accepted:no-grant	0.00	yes	operator-widened	прежнее правило: single-source (OpenSubtitles)
булыштың	4	15	3	OpenSubtitles+Tatoeba	clean:CC-BY-2.0-FR	0.00	yes	two-corpora	OpenSubtitles+Tatoeba
диегез	4	15	2	OpenSubtitles+Tatoeba	clean:CC-BY-2.0-FR	0.00	yes	two-corpora	OpenSubtitles+Tatoeba
чиксезлек	4	14	0	OpenSubtitles	risk-accepted:no-grant	0.33	yes	operator-widened	прежнее правило: single-source (OpenSubtitles)
дидеме	4	11	2	OpenSubtitles+Tatoeba	clean:CC-BY-2.0-FR	0.00	yes	two-corpora	OpenSubtitles+Tatoeba
кайгырт	4	11	3	OpenSubtitles+Tatoeba	clean:CC-BY-2.0-FR	0.00	yes	two-corpora	OpenSubtitles+Tatoeba
сөйлисеңме	4	11	2	OpenSubtitles+Tatoeba	clean:CC-BY-2.0-FR	0.00	yes	two-corpora	OpenSubtitles+Tatoeba
этәргечләр	4	11	0	OpenSubtitles	risk-accepted:no-grant	0.33	yes	operator-widened	прежнее правило: single-source (OpenSubtitles)
әйтәсезме	4	10	3	OpenSubtitles+Tatoeba	clean:CC-BY-2.0-FR	0.00	no	two-corpora	OpenSubtitles+Tatoeba
оу	4	8	0	OpenSubtitles	risk-accepted:no-grant	0.00	no	operator-widened	прежнее правило: single-source (OpenSubtitles)
сөйләшкәнемне	4	8	2	OpenSubtitles+Tatoeba	clean:CC-BY-2.0-FR	0.00	no	two-corpora	OpenSubtitles+Tatoeba
тәмамла	4	8	0	OpenSubtitles	risk-accepted:no-grant	0.00	no	operator-widened	прежнее правило: single-source (OpenSubtitles)
чистарт	4	8	3	OpenSubtitles+Tatoeba	clean:CC-BY-2.0-FR	0.00	no	two-corpora	OpenSubtitles+Tatoeba
бла	4	5	0	OpenSubtitles	risk-accepted:no-grant	0.00	no	operator-widened	прежнее правило: single-source (OpenSubtitles)
сихерләү	4	5	1	OpenSubtitles+Tatoeba	clean:CC-BY-2.0-FR	0.00	no	two-corpora	OpenSubtitles+Tatoeba
артыңа	4	4	2	OpenSubtitles+Tatoeba	clean:CC-BY-2.0-FR	0.00	no	two-corpora	OpenSubtitles+Tatoeba
галәмнәр	4	4	0	OpenSubtitles	risk-accepted:no-grant	0.00	no	operator-widened	прежнее правило: single-source (OpenSubtitles)
мэринең	4	4	4	Tatoeba	clean:CC-BY-2.0-FR	1.00	no	operator-widened	прежнее правило: proper-noun-evidence (cap_ratio=1.00>=0.50)
симуляциядә	4	4	0	OpenSubtitles	risk-accepted:no-grant	0.00	no	operator-widened	прежнее правило: single-source (OpenSubtitles)
зири	3	56	56	Tatoeba	clean:CC-BY-2.0-FR	1.00	yes	operator-widened	прежнее правило: proper-noun-evidence (cap_ratio=1.00>=0.50)
ярармы	3	50	0	OpenSubtitles	risk-accepted:no-grant	0.00	yes	operator-widened	прежнее правило: single-source (OpenSubtitles)
мондамы	3	39	5	OpenSubtitles+Tatoeba	clean:CC-BY-2.0-FR	0.03	yes	two-corpora	OpenSubtitles+Tatoeba
капы	3	34	0	OpenSubtitles	risk-accepted:no-grant	0.00	yes	operator-widened	прежнее правило: single-source (OpenSubtitles)
тотын	3	33	1	OpenSubtitles+Tatoeba	clean:CC-BY-2.0-FR	0.00	yes	two-corpora	OpenSubtitles+Tatoeba
алдадың	3	32	1	OpenSubtitles+Tatoeba	clean:CC-BY-2.0-FR	0.00	yes	two-corpora	OpenSubtitles+Tatoeba
кулларыңны	3	32	4	OpenSubtitles+Tatoeba	clean:CC-BY-2.0-FR	0.00	yes	two-corpora	OpenSubtitles+Tatoeba
күрмәдеңме	3	32	1	OpenSubtitles+Tatoeba	clean:CC-BY-2.0-FR	0.00	yes	two-corpora	OpenSubtitles+Tatoeba
үләчәкбез	3	30	3	OpenSubtitles+Tatoeba	clean:CC-BY-2.0-FR	0.00	yes	two-corpora	OpenSubtitles+Tatoeba
үләчәксең	3	28	1	OpenSubtitles+Tatoeba	clean:CC-BY-2.0-FR	0.00	yes	two-corpora	OpenSubtitles+Tatoeba
эшләгәнеңне	3	27	9	OpenSubtitles+Tatoeba	clean:CC-BY-2.0-FR	0.00	yes	two-corpora	OpenSubtitles+Tatoeba
алмыйсыңмы	3	24	9	OpenSubtitles+Tatoeba	clean:CC-BY-2.0-FR	0.00	yes	two-corpora	OpenSubtitles+Tatoeba
андамы	3	23	2	OpenSubtitles+Tatoeba	clean:CC-BY-2.0-FR	0.00	yes	two-corpora	OpenSubtitles+Tatoeba
джунгли	3	23	0	OpenSubtitles	risk-accepted:no-grant	0.00	yes	operator-widened	прежнее правило: single-source (OpenSubtitles)
сүндер	3	23	6	OpenSubtitles+Tatoeba	clean:CC-BY-2.0-FR	0.00	yes	two-corpora	OpenSubtitles+Tatoeba
аңладың	3	22	4	OpenSubtitles+Tatoeba	clean:CC-BY-2.0-FR	0.00	yes	two-corpora	OpenSubtitles+Tatoeba
алдадым	3	21	4	OpenSubtitles+Tatoeba	clean:CC-BY-2.0-FR	0.00	yes	two-corpora	OpenSubtitles+Tatoeba
анджелеска	3	20	0	OpenSubtitles	risk-accepted:no-grant	0.00	yes	operator-widened	прежнее правило: single-source (OpenSubtitles)
ишетәсезме	3	20	3	OpenSubtitles+Tatoeba	clean:CC-BY-2.0-FR	0.00	yes	two-corpora	OpenSubtitles+Tatoeba
коралыңны	3	20	0	OpenSubtitles	risk-accepted:no-grant	0.00	yes	operator-widened	прежнее правило: single-source (OpenSubtitles)
дустыңны	3	19	5	OpenSubtitles+Tatoeba	clean:CC-BY-2.0-FR	0.00	yes	two-corpora	OpenSubtitles+Tatoeba
куркасыңмы	3	19	5	OpenSubtitles+Tatoeba	clean:CC-BY-2.0-FR	0.00	yes	two-corpora	OpenSubtitles+Tatoeba
саубул	3	19	0	OpenSubtitles	risk-accepted:no-grant	0.00	yes	operator-widened	прежнее правило: single-source (OpenSubtitles)
танышмы	3	19	11	OpenSubtitles+Tatoeba	clean:CC-BY-2.0-FR	0.00	yes	two-corpora	OpenSubtitles+Tatoeba
әйтмәдегез	3	19	7	OpenSubtitles+Tatoeba	clean:CC-BY-2.0-FR	0.00	yes	two-corpora	OpenSubtitles+Tatoeba
босс	3	18	2	OpenSubtitles+Tatoeba	clean:CC-BY-2.0-FR	0.00	yes	two-corpora	OpenSubtitles+Tatoeba
әйткәнемне	3	18	7	OpenSubtitles+Tatoeba	clean:CC-BY-2.0-FR	0.06	yes	two-corpora	OpenSubtitles+Tatoeba
кыланма	3	17	5	OpenSubtitles+Tatoeba	clean:CC-BY-2.0-FR	0.00	yes	two-corpora	OpenSubtitles+Tatoeba
сөйләшәме	3	17	13	OpenSubtitles+Tatoeba	clean:CC-BY-2.0-FR	0.00	yes	two-corpora	OpenSubtitles+Tatoeba
уйламадыңмы	3	17	2	OpenSubtitles+Tatoeba	clean:CC-BY-2.0-FR	0.00	yes	two-corpora	OpenSubtitles+Tatoeba
җыенасыңмы	3	17	8	OpenSubtitles+Tatoeba	clean:CC-BY-2.0-FR	0.00	yes	two-corpora	OpenSubtitles+Tatoeba
комачаулама	3	16	1	OpenSubtitles+Tatoeba	clean:CC-BY-2.0-FR	0.00	yes	two-corpora	OpenSubtitles+Tatoeba
әйттеңме	3	16	6	OpenSubtitles+Tatoeba	clean:CC-BY-2.0-FR	0.00	yes	two-corpora	OpenSubtitles+Tatoeba
теләдеңме	3	13	0	OpenSubtitles	risk-accepted:no-grant	0.00	yes	operator-widened	прежнее правило: single-source (OpenSubtitles)
шаяртам	3	13	4	OpenSubtitles+Tatoeba	clean:CC-BY-2.0-FR	0.00	yes	two-corpora	OpenSubtitles+Tatoeba
җыендың	3	13	0	OpenSubtitles	risk-accepted:no-grant	0.00	yes	operator-widened	прежнее правило: single-source (OpenSubtitles)
эчик	3	12	6	OpenSubtitles+Tatoeba	clean:CC-BY-2.0-FR	0.00	yes	two-corpora	OpenSubtitles+Tatoeba
алдама	3	11	2	OpenSubtitles+Tatoeba	clean:CC-BY-2.0-FR	0.00	yes	two-corpora	OpenSubtitles+Tatoeba
анджелес	3	11	0	OpenSubtitles	risk-accepted:no-grant	0.00	yes	operator-widened	прежнее правило: single-source (OpenSubtitles)
сөйләштеңме	3	11	3	OpenSubtitles+Tatoeba	clean:CC-BY-2.0-FR	0.00	yes	two-corpora	OpenSubtitles+Tatoeba
очам	3	10	3	OpenSubtitles+Tatoeba	clean:CC-BY-2.0-FR	0.00	no	two-corpora	OpenSubtitles+Tatoeba
барачаксың	3	9	1	OpenSubtitles+Tatoeba	clean:CC-BY-2.0-FR	0.00	no	two-corpora	OpenSubtitles+Tatoeba
бернишли	3	9	0	OpenSubtitles	risk-accepted:no-grant	0.00	no	operator-widened	прежнее правило: single-source (OpenSubtitles)
коткардыгыз	3	9	0	OpenSubtitles	risk-accepted:no-grant	0.00	no	operator-widened	прежнее правило: single-source (OpenSubtitles)
бирегезче	3	8	3	OpenSubtitles+Tatoeba	clean:CC-BY-2.0-FR	0.00	no	two-corpora	OpenSubtitles+Tatoeba
капыга	3	8	0	OpenSubtitles	risk-accepted:no-grant	0.00	no	operator-widened	прежнее правило: single-source (OpenSubtitles)
дайсон	3	7	0	OpenSubtitles	risk-accepted:no-grant	1.00	no	operator-widened	прежнее правило: proper-noun-evidence (cap_ratio=1.00>=0.50)
мандалорлы	3	7	0	OpenSubtitles	risk-accepted:no-grant	0.25	no	operator-widened	прежнее правило: single-source (OpenSubtitles)
синекеме	3	7	6	OpenSubtitles+Tatoeba	clean:CC-BY-2.0-FR	0.00	no	two-corpora	OpenSubtitles+Tatoeba
утыртыгыз	3	7	2	OpenSubtitles+Tatoeba	clean:CC-BY-2.0-FR	0.00	no	two-corpora	OpenSubtitles+Tatoeba
йот	3	6	1	OpenSubtitles+Tatoeba	clean:CC-BY-2.0-FR	0.00	no	two-corpora	OpenSubtitles+Tatoeba
качабыз	3	6	0	OpenSubtitles	risk-accepted:no-grant	0.00	no	operator-widened	прежнее правило: single-source (OpenSubtitles)
китерермен	3	6	2	OpenSubtitles+Tatoeba	clean:CC-BY-2.0-FR	0.00	no	two-corpora	OpenSubtitles+Tatoeba
очышта	3	6	0	OpenSubtitles	risk-accepted:no-grant	0.00	no	operator-widened	прежнее правило: single-source (OpenSubtitles)
һеймдалл	3	6	0	OpenSubtitles	risk-accepted:no-grant	0.00	no	operator-widened	прежнее правило: single-source (OpenSubtitles)
аңламыйсыңмы	3	5	1	OpenSubtitles+Tatoeba	clean:CC-BY-2.0-FR	0.00	no	two-corpora	OpenSubtitles+Tatoeba
булмаячакмын	3	5	3	OpenSubtitles+Tatoeba	clean:CC-BY-2.0-FR	0.00	no	two-corpora	OpenSubtitles+Tatoeba
бәйләнәсең	3	5	2	OpenSubtitles+Tatoeba	clean:CC-BY-2.0-FR	0.00	no	two-corpora	OpenSubtitles+Tatoeba
кэсс	3	5	0	OpenSubtitles	risk-accepted:no-grant	1.00	no	operator-widened	прежнее правило: proper-noun-evidence (cap_ratio=1.00>=0.50)
параличланган	3	5	0	OpenSubtitles	risk-accepted:no-grant	0.00	no	operator-widened	прежнее правило: single-source (OpenSubtitles)
синекеннән	3	5	4	OpenSubtitles+Tatoeba	clean:CC-BY-2.0-FR	0.00	no	two-corpora	OpenSubtitles+Tatoeba
сөйләгәнеңне	3	5	3	OpenSubtitles+Tatoeba	clean:CC-BY-2.0-FR	0.00	no	two-corpora	OpenSubtitles+Tatoeba
атмагыз	3	4	1	OpenSubtitles+Tatoeba	clean:CC-BY-2.0-FR	0.00	no	two-corpora	OpenSubtitles+Tatoeba
барнсны	3	4	0	OpenSubtitles	risk-accepted:no-grant	1.00	no	operator-widened	прежнее правило: proper-noun-evidence (cap_ratio=1.00>=0.50)
мутант	3	4	0	OpenSubtitles	risk-accepted:no-grant	0.25	no	operator-widened	прежнее правило: single-source (OpenSubtitles)
сәгатем	3	4	3	OpenSubtitles+Tatoeba	clean:CC-BY-2.0-FR	0.00	no	two-corpora	OpenSubtitles+Tatoeba
туйдыңмы	3	4	3	OpenSubtitles+Tatoeba	clean:CC-BY-2.0-FR	0.00	no	two-corpora	OpenSubtitles+Tatoeba
тылсымнары	3	4	0	OpenSubtitles	risk-accepted:no-grant	0.50	no	operator-widened	прежнее правило: proper-noun-evidence (cap_ratio=0.50>=0.50)
кызыксынмыйм	3	3	3	Tatoeba	clean:CC-BY-2.0-FR	0.00	no	operator-widened	прежнее правило: single-source (Tatoeba)
моңарда	3	3	3	Tatoeba	clean:CC-BY-2.0-FR	0.00	no	operator-widened	прежнее правило: single-source (Tatoeba)
трансиверны	3	3	0	OpenSubtitles	risk-accepted:no-grant	0.00	no	operator-widened	прежнее правило: single-source (OpenSubtitles)
аңладыңмы	2	35	4	OpenSubtitles+Tatoeba	clean:CC-BY-2.0-FR	0.00	yes	two-corpora	OpenSubtitles+Tatoeba
әйбәтме	2	33	0	OpenSubtitles	risk-accepted:no-grant	0.00	yes	operator-widened	прежнее правило: single-source (OpenSubtitles)
мәчкәй	2	32	1	OpenSubtitles+Tatoeba	clean:CC-BY-2.0-FR	0.00	yes	two-corpora	OpenSubtitles+Tatoeba
булмыйчак	2	31	0	OpenSubtitles	risk-accepted:no-grant	0.00	yes	operator-widened	прежнее правило: single-source (OpenSubtitles)
таптыңмы	2	31	4	OpenSubtitles+Tatoeba	clean:CC-BY-2.0-FR	0.00	yes	two-corpora	OpenSubtitles+Tatoeba
ох	2	29	1	OpenSubtitles+Tatoeba	clean:CC-BY-2.0-FR	1.00	yes	operator-widened	прежнее правило: proper-noun-evidence (cap_ratio=1.00>=0.50)
сөйләшәсеңме	2	27	17	OpenSubtitles+Tatoeba	clean:CC-BY-2.0-FR	0.00	yes	two-corpora	OpenSubtitles+Tatoeba
татлым	2	27	0	OpenSubtitles	risk-accepted:no-grant	0.05	yes	operator-widened	прежнее правило: single-source (OpenSubtitles)
үлдең	2	27	0	OpenSubtitles	risk-accepted:no-grant	0.00	yes	operator-widened	прежнее правило: single-source (OpenSubtitles)
таптыгызмы	2	25	9	OpenSubtitles+Tatoeba	clean:CC-BY-2.0-FR	0.00	yes	two-corpora	OpenSubtitles+Tatoeba
коткардым	2	24	2	OpenSubtitles+Tatoeba	clean:CC-BY-2.0-FR	0.00	yes	two-corpora	OpenSubtitles+Tatoeba
селкенмә	2	24	0	OpenSubtitles	risk-accepted:no-grant	0.00	yes	operator-widened	прежнее правило: single-source (OpenSubtitles)
сөйләрсең	2	23	4	OpenSubtitles+Tatoeba	clean:CC-BY-2.0-FR	0.00	yes	two-corpora	OpenSubtitles+Tatoeba
тынычланыгыз	2	22	4	OpenSubtitles+Tatoeba	clean:CC-BY-2.0-FR	0.00	yes	two-corpora	OpenSubtitles+Tatoeba
йокладым	2	18	13	OpenSubtitles+Tatoeba	clean:CC-BY-2.0-FR	0.00	yes	two-corpora	OpenSubtitles+Tatoeba
корабтагы	2	18	0	OpenSubtitles	risk-accepted:no-grant	0.00	yes	operator-widened	прежнее правило: single-source (OpenSubtitles)
куштың	2	18	1	OpenSubtitles+Tatoeba	clean:CC-BY-2.0-FR	0.00	yes	two-corpora	OpenSubtitles+Tatoeba
көтәрмен	2	18	8	OpenSubtitles+Tatoeba	clean:CC-BY-2.0-FR	0.00	yes	two-corpora	OpenSubtitles+Tatoeba
ошыйсың	2	18	5	OpenSubtitles+Tatoeba	clean:CC-BY-2.0-FR	0.00	yes	two-corpora	OpenSubtitles+Tatoeba
сөйләшмим	2	18	14	OpenSubtitles+Tatoeba	clean:CC-BY-2.0-FR	0.00	yes	two-corpora	OpenSubtitles+Tatoeba
әнчек	2	18	2	OpenSubtitles+Tatoeba	clean:CC-BY-2.0-FR	0.00	yes	two-corpora	OpenSubtitles+Tatoeba
тарт	2	17	4	OpenSubtitles+Tatoeba	clean:CC-BY-2.0-FR	0.00	yes	two-corpora	OpenSubtitles+Tatoeba
үлдем	2	17	0	OpenSubtitles	risk-accepted:no-grant	0.06	yes	operator-widened	прежнее правило: single-source (OpenSubtitles)
үтерәчәкмен	2	17	0	OpenSubtitles	risk-accepted:no-grant	0.00	yes	operator-widened	прежнее правило: single-source (OpenSubtitles)
мәгарәләргә	2	16	0	OpenSubtitles	risk-accepted:no-grant	0.00	yes	operator-widened	прежнее правило: single-source (OpenSubtitles)
супербатыр	2	16	0	OpenSubtitles	risk-accepted:no-grant	0.08	yes	operator-widened	прежнее правило: single-source (OpenSubtitles)
булганыңны	2	15	4	OpenSubtitles+Tatoeba	clean:CC-BY-2.0-FR	0.00	yes	two-corpora	OpenSubtitles+Tatoeba
маңка	2	15	2	OpenSubtitles+Tatoeba	clean:CC-BY-2.0-FR	0.00	yes	two-corpora	OpenSubtitles+Tatoeba
минме	2	15	2	OpenSubtitles+Tatoeba	clean:CC-BY-2.0-FR	0.00	yes	two-corpora	OpenSubtitles+Tatoeba
җибәрмә	2	15	2	OpenSubtitles+Tatoeba	clean:CC-BY-2.0-FR	0.00	yes	two-corpora	OpenSubtitles+Tatoeba
бозар	2	14	14	Tatoeba	clean:CC-BY-2.0-FR	0.00	yes	operator-widened	прежнее правило: single-source (Tatoeba)
кайгыртам	2	14	2	OpenSubtitles+Tatoeba	clean:CC-BY-2.0-FR	0.00	yes	two-corpora	OpenSubtitles+Tatoeba
калачаксың	2	14	1	OpenSubtitles+Tatoeba	clean:CC-BY-2.0-FR	0.00	yes	two-corpora	OpenSubtitles+Tatoeba
китүеңне	2	14	7	OpenSubtitles+Tatoeba	clean:CC-BY-2.0-FR	0.00	yes	two-corpora	OpenSubtitles+Tatoeba
уйламыйсыңмы	2	14	3	OpenSubtitles+Tatoeba	clean:CC-BY-2.0-FR	0.00	yes	two-corpora	OpenSubtitles+Tatoeba
шикәрсез	2	14	7	OpenSubtitles+Tatoeba	clean:CC-BY-2.0-FR	0.08	yes	two-corpora	OpenSubtitles+Tatoeba
ясадың	2	14	2	OpenSubtitles+Tatoeba	clean:CC-BY-2.0-FR	0.00	yes	two-corpora	OpenSubtitles+Tatoeba
яхшыракмы	2	14	3	OpenSubtitles+Tatoeba	clean:CC-BY-2.0-FR	0.00	yes	two-corpora	OpenSubtitles+Tatoeba
исерекбаш	2	13	3	OpenSubtitles+Tatoeba	clean:CC-BY-2.0-FR	0.00	yes	two-corpora	OpenSubtitles+Tatoeba
сөйләдең	2	13	2	OpenSubtitles+Tatoeba	clean:CC-BY-2.0-FR	0.00	yes	two-corpora	OpenSubtitles+Tatoeba
эшләдеңме	2	13	4	OpenSubtitles+Tatoeba	clean:CC-BY-2.0-FR	0.00	yes	two-corpora	OpenSubtitles+Tatoeba
клерның	2	12	0	OpenSubtitles	risk-accepted:no-grant	1.00	yes	operator-widened	прежнее правило: proper-noun-evidence (cap_ratio=1.00>=0.50)
күргәнемне	2	12	5	OpenSubtitles+Tatoeba	clean:CC-BY-2.0-FR	0.00	yes	two-corpora	OpenSubtitles+Tatoeba
сагыначакмын	2	12	0	OpenSubtitles	risk-accepted:no-grant	0.00	yes	operator-widened	прежнее правило: single-source (OpenSubtitles)
сөйләмәдең	2	12	2	OpenSubtitles+Tatoeba	clean:CC-BY-2.0-FR	0.00	yes	two-corpora	OpenSubtitles+Tatoeba
әйтәчәксең	2	12	0	OpenSubtitles	risk-accepted:no-grant	0.00	yes	operator-widened	прежнее правило: single-source (OpenSubtitles)
белмәдең	2	11	3	OpenSubtitles+Tatoeba	clean:CC-BY-2.0-FR	0.00	yes	two-corpora	OpenSubtitles+Tatoeba
булганымны	2	11	3	OpenSubtitles+Tatoeba	clean:CC-BY-2.0-FR	0.00	yes	two-corpora	OpenSubtitles+Tatoeba
гаепләмә	2	11	4	OpenSubtitles+Tatoeba	clean:CC-BY-2.0-FR	0.00	yes	two-corpora	OpenSubtitles+Tatoeba
гоблин	2	11	0	OpenSubtitles	risk-accepted:no-grant	0.71	yes	operator-widened	прежнее правило: proper-noun-evidence (cap_ratio=0.71>=0.50)
карадыңмы	2	11	5	OpenSubtitles+Tatoeba	clean:CC-BY-2.0-FR	0.00	yes	two-corpora	OpenSubtitles+Tatoeba
кыс	2	11	1	OpenSubtitles+Tatoeba	clean:CC-BY-2.0-FR	0.00	yes	two-corpora	OpenSubtitles+Tatoeba
сүндерегез	2	11	4	OpenSubtitles+Tatoeba	clean:CC-BY-2.0-FR	0.00	yes	two-corpora	OpenSubtitles+Tatoeba
тырыштың	2	11	1	OpenSubtitles+Tatoeba	clean:CC-BY-2.0-FR	0.00	yes	two-corpora	OpenSubtitles+Tatoeba
югалыгыз	2	11	0	OpenSubtitles	risk-accepted:no-grant	0.00	yes	operator-widened	прежнее правило: single-source (OpenSubtitles)
үтермәдем	2	11	0	OpenSubtitles	risk-accepted:no-grant	0.00	yes	operator-widened	прежнее правило: single-source (OpenSubtitles)
ачмы	2	10	2	OpenSubtitles+Tatoeba	clean:CC-BY-2.0-FR	0.00	yes	two-corpora	OpenSubtitles+Tatoeba
ашарбыз	2	10	6	OpenSubtitles+Tatoeba	clean:CC-BY-2.0-FR	0.00	yes	two-corpora	OpenSubtitles+Tatoeba
итәчәксең	2	10	0	OpenSubtitles	risk-accepted:no-grant	0.00	no	operator-widened	прежнее правило: single-source (OpenSubtitles)
кабатлагыз	2	10	5	OpenSubtitles+Tatoeba	clean:CC-BY-2.0-FR	0.00	no	two-corpora	OpenSubtitles+Tatoeba
кикрикүк	2	10	1	OpenSubtitles+Tatoeba	clean:CC-BY-2.0-FR	0.50	no	operator-widened	прежнее правило: proper-noun-evidence (cap_ratio=0.50>=0.50)
синди	2	10	0	OpenSubtitles	risk-accepted:no-grant	1.00	no	operator-widened	прежнее правило: proper-noun-evidence (cap_ratio=1.00>=0.50)
суккыры	2	10	1	OpenSubtitles+Tatoeba	clean:CC-BY-2.0-FR	0.00	no	two-corpora	OpenSubtitles+Tatoeba
ялгызмы	2	10	2	OpenSubtitles+Tatoeba	clean:CC-BY-2.0-FR	0.00	no	two-corpora	OpenSubtitles+Tatoeba
алачаксыңмы	2	9	0	OpenSubtitles	risk-accepted:no-grant	0.00	no	operator-widened	прежнее правило: single-source (OpenSubtitles)
асрама	2	9	0	OpenSubtitles	risk-accepted:no-grant	0.00	no	operator-widened	прежнее правило: single-source (OpenSubtitles)
аңлыйсыңдыр	2	9	0	OpenSubtitles	risk-accepted:no-grant	0.00	no	operator-widened	прежнее правило: single-source (OpenSubtitles)
аңыңны	2	9	2	OpenSubtitles+Tatoeba	clean:CC-BY-2.0-FR	0.00	no	two-corpora	OpenSubtitles+Tatoeba
белгәнче	2	9	0	OpenSubtitles	risk-accepted:no-grant	0.00	no	operator-widened	прежнее правило: single-source (OpenSubtitles)
ишеткәнең	2	9	3	OpenSubtitles+Tatoeba	clean:CC-BY-2.0-FR	0.00	no	two-corpora	OpenSubtitles+Tatoeba
киләсеңме	2	9	3	OpenSubtitles+Tatoeba	clean:CC-BY-2.0-FR	0.00	no	two-corpora	OpenSubtitles+Tatoeba
куркыттың	2	9	1	OpenSubtitles+Tatoeba	clean:CC-BY-2.0-FR	0.00	no	two-corpora	OpenSubtitles+Tatoeba
күренмәү	2	9	0	OpenSubtitles	risk-accepted:no-grant	0.12	no	operator-widened	прежнее правило: single-source (OpenSubtitles)
көтәсеңме	2	9	3	OpenSubtitles+Tatoeba	clean:CC-BY-2.0-FR	0.00	no	two-corpora	OpenSubtitles+Tatoeba
төзәт	2	9	7	OpenSubtitles+Tatoeba	clean:CC-BY-2.0-FR	0.00	no	two-corpora	OpenSubtitles+Tatoeba
югалдың	2	9	0	OpenSubtitles	risk-accepted:no-grant	0.00	no	operator-widened	прежнее правило: single-source (OpenSubtitles)
яшисезме	2	9	6	OpenSubtitles+Tatoeba	clean:CC-BY-2.0-FR	0.00	no	two-corpora	OpenSubtitles+Tatoeba
җитешмәдем	2	9	0	OpenSubtitles	risk-accepted:no-grant	0.00	no	operator-widened	прежнее правило: single-source (OpenSubtitles)
башлама	2	8	4	OpenSubtitles+Tatoeba	clean:CC-BY-2.0-FR	0.00	no	two-corpora	OpenSubtitles+Tatoeba
булышыргамы	2	8	1	OpenSubtitles+Tatoeba	clean:CC-BY-2.0-FR	0.00	no	two-corpora	OpenSubtitles+Tatoeba
ишетмәдеңме	2	8	0	OpenSubtitles	risk-accepted:no-grant	0.00	no	operator-widened	прежнее правило: single-source (OpenSubtitles)
йөгерегез	2	8	2	OpenSubtitles+Tatoeba	clean:CC-BY-2.0-FR	0.00	no	two-corpora	OpenSubtitles+Tatoeba
нәмәзмәт	2	8	0	OpenSubtitles	risk-accepted:no-grant	0.00	no	operator-widened	прежнее правило: single-source (OpenSubtitles)
тешләреңне	2	8	2	OpenSubtitles+Tatoeba	clean:CC-BY-2.0-FR	0.00	no	two-corpora	OpenSubtitles+Tatoeba
ух	2	8	2	OpenSubtitles+Tatoeba	clean:CC-BY-2.0-FR	0.00	no	two-corpora	OpenSubtitles+Tatoeba
ялганлаган	2	8	8	Tatoeba	clean:CC-BY-2.0-FR	0.00	no	operator-widened	прежнее правило: single-source (Tatoeba)
янчыгымны	2	8	8	Tatoeba	clean:CC-BY-2.0-FR	0.00	no	operator-widened	прежнее правило: single-source (Tatoeba)
җыел	2	8	0	OpenSubtitles	risk-accepted:no-grant	0.00	no	operator-widened	прежнее правило: single-source (OpenSubtitles)
әйтмәссезме	2	8	4	OpenSubtitles+Tatoeba	clean:CC-BY-2.0-FR	0.00	no	two-corpora	OpenSubtitles+Tatoeba
алганыңны	2	7	2	OpenSubtitles+Tatoeba	clean:CC-BY-2.0-FR	0.00	no	two-corpora	OpenSubtitles+Tatoeba
алыйммы	2	7	2	OpenSubtitles+Tatoeba	clean:CC-BY-2.0-FR	0.00	no	two-corpora	OpenSubtitles+Tatoeba
атасың	2	7	0	OpenSubtitles	risk-accepted:no-grant	0.00	no	operator-widened	прежнее правило: single-source (OpenSubtitles)
атаңның	2	7	0	OpenSubtitles	risk-accepted:no-grant	0.00	no	operator-widened	прежнее правило: single-source (OpenSubtitles)
ашадың	2	7	3	OpenSubtitles+Tatoeba	clean:CC-BY-2.0-FR	0.00	no	two-corpora	OpenSubtitles+Tatoeba
ашармын	2	7	3	OpenSubtitles+Tatoeba	clean:CC-BY-2.0-FR	0.00	no	two-corpora	OpenSubtitles+Tatoeba
барганымны	2	7	4	OpenSubtitles+Tatoeba	clean:CC-BY-2.0-FR	0.00	no	two-corpora	OpenSubtitles+Tatoeba
белүегезне	2	7	3	OpenSubtitles+Tatoeba	clean:CC-BY-2.0-FR	0.00	no	two-corpora	OpenSubtitles+Tatoeba
гриффиндор	2	7	0	OpenSubtitles	risk-accepted:no-grant	1.00	no	operator-widened	прежнее правило: proper-noun-evidence (cap_ratio=1.00>=0.50)
киегез	2	7	3	OpenSubtitles+Tatoeba	clean:CC-BY-2.0-FR	0.00	no	two-corpora	OpenSubtitles+Tatoeba
киткәнсең	2	7	3	OpenSubtitles+Tatoeba	clean:CC-BY-2.0-FR	0.00	no	two-corpora	OpenSubtitles+Tatoeba
коп	2	7	0	OpenSubtitles	risk-accepted:no-grant	0.00	no	operator-widened	прежнее правило: single-source (OpenSubtitles)
күрмисеңме	2	7	2	OpenSubtitles+Tatoeba	clean:CC-BY-2.0-FR	0.00	no	two-corpora	OpenSubtitles+Tatoeba
күтенә	2	7	0	OpenSubtitles	risk-accepted:no-grant	0.00	no	operator-widened	прежнее правило: single-source (OpenSubtitles)
кәһәрләнгән	2	7	0	OpenSubtitles	risk-accepted:no-grant	0.00	no	operator-widened	прежнее правило: single-source (OpenSubtitles)
пышылдау	2	7	1	OpenSubtitles+Tatoeba	clean:CC-BY-2.0-FR	0.00	no	two-corpora	OpenSubtitles+Tatoeba
сагынырмын	2	7	5	OpenSubtitles+Tatoeba	clean:CC-BY-2.0-FR	0.00	no	two-corpora	OpenSubtitles+Tatoeba
тылсымны	2	7	0	OpenSubtitles	risk-accepted:no-grant	0.00	no	operator-widened	прежнее правило: single-source (OpenSubtitles)
төзәттем	2	7	2	OpenSubtitles+Tatoeba	clean:CC-BY-2.0-FR	0.00	no	two-corpora	OpenSubtitles+Tatoeba
ябам	2	7	2	OpenSubtitles+Tatoeba	clean:CC-BY-2.0-FR	0.00	no	two-corpora	OpenSubtitles+Tatoeba
янтык	2	7	0	OpenSubtitles	risk-accepted:no-grant	0.00	no	operator-widened	прежнее правило: single-source (OpenSubtitles)
үтермәдең	2	7	0	OpenSubtitles	risk-accepted:no-grant	0.00	no	operator-widened	прежнее правило: single-source (OpenSubtitles)
анаңа	2	6	0	OpenSubtitles	risk-accepted:no-grant	0.00	no	operator-widened	прежнее правило: single-source (OpenSubtitles)
арцт	2	6	0	OpenSubtitles	risk-accepted:no-grant	1.00	no	operator-widened	прежнее правило: proper-noun-evidence (cap_ratio=1.00>=0.50)
булышсаң	2	6	0	OpenSubtitles	risk-accepted:no-grant	0.17	no	operator-widened	прежнее правило: single-source (OpenSubtitles)
йокладыңмы	2	6	5	OpenSubtitles+Tatoeba	clean:CC-BY-2.0-FR	0.00	no	two-corpora	OpenSubtitles+Tatoeba
йөрисезме	2	6	3	OpenSubtitles+Tatoeba	clean:CC-BY-2.0-FR	0.00	no	two-corpora	OpenSubtitles+Tatoeba
күптәнме	2	6	2	OpenSubtitles+Tatoeba	clean:CC-BY-2.0-FR	0.00	no	two-corpora	OpenSubtitles+Tatoeba
күргәнеңне	2	6	3	OpenSubtitles+Tatoeba	clean:CC-BY-2.0-FR	0.00	no	two-corpora	OpenSubtitles+Tatoeba
күтеңне	2	6	0	OpenSubtitles	risk-accepted:no-grant	0.00	no	operator-widened	прежнее правило: single-source (OpenSubtitles)
сүндердем	2	6	4	OpenSubtitles+Tatoeba	clean:CC-BY-2.0-FR	0.00	no	two-corpora	OpenSubtitles+Tatoeba
тыгылма	2	6	3	OpenSubtitles+Tatoeba	clean:CC-BY-2.0-FR	0.00	no	two-corpora	OpenSubtitles+Tatoeba
тылсымчылар	2	6	0	OpenSubtitles	risk-accepted:no-grant	0.00	no	operator-widened	прежнее правило: single-source (OpenSubtitles)
тәкъдимең	2	6	1	OpenSubtitles+Tatoeba	clean:CC-BY-2.0-FR	0.00	no	two-corpora	OpenSubtitles+Tatoeba
хәтерләр	2	6	0	OpenSubtitles	risk-accepted:no-grant	0.00	no	operator-widened	прежнее правило: single-source (OpenSubtitles)
эчәсез	2	6	3	OpenSubtitles+Tatoeba	clean:CC-BY-2.0-FR	0.00	no	two-corpora	OpenSubtitles+Tatoeba
эшләмисең	2	6	0	OpenSubtitles	risk-accepted:no-grant	0.00	no	operator-widened	прежнее правило: single-source (OpenSubtitles)
ярдәмеңнән	2	6	6	Tatoeba	clean:CC-BY-2.0-FR	0.00	no	operator-widened	прежнее правило: single-source (Tatoeba)
үкенерсең	2	6	6	Tatoeba	clean:CC-BY-2.0-FR	0.00	no	operator-widened	прежнее правило: single-source (Tatoeba)
үтермә	2	6	0	OpenSubtitles	risk-accepted:no-grant	0.00	no	operator-widened	прежнее правило: single-source (OpenSubtitles)
үтермәс	2	6	1	OpenSubtitles+Tatoeba	clean:CC-BY-2.0-FR	0.00	no	two-corpora	OpenSubtitles+Tatoeba
үтерәчәксең	2	6	0	OpenSubtitles	risk-accepted:no-grant	0.00	no	operator-widened	прежнее правило: single-source (OpenSubtitles)
алдыйм	2	5	2	OpenSubtitles+Tatoeba	clean:CC-BY-2.0-FR	0.00	no	two-corpora	OpenSubtitles+Tatoeba
алмасмын	2	5	1	OpenSubtitles+Tatoeba	clean:CC-BY-2.0-FR	0.00	no	two-corpora	OpenSubtitles+Tatoeba
барганыңны	2	5	2	OpenSubtitles+Tatoeba	clean:CC-BY-2.0-FR	0.00	no	two-corpora	OpenSubtitles+Tatoeba
берегезгә	2	5	0	OpenSubtitles	risk-accepted:no-grant	0.00	no	operator-widened	прежнее правило: single-source (OpenSubtitles)
берсесе	2	5	0	OpenSubtitles	risk-accepted:no-grant	0.00	no	operator-widened	прежнее правило: single-source (OpenSubtitles)
боралакны	2	5	1	OpenSubtitles+Tatoeba	clean:CC-BY-2.0-FR	0.00	no	two-corpora	OpenSubtitles+Tatoeba
булмадыгыз	2	5	1	OpenSubtitles+Tatoeba	clean:CC-BY-2.0-FR	0.00	no	two-corpora	OpenSubtitles+Tatoeba
бәйләнмәгез	2	5	3	OpenSubtitles+Tatoeba	clean:CC-BY-2.0-FR	0.00	no	two-corpora	OpenSubtitles+Tatoeba
велосипедымны	2	5	5	Tatoeba	clean:CC-BY-2.0-FR	0.00	no	operator-widened	прежнее правило: single-source (Tatoeba)
йоханссен	2	5	0	OpenSubtitles	risk-accepted:no-grant	1.00	no	operator-widened	прежнее правило: proper-noun-evidence (cap_ratio=1.00>=0.50)
кайтасыңмы	2	5	2	OpenSubtitles+Tatoeba	clean:CC-BY-2.0-FR	0.00	no	two-corpora	OpenSubtitles+Tatoeba
качтык	2	5	0	OpenSubtitles	risk-accepted:no-grant	0.00	no	operator-widened	прежнее правило: single-source (OpenSubtitles)
краглин	2	5	0	OpenSubtitles	risk-accepted:no-grant	1.00	no	operator-widened	прежнее правило: proper-noun-evidence (cap_ratio=1.00>=0.50)
куйдыңмы	2	5	1	OpenSubtitles+Tatoeba	clean:CC-BY-2.0-FR	0.00	no	two-corpora	OpenSubtitles+Tatoeba
күзлим	2	5	0	OpenSubtitles	risk-accepted:no-grant	0.00	no	operator-widened	прежнее правило: single-source (OpenSubtitles)
күчерегез	2	5	0	OpenSubtitles	risk-accepted:no-grant	0.00	no	operator-widened	прежнее правило: single-source (OpenSubtitles)
көчәнә	2	5	0	OpenSubtitles	risk-accepted:no-grant	0.00	no	operator-widened	прежнее правило: single-source (OpenSubtitles)
мирдин	2	5	0	OpenSubtitles	risk-accepted:no-grant	1.00	no	operator-widened	прежнее правило: proper-noun-evidence (cap_ratio=1.00>=0.50)
нәмәзмәтләр	2	5	0	OpenSubtitles	risk-accepted:no-grant	0.00	no	operator-widened	прежнее правило: single-source (OpenSubtitles)
оргокорп	2	5	0	OpenSubtitles	risk-accepted:no-grant	0.00	no	operator-widened	прежнее правило: single-source (OpenSubtitles)
робо	2	5	0	OpenSubtitles	risk-accepted:no-grant	0.00	no	operator-widened	прежнее правило: single-source (OpenSubtitles)
саранның	2	5	5	Tatoeba	clean:CC-BY-2.0-FR	0.00	no	operator-widened	прежнее правило: single-source (Tatoeba)
синекен	2	5	1	OpenSubtitles+Tatoeba	clean:CC-BY-2.0-FR	0.00	no	two-corpora	OpenSubtitles+Tatoeba
торетто	2	5	0	OpenSubtitles	risk-accepted:no-grant	1.00	no	operator-widened	прежнее правило: proper-noun-evidence (cap_ratio=1.00>=0.50)
төрт	2	5	1	OpenSubtitles+Tatoeba	clean:CC-BY-2.0-FR	0.00	no	two-corpora	OpenSubtitles+Tatoeba
укыдыңмы	2	5	2	OpenSubtitles+Tatoeba	clean:CC-BY-2.0-FR	0.00	no	two-corpora	OpenSubtitles+Tatoeba
югалтма	2	5	1	OpenSubtitles+Tatoeba	clean:CC-BY-2.0-FR	0.00	no	two-corpora	OpenSubtitles+Tatoeba
җибәрмим	2	5	1	OpenSubtitles+Tatoeba	clean:CC-BY-2.0-FR	0.00	no	two-corpora	OpenSubtitles+Tatoeba
җиңәчәкмен	2	5	0	OpenSubtitles	risk-accepted:no-grant	0.00	no	operator-widened	прежнее правило: single-source (OpenSubtitles)
үбү	2	5	1	OpenSubtitles+Tatoeba	clean:CC-BY-2.0-FR	0.00	no	two-corpora	OpenSubtitles+Tatoeba
әйтәсегез	2	5	0	OpenSubtitles	risk-accepted:no-grant	0.00	no	operator-widened	прежнее правило: single-source (OpenSubtitles)
өйрәнмәдем	2	5	1	OpenSubtitles+Tatoeba	clean:CC-BY-2.0-FR	0.00	no	two-corpora	OpenSubtitles+Tatoeba
адаштык	2	4	2	OpenSubtitles+Tatoeba	clean:CC-BY-2.0-FR	0.00	no	two-corpora	OpenSubtitles+Tatoeba
аңламадыгыз	2	4	0	OpenSubtitles	risk-accepted:no-grant	0.00	no	operator-widened	прежнее правило: single-source (OpenSubtitles)
йоклармын	2	4	3	OpenSubtitles+Tatoeba	clean:CC-BY-2.0-FR	0.00	no	two-corpora	OpenSubtitles+Tatoeba
каршымы	2	4	2	OpenSubtitles+Tatoeba	clean:CC-BY-2.0-FR	0.00	no	two-corpora	OpenSubtitles+Tatoeba
квинджетка	2	4	0	OpenSubtitles	risk-accepted:no-grant	0.00	no	operator-widened	прежнее правило: single-source (OpenSubtitles)
кискеч	2	4	0	OpenSubtitles	risk-accepted:no-grant	0.00	no	operator-widened	прежнее правило: single-source (OpenSubtitles)
киштәдән	2	4	4	Tatoeba	clean:CC-BY-2.0-FR	0.00	no	operator-widened	прежнее правило: single-source (Tatoeba)
койрыкта	2	4	2	OpenSubtitles+Tatoeba	clean:CC-BY-2.0-FR	0.00	no	two-corpora	OpenSubtitles+Tatoeba
криптон	2	4	0	OpenSubtitles	risk-accepted:no-grant	0.00	no	operator-widened	прежнее правило: single-source (OpenSubtitles)
күзәттеңме	2	4	0	OpenSubtitles	risk-accepted:no-grant	0.00	no	operator-widened	прежнее правило: single-source (OpenSubtitles)
күрмәячәкмен	2	4	2	OpenSubtitles+Tatoeba	clean:CC-BY-2.0-FR	0.00	no	two-corpora	OpenSubtitles+Tatoeba
күте	2	4	0	OpenSubtitles	risk-accepted:no-grant	0.00	no	operator-widened	прежнее правило: single-source (OpenSubtitles)
мурзасы	2	4	0	OpenSubtitles	risk-accepted:no-grant	0.00	no	operator-widened	прежнее правило: single-source (OpenSubtitles)
патшалыгың	2	4	2	OpenSubtitles+Tatoeba	clean:CC-BY-2.0-FR	0.00	no	two-corpora	OpenSubtitles+Tatoeba
пепси	2	4	0	OpenSubtitles	risk-accepted:no-grant	0.50	no	operator-widened	прежнее правило: proper-noun-evidence (cap_ratio=0.50>=0.50)
песием	2	4	4	Tatoeba	clean:CC-BY-2.0-FR	0.00	no	operator-widened	прежнее правило: single-source (Tatoeba)
сандвич	2	4	0	OpenSubtitles	risk-accepted:no-grant	0.00	no	operator-widened	прежнее правило: single-source (OpenSubtitles)
свитерны	2	4	3	OpenSubtitles+Tatoeba	clean:CC-BY-2.0-FR	0.00	no	two-corpora	OpenSubtitles+Tatoeba
суламый	2	4	0	OpenSubtitles	risk-accepted:no-grant	0.00	no	operator-widened	прежнее правило: single-source (OpenSubtitles)
сындырам	2	4	0	OpenSubtitles	risk-accepted:no-grant	0.00	no	operator-widened	прежнее правило: single-source (OpenSubtitles)
телефоныгызны	2	4	3	OpenSubtitles+Tatoeba	clean:CC-BY-2.0-FR	0.00	no	two-corpora	OpenSubtitles+Tatoeba
тыңлыйсыңмы	2	4	0	OpenSubtitles	risk-accepted:no-grant	0.00	no	operator-widened	прежнее правило: single-source (OpenSubtitles)
төшәрсең	2	4	2	OpenSubtitles+Tatoeba	clean:CC-BY-2.0-FR	0.00	no	two-corpora	OpenSubtitles+Tatoeba
уйлыйсыңдыр	2	4	0	OpenSubtitles	risk-accepted:no-grant	0.00	no	operator-widened	прежнее правило: single-source (OpenSubtitles)
чыгарырмын	2	4	0	OpenSubtitles	risk-accepted:no-grant	0.00	no	operator-widened	прежнее правило: single-source (OpenSubtitles)
шакыды	2	4	3	OpenSubtitles+Tatoeba	clean:CC-BY-2.0-FR	0.00	no	two-corpora	OpenSubtitles+Tatoeba
шартлаттым	2	4	0	OpenSubtitles	risk-accepted:no-grant	0.00	no	operator-widened	прежнее правило: single-source (OpenSubtitles)
эспрессо	2	4	1	OpenSubtitles+Tatoeba	clean:CC-BY-2.0-FR	0.00	no	two-corpora	OpenSubtitles+Tatoeba
ялгышканын	2	4	4	Tatoeba	clean:CC-BY-2.0-FR	0.00	no	operator-widened	прежнее правило: single-source (Tatoeba)
үләчәгемне	2	4	1	OpenSubtitles+Tatoeba	clean:CC-BY-2.0-FR	0.00	no	two-corpora	OpenSubtitles+Tatoeba
әйлән	2	4	3	OpenSubtitles+Tatoeba	clean:CC-BY-2.0-FR	0.00	no	two-corpora	OpenSubtitles+Tatoeba
әйтче	2	4	3	OpenSubtitles+Tatoeba	clean:CC-BY-2.0-FR	0.00	no	two-corpora	OpenSubtitles+Tatoeba
өметләнмә	2	4	3	OpenSubtitles+Tatoeba	clean:CC-BY-2.0-FR	0.00	no	two-corpora	OpenSubtitles+Tatoeba
алдаудан	2	3	0	OpenSubtitles	risk-accepted:no-grant	0.00	no	operator-widened	прежнее правило: single-source (OpenSubtitles)
алдыйсыңмы	2	3	0	OpenSubtitles	risk-accepted:no-grant	0.00	no	operator-widened	прежнее правило: single-source (OpenSubtitles)
алмыйчаксыз	2	3	0	OpenSubtitles	risk-accepted:no-grant	0.00	no	operator-widened	прежнее правило: single-source (OpenSubtitles)
алыштырыгыз	2	3	0	OpenSubtitles	risk-accepted:no-grant	0.00	no	operator-widened	прежнее правило: single-source (OpenSubtitles)
аңлашылдымы	2	3	1	OpenSubtitles+Tatoeba	clean:CC-BY-2.0-FR	0.00	no	two-corpora	OpenSubtitles+Tatoeba
бармагым	2	3	1	OpenSubtitles+Tatoeba	clean:CC-BY-2.0-FR	0.00	no	two-corpora	OpenSubtitles+Tatoeba
булыштыгыз	2	3	0	OpenSubtitles	risk-accepted:no-grant	0.00	no	operator-widened	прежнее правило: single-source (OpenSubtitles)
геттода	2	3	1	OpenSubtitles+Tatoeba	clean:CC-BY-2.0-FR	0.00	no	two-corpora	OpenSubtitles+Tatoeba
джейкобның	2	3	0	OpenSubtitles	risk-accepted:no-grant	1.00	no	operator-widened	прежнее правило: proper-noun-evidence (cap_ratio=1.00>=0.50)
дженифер	2	3	0	OpenSubtitles	risk-accepted:no-grant	1.00	no	operator-widened	прежнее правило: proper-noun-evidence (cap_ratio=1.00>=0.50)
дусны	2	3	1	OpenSubtitles+Tatoeba	clean:CC-BY-2.0-FR	0.00	no	two-corpora	OpenSubtitles+Tatoeba
зэпп	2	3	0	OpenSubtitles	risk-accepted:no-grant	0.00	no	operator-widened	прежнее правило: single-source (OpenSubtitles)
ихтыярың	2	3	1	OpenSubtitles+Tatoeba	clean:CC-BY-2.0-FR	0.00	no	two-corpora	OpenSubtitles+Tatoeba
калтырану	2	3	1	OpenSubtitles+Tatoeba	clean:CC-BY-2.0-FR	0.00	no	two-corpora	OpenSubtitles+Tatoeba
кисегез	2	3	1	OpenSubtitles+Tatoeba	clean:CC-BY-2.0-FR	0.00	no	two-corpora	OpenSubtitles+Tatoeba
кияүдәме	2	3	1	OpenSubtitles+Tatoeba	clean:CC-BY-2.0-FR	0.00	no	two-corpora	OpenSubtitles+Tatoeba
койрыгыннан	2	3	3	Tatoeba	clean:CC-BY-2.0-FR	0.00	no	operator-widened	прежнее правило: single-source (Tatoeba)
коралың	2	3	0	OpenSubtitles	risk-accepted:no-grant	0.00	no	operator-widened	прежнее правило: single-source (OpenSubtitles)
коткарачакбыз	2	3	0	OpenSubtitles	risk-accepted:no-grant	0.00	no	operator-widened	прежнее правило: single-source (OpenSubtitles)
котылмас	2	3	2	OpenSubtitles+Tatoeba	clean:CC-BY-2.0-FR	0.00	no	two-corpora	OpenSubtitles+Tatoeba
куясыңмы	2	3	0	OpenSubtitles	risk-accepted:no-grant	0.00	no	operator-widened	прежнее правило: single-source (OpenSubtitles)
кычкыр	2	3	1	OpenSubtitles+Tatoeba	clean:CC-BY-2.0-FR	0.00	no	two-corpora	OpenSubtitles+Tatoeba
кычкырганны	2	3	1	OpenSubtitles+Tatoeba	clean:CC-BY-2.0-FR	0.00	no	two-corpora	OpenSubtitles+Tatoeba
охшаганын	2	3	2	OpenSubtitles+Tatoeba	clean:CC-BY-2.0-FR	0.00	no	two-corpora	OpenSubtitles+Tatoeba
пикассо	2	3	3	Tatoeba	clean:CC-BY-2.0-FR	1.00	no	operator-widened	прежнее правило: proper-noun-evidence (cap_ratio=1.00>=0.50)
рамлоу	2	3	0	OpenSubtitles	risk-accepted:no-grant	0.00	no	operator-widened	прежнее правило: single-source (OpenSubtitles)
сандерс	2	3	0	OpenSubtitles	risk-accepted:no-grant	0.00	no	operator-widened	прежнее правило: single-source (OpenSubtitles)
сындырасың	2	3	0	OpenSubtitles	risk-accepted:no-grant	0.00	no	operator-widened	прежнее правило: single-source (OpenSubtitles)
табигатең	2	3	3	Tatoeba	clean:CC-BY-2.0-FR	0.00	no	operator-widened	прежнее правило: single-source (Tatoeba)
таныштырыгыз	2	3	1	OpenSubtitles+Tatoeba	clean:CC-BY-2.0-FR	0.00	no	two-corpora	OpenSubtitles+Tatoeba
тарлавыгы	2	3	0	OpenSubtitles	risk-accepted:no-grant	0.67	no	operator-widened	прежнее правило: proper-noun-evidence (cap_ratio=0.67>=0.50)
туктадың	2	3	1	OpenSubtitles+Tatoeba	clean:CC-BY-2.0-FR	0.00	no	two-corpora	OpenSubtitles+Tatoeba
төзәттеләр	2	3	1	OpenSubtitles+Tatoeba	clean:CC-BY-2.0-FR	0.00	no	two-corpora	OpenSubtitles+Tatoeba
төкер	2	3	2	OpenSubtitles+Tatoeba	clean:CC-BY-2.0-FR	0.00	no	two-corpora	OpenSubtitles+Tatoeba
уйнама	2	3	3	Tatoeba	clean:CC-BY-2.0-FR	0.00	no	operator-widened	прежнее правило: single-source (Tatoeba)
упс	2	3	0	OpenSubtitles	risk-accepted:no-grant	0.00	no	operator-widened	прежнее правило: single-source (OpenSubtitles)
уятыгыз	2	3	3	Tatoeba	clean:CC-BY-2.0-FR	0.00	no	operator-widened	прежнее правило: single-source (Tatoeba)
ышандыңмы	2	3	0	OpenSubtitles	risk-accepted:no-grant	0.00	no	operator-widened	прежнее правило: single-source (OpenSubtitles)
җитештем	2	3	0	OpenSubtitles	risk-accepted:no-grant	0.00	no	operator-widened	прежнее правило: single-source (OpenSubtitles)
җиттең	2	3	2	OpenSubtitles+Tatoeba	clean:CC-BY-2.0-FR	0.00	no	two-corpora	OpenSubtitles+Tatoeba
үтерәсез	2	3	0	OpenSubtitles	risk-accepted:no-grant	0.00	no	operator-widened	прежнее правило: single-source (OpenSubtitles)
өйрәнерсең	2	3	1	OpenSubtitles+Tatoeba	clean:CC-BY-2.0-FR	0.00	no	two-corpora	OpenSubtitles+Tatoeba
анджелеста	1	26	0	OpenSubtitles	risk-accepted:no-grant	0.00	yes	operator-widened	прежнее правило: single-source (OpenSubtitles)
сорадың	1	25	4	OpenSubtitles+Tatoeba	clean:CC-BY-2.0-FR	0.00	yes	two-corpora	OpenSubtitles+Tatoeba
вау	1	24	6	OpenSubtitles+Tatoeba	clean:CC-BY-2.0-FR	0.00	yes	two-corpora	OpenSubtitles+Tatoeba
югалттың	1	24	1	OpenSubtitles+Tatoeba	clean:CC-BY-2.0-FR	0.00	yes	two-corpora	OpenSubtitles+Tatoeba
булышмас	1	23	2	OpenSubtitles+Tatoeba	clean:CC-BY-2.0-FR	0.00	yes	two-corpora	OpenSubtitles+Tatoeba
коткардың	1	23	1	OpenSubtitles+Tatoeba	clean:CC-BY-2.0-FR	0.00	yes	two-corpora	OpenSubtitles+Tatoeba
сөйләшәсезме	1	22	19	OpenSubtitles+Tatoeba	clean:CC-BY-2.0-FR	0.00	yes	two-corpora	OpenSubtitles+Tatoeba
чыкмыйчак	1	22	0	OpenSubtitles	risk-accepted:no-grant	0.00	yes	operator-widened	прежнее правило: single-source (OpenSubtitles)
яратасызмы	1	21	18	OpenSubtitles+Tatoeba	clean:CC-BY-2.0-FR	0.00	yes	two-corpora	OpenSubtitles+Tatoeba
кабатла	1	20	5	OpenSubtitles+Tatoeba	clean:CC-BY-2.0-FR	0.00	yes	two-corpora	OpenSubtitles+Tatoeba
китердең	1	20	3	OpenSubtitles+Tatoeba	clean:CC-BY-2.0-FR	0.00	yes	two-corpora	OpenSubtitles+Tatoeba
нишләдегез	1	20	4	OpenSubtitles+Tatoeba	clean:CC-BY-2.0-FR	0.00	yes	two-corpora	OpenSubtitles+Tatoeba
сораганны	1	19	12	OpenSubtitles+Tatoeba	clean:CC-BY-2.0-FR	0.00	yes	two-corpora	OpenSubtitles+Tatoeba
урладым	1	19	5	OpenSubtitles+Tatoeba	clean:CC-BY-2.0-FR	0.00	yes	two-corpora	OpenSubtitles+Tatoeba
фу	1	19	0	OpenSubtitles	risk-accepted:no-grant	0.33	yes	operator-widened	прежнее правило: single-source (OpenSubtitles)
әх	1	19	0	OpenSubtitles	risk-accepted:no-grant	0.00	yes	operator-widened	прежнее правило: single-source (OpenSubtitles)
бункерда	1	18	0	OpenSubtitles	risk-accepted:no-grant	0.00	yes	operator-widened	прежнее правило: single-source (OpenSubtitles)
еракмы	1	18	9	OpenSubtitles+Tatoeba	clean:CC-BY-2.0-FR	0.00	yes	two-corpora	OpenSubtitles+Tatoeba
коткарам	1	18	0	OpenSubtitles	risk-accepted:no-grant	0.00	yes	operator-widened	прежнее правило: single-source (OpenSubtitles)
үтерәчәкләр	1	18	1	OpenSubtitles+Tatoeba	clean:CC-BY-2.0-FR	0.00	yes	two-corpora	OpenSubtitles+Tatoeba
аңламадың	1	17	4	OpenSubtitles+Tatoeba	clean:CC-BY-2.0-FR	0.00	yes	two-corpora	OpenSubtitles+Tatoeba
вуду	1	17	0	OpenSubtitles	risk-accepted:no-grant	0.27	yes	operator-widened	прежнее правило: single-source (OpenSubtitles)
оныттыңмы	1	17	7	OpenSubtitles+Tatoeba	clean:CC-BY-2.0-FR	0.00	yes	two-corpora	OpenSubtitles+Tatoeba
салны	1	17	1	OpenSubtitles+Tatoeba	clean:CC-BY-2.0-FR	0.00	yes	two-corpora	OpenSubtitles+Tatoeba
урладың	1	17	2	OpenSubtitles+Tatoeba	clean:CC-BY-2.0-FR	0.00	yes	two-corpora	OpenSubtitles+Tatoeba
хәлләрең	1	17	3	OpenSubtitles+Tatoeba	clean:CC-BY-2.0-FR	0.00	yes	two-corpora	OpenSubtitles+Tatoeba
атаңны	1	16	1	OpenSubtitles+Tatoeba	clean:CC-BY-2.0-FR	0.00	yes	two-corpora	OpenSubtitles+Tatoeba
бирдеңме	1	16	4	OpenSubtitles+Tatoeba	clean:CC-BY-2.0-FR	0.00	yes	two-corpora	OpenSubtitles+Tatoeba
нишләгәнеңне	1	16	0	OpenSubtitles	risk-accepted:no-grant	0.00	yes	operator-widened	прежнее правило: single-source (OpenSubtitles)
теләгәнегезне	1	16	12	OpenSubtitles+Tatoeba	clean:CC-BY-2.0-FR	0.00	yes	two-corpora	OpenSubtitles+Tatoeba
тордың	1	16	6	OpenSubtitles+Tatoeba	clean:CC-BY-2.0-FR	0.00	yes	two-corpora	OpenSubtitles+Tatoeba
ябыгыз	1	16	9	OpenSubtitles+Tatoeba	clean:CC-BY-2.0-FR	0.00	yes	two-corpora	OpenSubtitles+Tatoeba
җиңдең	1	16	2	OpenSubtitles+Tatoeba	clean:CC-BY-2.0-FR	0.07	yes	two-corpora	OpenSubtitles+Tatoeba
үтердеңме	1	16	2	OpenSubtitles+Tatoeba	clean:CC-BY-2.0-FR	0.00	yes	two-corpora	OpenSubtitles+Tatoeba
авыртамы	1	15	5	OpenSubtitles+Tatoeba	clean:CC-BY-2.0-FR	0.00	yes	two-corpora	OpenSubtitles+Tatoeba
алмыйчаксың	1	15	0	OpenSubtitles	risk-accepted:no-grant	0.00	yes	operator-widened	прежнее правило: single-source (OpenSubtitles)
сикер	1	15	0	OpenSubtitles	risk-accepted:no-grant	0.00	yes	operator-widened	прежнее правило: single-source (OpenSubtitles)
тоттың	1	15	4	OpenSubtitles+Tatoeba	clean:CC-BY-2.0-FR	0.00	yes	two-corpora	OpenSubtitles+Tatoeba
яздыңмы	1	15	5	OpenSubtitles+Tatoeba	clean:CC-BY-2.0-FR	0.00	yes	two-corpora	OpenSubtitles+Tatoeba
алмыйчакмын	1	14	0	OpenSubtitles	risk-accepted:no-grant	0.00	yes	operator-widened	прежнее правило: single-source (OpenSubtitles)
ашадыңмы	1	14	12	OpenSubtitles+Tatoeba	clean:CC-BY-2.0-FR	0.00	yes	two-corpora	OpenSubtitles+Tatoeba
бирәсеңме	1	14	3	OpenSubtitles+Tatoeba	clean:CC-BY-2.0-FR	0.00	yes	two-corpora	OpenSubtitles+Tatoeba
джунглидан	1	14	0	OpenSubtitles	risk-accepted:no-grant	0.00	yes	operator-widened	прежнее правило: single-source (OpenSubtitles)
дидеңме	1	14	1	OpenSubtitles+Tatoeba	clean:CC-BY-2.0-FR	0.00	yes	two-corpora	OpenSubtitles+Tatoeba
итүеңне	1	14	10	OpenSubtitles+Tatoeba	clean:CC-BY-2.0-FR	0.00	yes	two-corpora	OpenSubtitles+Tatoeba
кабызам	1	14	1	OpenSubtitles+Tatoeba	clean:CC-BY-2.0-FR	0.00	yes	two-corpora	OpenSubtitles+Tatoeba
качтың	1	14	0	OpenSubtitles	risk-accepted:no-grant	0.00	yes	operator-widened	прежнее правило: single-source (OpenSubtitles)
сэндвич	1	14	2	OpenSubtitles+Tatoeba	clean:CC-BY-2.0-FR	0.08	yes	two-corpora	OpenSubtitles+Tatoeba
сөйләмәдем	1	14	7	OpenSubtitles+Tatoeba	clean:CC-BY-2.0-FR	0.00	yes	two-corpora	OpenSubtitles+Tatoeba
таны	1	14	6	OpenSubtitles+Tatoeba	clean:CC-BY-2.0-FR	0.00	yes	two-corpora	OpenSubtitles+Tatoeba
яратачакмын	1	14	3	OpenSubtitles+Tatoeba	clean:CC-BY-2.0-FR	0.00	yes	two-corpora	OpenSubtitles+Tatoeba
аңладыгызмы	1	13	4	OpenSubtitles+Tatoeba	clean:CC-BY-2.0-FR	0.00	yes	two-corpora	OpenSubtitles+Tatoeba
аңламадыңмы	1	13	1	OpenSubtitles+Tatoeba	clean:CC-BY-2.0-FR	0.00	yes	two-corpora	OpenSubtitles+Tatoeba
борылыгыз	1	13	8	OpenSubtitles+Tatoeba	clean:CC-BY-2.0-FR	0.00	yes	two-corpora	OpenSubtitles+Tatoeba
иел	1	13	5	OpenSubtitles+Tatoeba	clean:CC-BY-2.0-FR	0.22	yes	two-corpora	OpenSubtitles+Tatoeba
иттеңме	1	13	4	OpenSubtitles+Tatoeba	clean:CC-BY-2.0-FR	0.00	yes	two-corpora	OpenSubtitles+Tatoeba
карадыгызмы	1	13	9	OpenSubtitles+Tatoeba	clean:CC-BY-2.0-FR	0.00	yes	two-corpora	OpenSubtitles+Tatoeba
көчән	1	13	0	OpenSubtitles	risk-accepted:no-grant	0.00	yes	operator-widened	прежнее правило: single-source (OpenSubtitles)
салга	1	13	0	OpenSubtitles	risk-accepted:no-grant	0.00	yes	operator-widened	прежнее правило: single-source (OpenSubtitles)
шайтаныма	1	13	4	OpenSubtitles+Tatoeba	clean:CC-BY-2.0-FR	0.08	yes	two-corpora	OpenSubtitles+Tatoeba
эшләмәдең	1	13	4	OpenSubtitles+Tatoeba	clean:CC-BY-2.0-FR	0.00	yes	two-corpora	OpenSubtitles+Tatoeba
дигәнеңне	1	12	2	OpenSubtitles+Tatoeba	clean:CC-BY-2.0-FR	0.00	yes	two-corpora	OpenSubtitles+Tatoeba
илтегез	1	12	8	OpenSubtitles+Tatoeba	clean:CC-BY-2.0-FR	0.00	yes	two-corpora	OpenSubtitles+Tatoeba
кун	1	12	0	OpenSubtitles	risk-accepted:no-grant	0.00	yes	operator-widened	прежнее правило: single-source (OpenSubtitles)
минсез	1	12	1	OpenSubtitles+Tatoeba	clean:CC-BY-2.0-FR	0.00	yes	two-corpora	OpenSubtitles+Tatoeba
мәчем	1	12	12	Tatoeba	clean:CC-BY-2.0-FR	0.00	yes	operator-widened	прежнее правило: single-source (Tatoeba)
ошадымы	1	12	8	OpenSubtitles+Tatoeba	clean:CC-BY-2.0-FR	0.00	yes	two-corpora	OpenSubtitles+Tatoeba
симуляция	1	12	0	OpenSubtitles	risk-accepted:no-grant	0.00	yes	operator-widened	прежнее правило: single-source (OpenSubtitles)
тешләде	1	12	9	OpenSubtitles+Tatoeba	clean:CC-BY-2.0-FR	0.00	yes	two-corpora	OpenSubtitles+Tatoeba
эзлисеңме	1	12	4	OpenSubtitles+Tatoeba	clean:CC-BY-2.0-FR	0.00	yes	two-corpora	OpenSubtitles+Tatoeba
алмадыңмы	1	11	1	OpenSubtitles+Tatoeba	clean:CC-BY-2.0-FR	0.00	yes	two-corpora	OpenSubtitles+Tatoeba
алмыйчакбыз	1	11	0	OpenSubtitles	risk-accepted:no-grant	0.00	yes	operator-widened	прежнее правило: single-source (OpenSubtitles)
белмәдегезме	1	11	7	OpenSubtitles+Tatoeba	clean:CC-BY-2.0-FR	0.00	yes	two-corpora	OpenSubtitles+Tatoeba
беләмме	1	11	1	OpenSubtitles+Tatoeba	clean:CC-BY-2.0-FR	0.00	yes	two-corpora	OpenSubtitles+Tatoeba
булышасыңмы	1	11	0	OpenSubtitles	risk-accepted:no-grant	0.00	yes	operator-widened	прежнее правило: single-source (OpenSubtitles)
кабанны	1	11	0	OpenSubtitles	risk-accepted:no-grant	0.00	yes	operator-widened	прежнее правило: single-source (OpenSubtitles)
килүеңне	1	11	3	OpenSubtitles+Tatoeba	clean:CC-BY-2.0-FR	0.00	yes	two-corpora	OpenSubtitles+Tatoeba
төзәтәм	1	11	2	OpenSubtitles+Tatoeba	clean:CC-BY-2.0-FR	0.00	yes	two-corpora	OpenSubtitles+Tatoeba
төшегез	1	11	6	OpenSubtitles+Tatoeba	clean:CC-BY-2.0-FR	0.00	yes	two-corpora	OpenSubtitles+Tatoeba
уйладыгызмы	1	11	6	OpenSubtitles+Tatoeba	clean:CC-BY-2.0-FR	0.00	yes	two-corpora	OpenSubtitles+Tatoeba
улыңны	1	11	2	OpenSubtitles+Tatoeba	clean:CC-BY-2.0-FR	0.00	yes	two-corpora	OpenSubtitles+Tatoeba
япанча	1	11	1	OpenSubtitles+Tatoeba	clean:CC-BY-2.0-FR	0.00	yes	two-corpora	OpenSubtitles+Tatoeba
үтердегез	1	11	4	OpenSubtitles+Tatoeba	clean:CC-BY-2.0-FR	0.00	yes	two-corpora	OpenSubtitles+Tatoeba
алуыңны	1	10	5	OpenSubtitles+Tatoeba	clean:CC-BY-2.0-FR	0.00	yes	two-corpora	OpenSubtitles+Tatoeba
арбалет	1	10	0	OpenSubtitles	risk-accepted:no-grant	0.00	yes	operator-widened	прежнее правило: single-source (OpenSubtitles)
беләчәкмен	1	10	0	OpenSubtitles	risk-accepted:no-grant	0.00	yes	operator-widened	прежнее правило: single-source (OpenSubtitles)
боздың	1	10	1	OpenSubtitles+Tatoeba	clean:CC-BY-2.0-FR	0.00	yes	two-corpora	OpenSubtitles+Tatoeba
булмадың	1	10	0	OpenSubtitles	risk-accepted:no-grant	0.00	yes	operator-widened	прежнее правило: single-source (OpenSubtitles)
бүлмәмдә	1	10	9	OpenSubtitles+Tatoeba	clean:CC-BY-2.0-FR	0.00	yes	two-corpora	OpenSubtitles+Tatoeba
динамитны	1	10	1	OpenSubtitles+Tatoeba	clean:CC-BY-2.0-FR	0.00	yes	two-corpora	OpenSubtitles+Tatoeba
дирижабль	1	10	0	OpenSubtitles	risk-accepted:no-grant	0.00	yes	operator-widened	прежнее правило: single-source (OpenSubtitles)
карыйсыңмы	1	10	4	OpenSubtitles+Tatoeba	clean:CC-BY-2.0-FR	0.00	no	two-corpora	OpenSubtitles+Tatoeba
күрдеме	1	10	4	OpenSubtitles+Tatoeba	clean:CC-BY-2.0-FR	0.00	no	two-corpora	OpenSubtitles+Tatoeba
көрсенә	1	10	0	OpenSubtitles	risk-accepted:no-grant	1.00	no	operator-widened	прежнее правило: proper-noun-evidence (cap_ratio=1.00>=0.50)
очса	1	10	8	OpenSubtitles+Tatoeba	clean:CC-BY-2.0-FR	0.00	no	two-corpora	OpenSubtitles+Tatoeba
сеңлең	1	10	4	OpenSubtitles+Tatoeba	clean:CC-BY-2.0-FR	0.00	no	two-corpora	OpenSubtitles+Tatoeba
сөйләштең	1	10	4	OpenSubtitles+Tatoeba	clean:CC-BY-2.0-FR	0.00	no	two-corpora	OpenSubtitles+Tatoeba
тыңлама	1	10	3	OpenSubtitles+Tatoeba	clean:CC-BY-2.0-FR	0.00	no	two-corpora	OpenSubtitles+Tatoeba
уйлаганыңны	1	10	4	OpenSubtitles+Tatoeba	clean:CC-BY-2.0-FR	0.00	no	two-corpora	OpenSubtitles+Tatoeba
эзләгәнне	1	10	3	OpenSubtitles+Tatoeba	clean:CC-BY-2.0-FR	0.00	no	two-corpora	OpenSubtitles+Tatoeba
эшләвеңне	1	10	5	OpenSubtitles+Tatoeba	clean:CC-BY-2.0-FR	0.00	no	two-corpora	OpenSubtitles+Tatoeba
эшләмәгез	1	10	4	OpenSubtitles+Tatoeba	clean:CC-BY-2.0-FR	0.00	no	two-corpora	OpenSubtitles+Tatoeba
ачтың	1	9	5	OpenSubtitles+Tatoeba	clean:CC-BY-2.0-FR	0.00	no	two-corpora	OpenSubtitles+Tatoeba
ачуың	1	9	7	OpenSubtitles+Tatoeba	clean:CC-BY-2.0-FR	0.00	no	two-corpora	OpenSubtitles+Tatoeba
ашамады	1	9	6	OpenSubtitles+Tatoeba	clean:CC-BY-2.0-FR	0.00	no	two-corpora	OpenSubtitles+Tatoeba
белмәдеңме	1	9	5	OpenSubtitles+Tatoeba	clean:CC-BY-2.0-FR	0.00	no	two-corpora	OpenSubtitles+Tatoeba
биткоин	1	9	0	OpenSubtitles	risk-accepted:no-grant	0.00	no	operator-widened	прежнее правило: single-source (OpenSubtitles)
булышырсың	1	9	1	OpenSubtitles+Tatoeba	clean:CC-BY-2.0-FR	0.00	no	two-corpora	OpenSubtitles+Tatoeba
гөлчәчәкләр	1	9	9	Tatoeba	clean:CC-BY-2.0-FR	0.00	no	operator-widened	прежнее правило: single-source (Tatoeba)
йоклаткыч	1	9	2	OpenSubtitles+Tatoeba	clean:CC-BY-2.0-FR	0.00	no	two-corpora	OpenSubtitles+Tatoeba
кичәгегә	1	9	9	Tatoeba	clean:CC-BY-2.0-FR	0.00	no	operator-widened	прежнее правило: single-source (Tatoeba)
кычкырдым	1	9	1	OpenSubtitles+Tatoeba	clean:CC-BY-2.0-FR	0.00	no	two-corpora	OpenSubtitles+Tatoeba
монстрлар	1	9	0	OpenSubtitles	risk-accepted:no-grant	0.60	no	operator-widened	прежнее правило: proper-noun-evidence (cap_ratio=0.60>=0.50)
мәчкәйләр	1	9	0	OpenSubtitles	risk-accepted:no-grant	0.17	no	operator-widened	прежнее правило: single-source (OpenSubtitles)
онытыгыз	1	9	3	OpenSubtitles+Tatoeba	clean:CC-BY-2.0-FR	0.00	no	two-corpora	OpenSubtitles+Tatoeba
охшаганмы	1	9	0	OpenSubtitles	risk-accepted:no-grant	0.00	no	operator-widened	прежнее правило: single-source (OpenSubtitles)
роз	1	9	0	OpenSubtitles	risk-accepted:no-grant	1.00	no	operator-widened	прежнее правило: proper-noun-evidence (cap_ratio=1.00>=0.50)
сөйләдеме	1	9	2	OpenSubtitles+Tatoeba	clean:CC-BY-2.0-FR	0.00	no	two-corpora	OpenSubtitles+Tatoeba
табачаксың	1	9	0	OpenSubtitles	risk-accepted:no-grant	0.00	no	operator-widened	прежнее правило: single-source (OpenSubtitles)
ташладың	1	9	2	OpenSubtitles+Tatoeba	clean:CC-BY-2.0-FR	0.00	no	two-corpora	OpenSubtitles+Tatoeba
тотыныгыз	1	9	2	OpenSubtitles+Tatoeba	clean:CC-BY-2.0-FR	0.00	no	two-corpora	OpenSubtitles+Tatoeba
турта	1	9	0	OpenSubtitles	risk-accepted:no-grant	0.00	no	operator-widened	прежнее правило: single-source (OpenSubtitles)
түзегез	1	9	1	OpenSubtitles+Tatoeba	clean:CC-BY-2.0-FR	0.00	no	two-corpora	OpenSubtitles+Tatoeba
шаяртасыңмы	1	9	1	OpenSubtitles+Tatoeba	clean:CC-BY-2.0-FR	0.00	no	two-corpora	OpenSubtitles+Tatoeba
эчмә	1	9	7	OpenSubtitles+Tatoeba	clean:CC-BY-2.0-FR	0.00	no	two-corpora	OpenSubtitles+Tatoeba
эчәрбез	1	9	0	OpenSubtitles	risk-accepted:no-grant	0.00	no	operator-widened	прежнее правило: single-source (OpenSubtitles)
яманның	1	9	9	Tatoeba	clean:CC-BY-2.0-FR	0.00	no	operator-widened	прежнее правило: single-source (Tatoeba)
җенем	1	9	9	Tatoeba	clean:CC-BY-2.0-FR	0.00	no	operator-widened	прежнее правило: single-source (Tatoeba)
авызыгызны	1	8	5	OpenSubtitles+Tatoeba	clean:CC-BY-2.0-FR	0.00	no	two-corpora	OpenSubtitles+Tatoeba
алгоритмны	1	8	0	OpenSubtitles	risk-accepted:no-grant	0.00	no	operator-widened	прежнее правило: single-source (OpenSubtitles)
алдамыйм	1	8	0	OpenSubtitles	risk-accepted:no-grant	0.00	no	operator-widened	прежнее правило: single-source (OpenSubtitles)
ачасыңмы	1	8	1	OpenSubtitles+Tatoeba	clean:CC-BY-2.0-FR	0.00	no	two-corpora	OpenSubtitles+Tatoeba
бананнар	1	8	3	OpenSubtitles+Tatoeba	clean:CC-BY-2.0-FR	0.00	no	two-corpora	OpenSubtitles+Tatoeba
бернишләмәдем	1	8	0	OpenSubtitles	risk-accepted:no-grant	0.00	no	operator-widened	прежнее правило: single-source (OpenSubtitles)
булганыгызны	1	8	1	OpenSubtitles+Tatoeba	clean:CC-BY-2.0-FR	0.00	no	two-corpora	OpenSubtitles+Tatoeba
булышачакмын	1	8	5	OpenSubtitles+Tatoeba	clean:CC-BY-2.0-FR	0.00	no	two-corpora	OpenSubtitles+Tatoeba
гигаватт	1	8	0	OpenSubtitles	risk-accepted:no-grant	0.00	no	operator-widened	прежнее правило: single-source (OpenSubtitles)
йохансен	1	8	0	OpenSubtitles	risk-accepted:no-grant	1.00	no	operator-widened	прежнее правило: proper-noun-evidence (cap_ratio=1.00>=0.50)
кагылсаң	1	8	1	OpenSubtitles+Tatoeba	clean:CC-BY-2.0-FR	0.00	no	two-corpora	OpenSubtitles+Tatoeba
килүең	1	8	5	OpenSubtitles+Tatoeba	clean:CC-BY-2.0-FR	0.00	no	two-corpora	OpenSubtitles+Tatoeba
китердегез	1	8	1	OpenSubtitles+Tatoeba	clean:CC-BY-2.0-FR	0.00	no	two-corpora	OpenSubtitles+Tatoeba
китмисең	1	8	0	OpenSubtitles	risk-accepted:no-grant	0.00	no	operator-widened	прежнее правило: single-source (OpenSubtitles)
күзәт	1	8	1	OpenSubtitles+Tatoeba	clean:CC-BY-2.0-FR	0.00	no	two-corpora	OpenSubtitles+Tatoeba
күралмыйм	1	8	8	Tatoeba	clean:CC-BY-2.0-FR	0.00	no	operator-widened	прежнее правило: single-source (Tatoeba)
мимешләр	1	8	0	OpenSubtitles	risk-accepted:no-grant	0.00	no	operator-widened	прежнее правило: single-source (OpenSubtitles)
онытмадыңмы	1	8	4	OpenSubtitles+Tatoeba	clean:CC-BY-2.0-FR	0.00	no	two-corpora	OpenSubtitles+Tatoeba
охшамагансың	1	8	2	OpenSubtitles+Tatoeba	clean:CC-BY-2.0-FR	0.00	no	two-corpora	OpenSubtitles+Tatoeba
очышында	1	8	0	OpenSubtitles	risk-accepted:no-grant	0.00	no	operator-widened	прежнее правило: single-source (OpenSubtitles)
роуди	1	8	0	OpenSubtitles	risk-accepted:no-grant	1.00	no	operator-widened	прежнее правило: proper-noun-evidence (cap_ratio=1.00>=0.50)
синдәме	1	8	2	OpenSubtitles+Tatoeba	clean:CC-BY-2.0-FR	0.00	no	two-corpora	OpenSubtitles+Tatoeba
сорармын	1	8	2	OpenSubtitles+Tatoeba	clean:CC-BY-2.0-FR	0.00	no	two-corpora	OpenSubtitles+Tatoeba
сәдәп	1	8	1	OpenSubtitles+Tatoeba	clean:CC-BY-2.0-FR	0.00	no	two-corpora	OpenSubtitles+Tatoeba
сөйләшмәдем	1	8	4	OpenSubtitles+Tatoeba	clean:CC-BY-2.0-FR	0.00	no	two-corpora	OpenSubtitles+Tatoeba
тиешлегемне	1	8	5	OpenSubtitles+Tatoeba	clean:CC-BY-2.0-FR	0.00	no	two-corpora	OpenSubtitles+Tatoeba
тормам	1	8	3	OpenSubtitles+Tatoeba	clean:CC-BY-2.0-FR	0.00	no	two-corpora	OpenSubtitles+Tatoeba
тотасыңмы	1	8	4	OpenSubtitles+Tatoeba	clean:CC-BY-2.0-FR	0.00	no	two-corpora	OpenSubtitles+Tatoeba
шоколадны	1	8	7	OpenSubtitles+Tatoeba	clean:CC-BY-2.0-FR	0.00	no	two-corpora	OpenSubtitles+Tatoeba
эссам	1	8	0	OpenSubtitles	risk-accepted:no-grant	1.00	no	operator-widened	прежнее правило: proper-noun-evidence (cap_ratio=1.00>=0.50)
янут	1	8	0	OpenSubtitles	risk-accepted:no-grant	0.00	no	operator-widened	прежнее правило: single-source (OpenSubtitles)
яратамы	1	8	7	OpenSubtitles+Tatoeba	clean:CC-BY-2.0-FR	0.00	no	two-corpora	OpenSubtitles+Tatoeba
җитәкчең	1	8	1	OpenSubtitles+Tatoeba	clean:CC-BY-2.0-FR	0.00	no	two-corpora	OpenSubtitles+Tatoeba
җыегыз	1	8	4	OpenSubtitles+Tatoeba	clean:CC-BY-2.0-FR	0.00	no	two-corpora	OpenSubtitles+Tatoeba
җыендым	1	8	1	OpenSubtitles+Tatoeba	clean:CC-BY-2.0-FR	0.00	no	two-corpora	OpenSubtitles+Tatoeba
үтерәсе	1	8	0	OpenSubtitles	risk-accepted:no-grant	0.00	no	operator-widened	прежнее правило: single-source (OpenSubtitles)
әйтүеңне	1	8	4	OpenSubtitles+Tatoeba	clean:CC-BY-2.0-FR	0.00	no	two-corpora	OpenSubtitles+Tatoeba
өйләнгәнме	1	8	3	OpenSubtitles+Tatoeba	clean:CC-BY-2.0-FR	0.00	no	two-corpora	OpenSubtitles+Tatoeba
алыштыр	1	7	3	OpenSubtitles+Tatoeba	clean:CC-BY-2.0-FR	0.00	no	two-corpora	OpenSubtitles+Tatoeba
аюсы	1	7	0	OpenSubtitles	risk-accepted:no-grant	0.00	no	operator-widened	прежнее правило: single-source (OpenSubtitles)
борчыма	1	7	3	OpenSubtitles+Tatoeba	clean:CC-BY-2.0-FR	0.00	no	two-corpora	OpenSubtitles+Tatoeba
вибраниум	1	7	0	OpenSubtitles	risk-accepted:no-grant	0.00	no	operator-widened	прежнее правило: single-source (OpenSubtitles)
кабыздым	1	7	4	OpenSubtitles+Tatoeba	clean:CC-BY-2.0-FR	0.00	no	two-corpora	OpenSubtitles+Tatoeba
костюмны	1	7	2	OpenSubtitles+Tatoeba	clean:CC-BY-2.0-FR	0.00	no	two-corpora	OpenSubtitles+Tatoeba
кулчатырын	1	7	6	OpenSubtitles+Tatoeba	clean:CC-BY-2.0-FR	0.00	no	two-corpora	OpenSubtitles+Tatoeba
кызыксынасың	1	7	0	OpenSubtitles	risk-accepted:no-grant	0.00	no	operator-widened	прежнее правило: single-source (OpenSubtitles)
күрмәдегез	1	7	2	OpenSubtitles+Tatoeba	clean:CC-BY-2.0-FR	0.00	no	two-corpora	OpenSubtitles+Tatoeba
күрсәтерсең	1	7	0	OpenSubtitles	risk-accepted:no-grant	0.00	no	operator-widened	прежнее правило: single-source (OpenSubtitles)
көттең	1	7	3	OpenSubtitles+Tatoeba	clean:CC-BY-2.0-FR	0.00	no	two-corpora	OpenSubtitles+Tatoeba
масаючан	1	7	3	OpenSubtitles+Tatoeba	clean:CC-BY-2.0-FR	0.00	no	two-corpora	OpenSubtitles+Tatoeba
онытмаячакмын	1	7	4	OpenSubtitles+Tatoeba	clean:CC-BY-2.0-FR	0.00	no	two-corpora	OpenSubtitles+Tatoeba
ошамыйсың	1	7	5	OpenSubtitles+Tatoeba	clean:CC-BY-2.0-FR	0.00	no	two-corpora	OpenSubtitles+Tatoeba
ошаячак	1	7	2	OpenSubtitles+Tatoeba	clean:CC-BY-2.0-FR	0.00	no	two-corpora	OpenSubtitles+Tatoeba
пилотны	1	7	0	OpenSubtitles	risk-accepted:no-grant	0.00	no	operator-widened	прежнее правило: single-source (OpenSubtitles)
плутонийны	1	7	0	OpenSubtitles	risk-accepted:no-grant	0.00	no	operator-widened	прежнее правило: single-source (OpenSubtitles)
ризалашыр	1	7	4	OpenSubtitles+Tatoeba	clean:CC-BY-2.0-FR	0.00	no	two-corpora	OpenSubtitles+Tatoeba
саклагычка	1	7	0	OpenSubtitles	risk-accepted:no-grant	0.00	no	operator-widened	прежнее правило: single-source (OpenSubtitles)
саныйсыңмы	1	7	4	OpenSubtitles+Tatoeba	clean:CC-BY-2.0-FR	0.00	no	two-corpora	OpenSubtitles+Tatoeba
селкенмәгез	1	7	0	OpenSubtitles	risk-accepted:no-grant	0.00	no	operator-widened	прежнее правило: single-source (OpenSubtitles)
сорамагыз	1	7	5	OpenSubtitles+Tatoeba	clean:CC-BY-2.0-FR	0.00	no	two-corpora	OpenSubtitles+Tatoeba
спагетти	1	7	3	OpenSubtitles+Tatoeba	clean:CC-BY-2.0-FR	0.00	no	two-corpora	OpenSubtitles+Tatoeba
сөйләшсәгез	1	7	3	OpenSubtitles+Tatoeba	clean:CC-BY-2.0-FR	0.00	no	two-corpora	OpenSubtitles+Tatoeba
тартмадан	1	7	2	OpenSubtitles+Tatoeba	clean:CC-BY-2.0-FR	0.00	no	two-corpora	OpenSubtitles+Tatoeba
тимгел	1	7	0	OpenSubtitles	risk-accepted:no-grant	0.00	no	operator-widened	прежнее правило: single-source (OpenSubtitles)
тишектә	1	7	0	OpenSubtitles	risk-accepted:no-grant	0.00	no	operator-widened	прежнее правило: single-source (OpenSubtitles)
тотармын	1	7	2	OpenSubtitles+Tatoeba	clean:CC-BY-2.0-FR	0.00	no	two-corpora	OpenSubtitles+Tatoeba
туйдырдың	1	7	3	OpenSubtitles+Tatoeba	clean:CC-BY-2.0-FR	0.00	no	two-corpora	OpenSubtitles+Tatoeba
тәбә	1	7	0	OpenSubtitles	risk-accepted:no-grant	0.33	no	operator-widened	прежнее правило: single-source (OpenSubtitles)
улмы	1	7	0	OpenSubtitles	risk-accepted:no-grant	0.00	no	operator-widened	прежнее правило: single-source (OpenSubtitles)
фут	1	7	0	OpenSubtitles	risk-accepted:no-grant	0.00	no	operator-widened	прежнее правило: single-source (OpenSubtitles)
хәтерләмисеңме	1	7	3	OpenSubtitles+Tatoeba	clean:CC-BY-2.0-FR	0.00	no	two-corpora	OpenSubtitles+Tatoeba
чап	1	7	3	OpenSubtitles+Tatoeba	clean:CC-BY-2.0-FR	0.00	no	two-corpora	OpenSubtitles+Tatoeba
чоланда	1	7	0	OpenSubtitles	risk-accepted:no-grant	0.00	no	operator-widened	прежнее правило: single-source (OpenSubtitles)
шалтыратма	1	7	4	OpenSubtitles+Tatoeba	clean:CC-BY-2.0-FR	0.00	no	two-corpora	OpenSubtitles+Tatoeba
шаяртасызмы	1	7	1	OpenSubtitles+Tatoeba	clean:CC-BY-2.0-FR	0.00	no	two-corpora	OpenSubtitles+Tatoeba
ышанмыйсыңмы	1	7	2	OpenSubtitles+Tatoeba	clean:CC-BY-2.0-FR	0.00	no	two-corpora	OpenSubtitles+Tatoeba
югалттыгыз	1	7	1	OpenSubtitles+Tatoeba	clean:CC-BY-2.0-FR	0.00	no	two-corpora	OpenSubtitles+Tatoeba
яздыгызмы	1	7	4	OpenSubtitles+Tatoeba	clean:CC-BY-2.0-FR	0.00	no	two-corpora	OpenSubtitles+Tatoeba
яллады	1	7	1	OpenSubtitles+Tatoeba	clean:CC-BY-2.0-FR	0.00	no	two-corpora	OpenSubtitles+Tatoeba
җиткерермен	1	7	1	OpenSubtitles+Tatoeba	clean:CC-BY-2.0-FR	0.00	no	two-corpora	OpenSubtitles+Tatoeba
үлмә	1	7	1	OpenSubtitles+Tatoeba	clean:CC-BY-2.0-FR	0.00	no	two-corpora	OpenSubtitles+Tatoeba
әзерләрмен	1	7	3	OpenSubtitles+Tatoeba	clean:CC-BY-2.0-FR	0.00	no	two-corpora	OpenSubtitles+Tatoeba
адаштым	1	6	4	OpenSubtitles+Tatoeba	clean:CC-BY-2.0-FR	0.00	no	two-corpora	OpenSubtitles+Tatoeba
алдыйсы	1	6	1	OpenSubtitles+Tatoeba	clean:CC-BY-2.0-FR	0.00	no	two-corpora	OpenSubtitles+Tatoeba
алмаганымны	1	6	1	OpenSubtitles+Tatoeba	clean:CC-BY-2.0-FR	0.00	no	two-corpora	OpenSubtitles+Tatoeba
анагыз	1	6	2	OpenSubtitles+Tatoeba	clean:CC-BY-2.0-FR	0.00	no	two-corpora	OpenSubtitles+Tatoeba
атамас	1	6	0	OpenSubtitles	risk-accepted:no-grant	0.00	no	operator-widened	прежнее правило: single-source (OpenSubtitles)
ахмакны	1	6	3	OpenSubtitles+Tatoeba	clean:CC-BY-2.0-FR	0.00	no	two-corpora	OpenSubtitles+Tatoeba
ачуланыр	1	6	3	OpenSubtitles+Tatoeba	clean:CC-BY-2.0-FR	0.00	no	two-corpora	OpenSubtitles+Tatoeba
баи	1	6	0	OpenSubtitles	risk-accepted:no-grant	0.00	no	operator-widened	прежнее правило: single-source (OpenSubtitles)
батканын	1	6	0	OpenSubtitles	risk-accepted:no-grant	0.00	no	operator-widened	прежнее правило: single-source (OpenSubtitles)
борчыймы	1	6	3	OpenSubtitles+Tatoeba	clean:CC-BY-2.0-FR	0.00	no	two-corpora	OpenSubtitles+Tatoeba
буклы	1	6	5	OpenSubtitles+Tatoeba	clean:CC-BY-2.0-FR	0.20	no	two-corpora	OpenSubtitles+Tatoeba
булышмыйм	1	6	0	OpenSubtitles	risk-accepted:no-grant	0.00	no	operator-widened	прежнее правило: single-source (OpenSubtitles)
бутама	1	6	4	OpenSubtitles+Tatoeba	clean:CC-BY-2.0-FR	0.00	no	two-corpora	OpenSubtitles+Tatoeba
бәхәсләшмә	1	6	3	OpenSubtitles+Tatoeba	clean:CC-BY-2.0-FR	0.00	no	two-corpora	OpenSubtitles+Tatoeba
винсентны	1	6	0	OpenSubtitles	risk-accepted:no-grant	1.00	no	operator-widened	прежнее правило: proper-noun-evidence (cap_ratio=1.00>=0.50)
дебби	1	6	0	OpenSubtitles	risk-accepted:no-grant	1.00	no	operator-widened	прежнее правило: proper-noun-evidence (cap_ratio=1.00>=0.50)
димәдең	1	6	0	OpenSubtitles	risk-accepted:no-grant	0.00	no	operator-widened	прежнее правило: single-source (OpenSubtitles)
дуайт	1	6	1	OpenSubtitles+Tatoeba	clean:CC-BY-2.0-FR	1.00	no	operator-widened	прежнее правило: proper-noun-evidence (cap_ratio=1.00>=0.50)
илт	1	6	1	OpenSubtitles+Tatoeba	clean:CC-BY-2.0-FR	0.00	no	two-corpora	OpenSubtitles+Tatoeba
илтәм	1	6	3	OpenSubtitles+Tatoeba	clean:CC-BY-2.0-FR	0.00	no	two-corpora	OpenSubtitles+Tatoeba
исфахан	1	6	0	OpenSubtitles	risk-accepted:no-grant	1.00	no	operator-widened	прежнее правило: proper-noun-evidence (cap_ratio=1.00>=0.50)
иткәнеңне	1	6	1	OpenSubtitles+Tatoeba	clean:CC-BY-2.0-FR	0.00	no	two-corpora	OpenSubtitles+Tatoeba
ишетәме	1	6	0	OpenSubtitles	risk-accepted:no-grant	0.00	no	operator-widened	прежнее правило: single-source (OpenSubtitles)
кайтарырмын	1	6	2	OpenSubtitles+Tatoeba	clean:CC-BY-2.0-FR	0.00	no	two-corpora	OpenSubtitles+Tatoeba
кайттымы	1	6	1	OpenSubtitles+Tatoeba	clean:CC-BY-2.0-FR	0.00	no	two-corpora	OpenSubtitles+Tatoeba
каплагыз	1	6	0	OpenSubtitles	risk-accepted:no-grant	0.00	no	operator-widened	прежнее правило: single-source (OpenSubtitles)
карыйсызмы	1	6	5	OpenSubtitles+Tatoeba	clean:CC-BY-2.0-FR	0.00	no	two-corpora	OpenSubtitles+Tatoeba
качма	1	6	1	OpenSubtitles+Tatoeba	clean:CC-BY-2.0-FR	0.00	no	two-corpora	OpenSubtitles+Tatoeba
киемегезне	1	6	4	OpenSubtitles+Tatoeba	clean:CC-BY-2.0-FR	0.00	no	two-corpora	OpenSubtitles+Tatoeba
килештем	1	6	0	OpenSubtitles	risk-accepted:no-grant	0.00	no	operator-widened	прежнее правило: single-source (OpenSubtitles)
киләсезме	1	6	6	Tatoeba	clean:CC-BY-2.0-FR	0.00	no	operator-widened	прежнее правило: single-source (Tatoeba)
киттеңме	1	6	2	OpenSubtitles+Tatoeba	clean:CC-BY-2.0-FR	0.00	no	two-corpora	OpenSubtitles+Tatoeba
колакларым	1	6	4	OpenSubtitles+Tatoeba	clean:CC-BY-2.0-FR	0.00	no	two-corpora	OpenSubtitles+Tatoeba
коралда	1	6	4	OpenSubtitles+Tatoeba	clean:CC-BY-2.0-FR	0.00	no	two-corpora	OpenSubtitles+Tatoeba
күренмисең	1	6	5	OpenSubtitles+Tatoeba	clean:CC-BY-2.0-FR	0.00	no	two-corpora	OpenSubtitles+Tatoeba
күренәм	1	6	0	OpenSubtitles	risk-accepted:no-grant	0.00	no	operator-widened	прежнее правило: single-source (OpenSubtitles)
күрәчәкмен	1	6	0	OpenSubtitles	risk-accepted:no-grant	0.00	no	operator-widened	прежнее правило: single-source (OpenSubtitles)
күчергечне	1	6	1	OpenSubtitles+Tatoeba	clean:CC-BY-2.0-FR	0.00	no	two-corpora	OpenSubtitles+Tatoeba
менәбез	1	6	2	OpenSubtitles+Tatoeba	clean:CC-BY-2.0-FR	0.00	no	two-corpora	OpenSubtitles+Tatoeba
намасте	1	6	0	OpenSubtitles	risk-accepted:no-grant	1.00	no	operator-widened	прежнее правило: proper-noun-evidence (cap_ratio=1.00>=0.50)
нишләгәнегезне	1	6	0	OpenSubtitles	risk-accepted:no-grant	0.00	no	operator-widened	прежнее правило: single-source (OpenSubtitles)
очасың	1	6	0	OpenSubtitles	risk-accepted:no-grant	0.00	no	operator-widened	прежнее правило: single-source (OpenSubtitles)
очратуыма	1	6	5	OpenSubtitles+Tatoeba	clean:CC-BY-2.0-FR	0.00	no	two-corpora	OpenSubtitles+Tatoeba
периметрны	1	6	0	OpenSubtitles	risk-accepted:no-grant	0.00	no	operator-widened	прежнее правило: single-source (OpenSubtitles)
сакаар	1	6	0	OpenSubtitles	risk-accepted:no-grant	1.00	no	operator-widened	прежнее правило: proper-noun-evidence (cap_ratio=1.00>=0.50)
саташулар	1	6	0	OpenSubtitles	risk-accepted:no-grant	0.00	no	operator-widened	прежнее правило: single-source (OpenSubtitles)
саубулыгыз	1	6	0	OpenSubtitles	risk-accepted:no-grant	0.00	no	operator-widened	прежнее правило: single-source (OpenSubtitles)
серсүз	1	6	2	OpenSubtitles+Tatoeba	clean:CC-BY-2.0-FR	0.00	no	two-corpora	OpenSubtitles+Tatoeba
сорамадың	1	6	3	OpenSubtitles+Tatoeba	clean:CC-BY-2.0-FR	0.00	no	two-corpora	OpenSubtitles+Tatoeba
суалчаннарны	1	6	0	OpenSubtitles	risk-accepted:no-grant	0.00	no	operator-widened	прежнее правило: single-source (OpenSubtitles)
суаяк	1	6	0	OpenSubtitles	risk-accepted:no-grant	0.67	no	operator-widened	прежнее правило: proper-noun-evidence (cap_ratio=0.67>=0.50)
сөйләшмәгез	1	6	6	Tatoeba	clean:CC-BY-2.0-FR	0.00	no	operator-widened	прежнее правило: single-source (Tatoeba)
тизәкне	1	6	0	OpenSubtitles	risk-accepted:no-grant	0.00	no	operator-widened	прежнее правило: single-source (OpenSubtitles)
тиште	1	6	4	OpenSubtitles+Tatoeba	clean:CC-BY-2.0-FR	0.17	no	two-corpora	OpenSubtitles+Tatoeba
тузаннан	1	6	3	OpenSubtitles+Tatoeba	clean:CC-BY-2.0-FR	0.00	no	two-corpora	OpenSubtitles+Tatoeba
туктатам	1	6	1	OpenSubtitles+Tatoeba	clean:CC-BY-2.0-FR	0.00	no	two-corpora	OpenSubtitles+Tatoeba
тәмугъ	1	6	0	OpenSubtitles	risk-accepted:no-grant	0.00	no	operator-widened	прежнее правило: single-source (OpenSubtitles)
тәмугъта	1	6	0	OpenSubtitles	risk-accepted:no-grant	0.00	no	operator-widened	прежнее правило: single-source (OpenSubtitles)
тәтегә	1	6	0	OpenSubtitles	risk-accepted:no-grant	0.00	no	operator-widened	прежнее правило: single-source (OpenSubtitles)
улымнан	1	6	0	OpenSubtitles	risk-accepted:no-grant	0.00	no	operator-widened	прежнее правило: single-source (OpenSubtitles)
урындамы	1	6	2	OpenSubtitles+Tatoeba	clean:CC-BY-2.0-FR	0.00	no	two-corpora	OpenSubtitles+Tatoeba
урыннарыгызны	1	6	0	OpenSubtitles	risk-accepted:no-grant	0.00	no	operator-widened	прежнее правило: single-source (OpenSubtitles)
чакырдың	1	6	1	OpenSubtitles+Tatoeba	clean:CC-BY-2.0-FR	0.00	no	two-corpora	OpenSubtitles+Tatoeba
чыгарсың	1	6	1	OpenSubtitles+Tatoeba	clean:CC-BY-2.0-FR	0.00	no	two-corpora	OpenSubtitles+Tatoeba
шазам	1	6	0	OpenSubtitles	risk-accepted:no-grant	1.00	no	operator-widened	прежнее правило: proper-noun-evidence (cap_ratio=1.00>=0.50)
шундамы	1	6	0	OpenSubtitles	risk-accepted:no-grant	0.00	no	operator-widened	прежнее правило: single-source (OpenSubtitles)
ышанмассың	1	6	0	OpenSubtitles	risk-accepted:no-grant	0.00	no	operator-widened	прежнее правило: single-source (OpenSubtitles)
юнәлт	1	6	1	OpenSubtitles+Tatoeba	clean:CC-BY-2.0-FR	0.00	no	two-corpora	OpenSubtitles+Tatoeba
якынлашма	1	6	0	OpenSubtitles	risk-accepted:no-grant	0.00	no	operator-widened	прежнее правило: single-source (OpenSubtitles)
ясама	1	6	2	OpenSubtitles+Tatoeba	clean:CC-BY-2.0-FR	0.00	no	two-corpora	OpenSubtitles+Tatoeba
ясасам	1	6	1	OpenSubtitles+Tatoeba	clean:CC-BY-2.0-FR	0.00	no	two-corpora	OpenSubtitles+Tatoeba
яшенне	1	6	0	OpenSubtitles	risk-accepted:no-grant	0.00	no	operator-widened	прежнее правило: single-source (OpenSubtitles)
җидене	1	6	2	OpenSubtitles+Tatoeba	clean:CC-BY-2.0-FR	0.00	no	two-corpora	OpenSubtitles+Tatoeba
әлҗәзаир	1	6	6	Tatoeba	clean:CC-BY-2.0-FR	1.00	no	operator-widened	прежнее правило: proper-noun-evidence (cap_ratio=1.00>=0.50)
авиаоешмасы	1	5	0	OpenSubtitles	risk-accepted:no-grant	0.40	no	operator-widened	прежнее правило: single-source (OpenSubtitles)
авыртты	1	5	1	OpenSubtitles+Tatoeba	clean:CC-BY-2.0-FR	0.00	no	two-corpora	OpenSubtitles+Tatoeba
акылыңны	1	5	2	OpenSubtitles+Tatoeba	clean:CC-BY-2.0-FR	0.00	no	two-corpora	OpenSubtitles+Tatoeba
алдасаң	1	5	3	OpenSubtitles+Tatoeba	clean:CC-BY-2.0-FR	0.00	no	two-corpora	OpenSubtitles+Tatoeba
алмавыңны	1	5	0	OpenSubtitles	risk-accepted:no-grant	0.00	no	operator-widened	прежнее правило: single-source (OpenSubtitles)
алыштырдым	1	5	2	OpenSubtitles+Tatoeba	clean:CC-BY-2.0-FR	0.00	no	two-corpora	OpenSubtitles+Tatoeba
ардың	1	5	0	OpenSubtitles	risk-accepted:no-grant	0.00	no	operator-widened	прежнее правило: single-source (OpenSubtitles)
атыйсыңмы	1	5	2	OpenSubtitles+Tatoeba	clean:CC-BY-2.0-FR	0.00	no	two-corpora	OpenSubtitles+Tatoeba
ахмакның	1	5	4	OpenSubtitles+Tatoeba	clean:CC-BY-2.0-FR	0.00	no	two-corpora	OpenSubtitles+Tatoeba
ашыксаң	1	5	1	OpenSubtitles+Tatoeba	clean:CC-BY-2.0-FR	0.00	no	two-corpora	OpenSubtitles+Tatoeba
балкышлар	1	5	0	OpenSubtitles	risk-accepted:no-grant	0.00	no	operator-widened	прежнее правило: single-source (OpenSubtitles)
белгәнеңне	1	5	2	OpenSubtitles+Tatoeba	clean:CC-BY-2.0-FR	0.00	no	two-corpora	OpenSubtitles+Tatoeba
биреләм	1	5	2	OpenSubtitles+Tatoeba	clean:CC-BY-2.0-FR	0.00	no	two-corpora	OpenSubtitles+Tatoeba
блонди	1	5	0	OpenSubtitles	risk-accepted:no-grant	0.20	no	operator-widened	прежнее правило: single-source (OpenSubtitles)
булышсам	1	5	0	OpenSubtitles	risk-accepted:no-grant	0.00	no	operator-widened	прежнее правило: single-source (OpenSubtitles)
бәялә	1	5	0	OpenSubtitles	risk-accepted:no-grant	0.00	no	operator-widened	прежнее правило: single-source (OpenSubtitles)
джулиетны	1	5	0	OpenSubtitles	risk-accepted:no-grant	1.00	no	operator-widened	прежнее правило: proper-noun-evidence (cap_ratio=1.00>=0.50)
дошманың	1	5	3	OpenSubtitles+Tatoeba	clean:CC-BY-2.0-FR	0.00	no	two-corpora	OpenSubtitles+Tatoeba
ишет	1	5	2	OpenSubtitles+Tatoeba	clean:CC-BY-2.0-FR	0.00	no	two-corpora	OpenSubtitles+Tatoeba
ишетмәдең	1	5	0	OpenSubtitles	risk-accepted:no-grant	0.00	no	operator-widened	прежнее правило: single-source (OpenSubtitles)
кабатлыйк	1	5	0	OpenSubtitles	risk-accepted:no-grant	0.00	no	operator-widened	прежнее правило: single-source (OpenSubtitles)
кайтмадымы	1	5	0	OpenSubtitles	risk-accepted:no-grant	0.00	no	operator-widened	прежнее правило: single-source (OpenSubtitles)
кайтмасам	1	5	0	OpenSubtitles	risk-accepted:no-grant	0.00	no	operator-widened	прежнее правило: single-source (OpenSubtitles)
кайтуың	1	5	1	OpenSubtitles+Tatoeba	clean:CC-BY-2.0-FR	0.00	no	two-corpora	OpenSubtitles+Tatoeba
кайтуыңны	1	5	2	OpenSubtitles+Tatoeba	clean:CC-BY-2.0-FR	0.00	no	two-corpora	OpenSubtitles+Tatoeba
калмадың	1	5	5	Tatoeba	clean:CC-BY-2.0-FR	0.00	no	operator-widened	прежнее правило: single-source (Tatoeba)
капла	1	5	1	OpenSubtitles+Tatoeba	clean:CC-BY-2.0-FR	0.00	no	two-corpora	OpenSubtitles+Tatoeba
каплармын	1	5	1	OpenSubtitles+Tatoeba	clean:CC-BY-2.0-FR	0.00	no	two-corpora	OpenSubtitles+Tatoeba
киемнәреңне	1	5	2	OpenSubtitles+Tatoeba	clean:CC-BY-2.0-FR	0.00	no	two-corpora	OpenSubtitles+Tatoeba
китердеңме	1	5	0	OpenSubtitles	risk-accepted:no-grant	0.00	no	operator-widened	прежнее правило: single-source (OpenSubtitles)
куркасызмы	1	5	3	OpenSubtitles+Tatoeba	clean:CC-BY-2.0-FR	0.00	no	two-corpora	OpenSubtitles+Tatoeba
курыкмадым	1	5	4	OpenSubtitles+Tatoeba	clean:CC-BY-2.0-FR	0.00	no	two-corpora	OpenSubtitles+Tatoeba
кызма	1	5	0	OpenSubtitles	risk-accepted:no-grant	0.00	no	operator-widened	прежнее правило: single-source (OpenSubtitles)
кыяда	1	5	0	OpenSubtitles	risk-accepted:no-grant	0.00	no	operator-widened	прежнее правило: single-source (OpenSubtitles)
кыяфәтең	1	5	3	OpenSubtitles+Tatoeba	clean:CC-BY-2.0-FR	0.00	no	two-corpora	OpenSubtitles+Tatoeba
көнме	1	5	1	OpenSubtitles+Tatoeba	clean:CC-BY-2.0-FR	0.00	no	two-corpora	OpenSubtitles+Tatoeba
ләззәтлән	1	5	1	OpenSubtitles+Tatoeba	clean:CC-BY-2.0-FR	0.00	no	two-corpora	OpenSubtitles+Tatoeba
манәр	1	5	0	OpenSubtitles	risk-accepted:no-grant	0.00	no	operator-widened	прежнее правило: single-source (OpenSubtitles)
меннад	1	5	5	Tatoeba	clean:CC-BY-2.0-FR	0.00	no	operator-widened	прежнее правило: single-source (Tatoeba)
менәм	1	5	0	OpenSubtitles	risk-accepted:no-grant	0.00	no	operator-widened	прежнее правило: single-source (OpenSubtitles)
мылтыгыңны	1	5	1	OpenSubtitles+Tatoeba	clean:CC-BY-2.0-FR	0.00	no	two-corpora	OpenSubtitles+Tatoeba
нитроглицерин	1	5	0	OpenSubtitles	risk-accepted:no-grant	0.00	no	operator-widened	прежнее правило: single-source (OpenSubtitles)
нишләгәнне	1	5	0	OpenSubtitles	risk-accepted:no-grant	0.00	no	operator-widened	прежнее правило: single-source (OpenSubtitles)
номерыңны	1	5	1	OpenSubtitles+Tatoeba	clean:CC-BY-2.0-FR	0.00	no	two-corpora	OpenSubtitles+Tatoeba
осоно	1	5	0	OpenSubtitles	risk-accepted:no-grant	1.00	no	operator-widened	прежнее правило: proper-noun-evidence (cap_ratio=1.00>=0.50)
оял	1	5	5	Tatoeba	clean:CC-BY-2.0-FR	0.00	no	operator-widened	прежнее правило: single-source (Tatoeba)
оялма	1	5	3	OpenSubtitles+Tatoeba	clean:CC-BY-2.0-FR	0.00	no	two-corpora	OpenSubtitles+Tatoeba
панда	1	5	2	OpenSubtitles+Tatoeba	clean:CC-BY-2.0-FR	0.00	no	two-corpora	OpenSubtitles+Tatoeba
паранойя	1	5	2	OpenSubtitles+Tatoeba	clean:CC-BY-2.0-FR	0.00	no	two-corpora	OpenSubtitles+Tatoeba
пендрагон	1	5	0	OpenSubtitles	risk-accepted:no-grant	1.00	no	operator-widened	прежнее правило: proper-noun-evidence (cap_ratio=1.00>=0.50)
саттыңмы	1	5	2	OpenSubtitles+Tatoeba	clean:CC-BY-2.0-FR	0.00	no	two-corpora	OpenSubtitles+Tatoeba
саубуллаш	1	5	3	OpenSubtitles+Tatoeba	clean:CC-BY-2.0-FR	0.00	no	two-corpora	OpenSubtitles+Tatoeba
селкенсәң	1	5	1	OpenSubtitles+Tatoeba	clean:CC-BY-2.0-FR	0.00	no	two-corpora	OpenSubtitles+Tatoeba
синекенә	1	5	0	OpenSubtitles	risk-accepted:no-grant	0.00	no	operator-widened	прежнее правило: single-source (OpenSubtitles)
сүндерәм	1	5	0	OpenSubtitles	risk-accepted:no-grant	0.00	no	operator-widened	прежнее правило: single-source (OpenSubtitles)
сәлҗыклар	1	5	0	OpenSubtitles	risk-accepted:no-grant	0.00	no	operator-widened	прежнее правило: single-source (OpenSubtitles)
сөйләгәнемне	1	5	3	OpenSubtitles+Tatoeba	clean:CC-BY-2.0-FR	0.00	no	two-corpora	OpenSubtitles+Tatoeba
сөйләмәдеме	1	5	0	OpenSubtitles	risk-accepted:no-grant	0.00	no	operator-widened	прежнее правило: single-source (OpenSubtitles)
сөйләшмәячәкмен	1	5	5	Tatoeba	clean:CC-BY-2.0-FR	0.00	no	operator-widened	прежнее правило: single-source (Tatoeba)
ташламыйм	1	5	1	OpenSubtitles+Tatoeba	clean:CC-BY-2.0-FR	0.00	no	two-corpora	OpenSubtitles+Tatoeba
телефоның	1	5	3	OpenSubtitles+Tatoeba	clean:CC-BY-2.0-FR	0.00	no	two-corpora	OpenSubtitles+Tatoeba
тешләремне	1	5	4	OpenSubtitles+Tatoeba	clean:CC-BY-2.0-FR	0.00	no	two-corpora	OpenSubtitles+Tatoeba
тидердем	1	5	5	Tatoeba	clean:CC-BY-2.0-FR	0.00	no	operator-widened	прежнее правило: single-source (Tatoeba)
тикшерермен	1	5	4	OpenSubtitles+Tatoeba	clean:CC-BY-2.0-FR	0.00	no	two-corpora	OpenSubtitles+Tatoeba
торасыңмы	1	5	3	OpenSubtitles+Tatoeba	clean:CC-BY-2.0-FR	0.00	no	two-corpora	OpenSubtitles+Tatoeba
тоттыгыз	1	5	2	OpenSubtitles+Tatoeba	clean:CC-BY-2.0-FR	0.00	no	two-corpora	OpenSubtitles+Tatoeba
тоттыңмы	1	5	0	OpenSubtitles	risk-accepted:no-grant	0.00	no	operator-widened	прежнее правило: single-source (OpenSubtitles)
тузанкайлар	1	5	0	OpenSubtitles	risk-accepted:no-grant	0.00	no	operator-widened	прежнее правило: single-source (OpenSubtitles)
тыңламадың	1	5	2	OpenSubtitles+Tatoeba	clean:CC-BY-2.0-FR	0.00	no	two-corpora	OpenSubtitles+Tatoeba
түтәй	1	5	0	OpenSubtitles	risk-accepted:no-grant	0.00	no	operator-widened	прежнее правило: single-source (OpenSubtitles)
тәмамладыңмы	1	5	2	OpenSubtitles+Tatoeba	clean:CC-BY-2.0-FR	0.00	no	two-corpora	OpenSubtitles+Tatoeba
тәмек	1	5	0	OpenSubtitles	risk-accepted:no-grant	0.00	no	operator-widened	прежнее правило: single-source (OpenSubtitles)
төзәтегез	1	5	4	OpenSubtitles+Tatoeba	clean:CC-BY-2.0-FR	0.00	no	two-corpora	OpenSubtitles+Tatoeba
төкерәм	1	5	4	OpenSubtitles+Tatoeba	clean:CC-BY-2.0-FR	0.00	no	two-corpora	OpenSubtitles+Tatoeba
төшерермен	1	5	2	OpenSubtitles+Tatoeba	clean:CC-BY-2.0-FR	0.00	no	two-corpora	OpenSubtitles+Tatoeba
уйлавың	1	5	3	OpenSubtitles+Tatoeba	clean:CC-BY-2.0-FR	0.00	no	two-corpora	OpenSubtitles+Tatoeba
уйлавыңны	1	5	3	OpenSubtitles+Tatoeba	clean:CC-BY-2.0-FR	0.00	no	two-corpora	OpenSubtitles+Tatoeba
уйлаганың	1	5	3	OpenSubtitles+Tatoeba	clean:CC-BY-2.0-FR	0.00	no	two-corpora	OpenSubtitles+Tatoeba
уйныйбызмы	1	5	1	OpenSubtitles+Tatoeba	clean:CC-BY-2.0-FR	0.00	no	two-corpora	OpenSubtitles+Tatoeba
футурама	1	5	0	OpenSubtitles	risk-accepted:no-grant	1.00	no	operator-widened	прежнее правило: proper-noun-evidence (cap_ratio=1.00>=0.50)
чагыңда	1	5	1	OpenSubtitles+Tatoeba	clean:CC-BY-2.0-FR	0.00	no	two-corpora	OpenSubtitles+Tatoeba
чыгачакмы	1	5	0	OpenSubtitles	risk-accepted:no-grant	0.00	no	operator-widened	прежнее правило: single-source (OpenSubtitles)
чәчләреңне	1	5	1	OpenSubtitles+Tatoeba	clean:CC-BY-2.0-FR	0.00	no	two-corpora	OpenSubtitles+Tatoeba
шалтыраттың	1	5	2	OpenSubtitles+Tatoeba	clean:CC-BY-2.0-FR	0.00	no	two-corpora	OpenSubtitles+Tatoeba
шатмы	1	5	1	OpenSubtitles+Tatoeba	clean:CC-BY-2.0-FR	0.00	no	two-corpora	OpenSubtitles+Tatoeba
шикләнмисеңме	1	5	0	OpenSubtitles	risk-accepted:no-grant	0.00	no	operator-widened	прежнее правило: single-source (OpenSubtitles)
ышанмадың	1	5	2	OpenSubtitles+Tatoeba	clean:CC-BY-2.0-FR	0.00	no	two-corpora	OpenSubtitles+Tatoeba
эзләдегезме	1	5	1	OpenSubtitles+Tatoeba	clean:CC-BY-2.0-FR	0.00	no	two-corpora	OpenSubtitles+Tatoeba
этемне	1	5	5	Tatoeba	clean:CC-BY-2.0-FR	0.00	no	operator-widened	прежнее правило: single-source (Tatoeba)
эчәсем	1	5	3	OpenSubtitles+Tatoeba	clean:CC-BY-2.0-FR	0.00	no	two-corpora	OpenSubtitles+Tatoeba
эшләгәннәрең	1	5	4	OpenSubtitles+Tatoeba	clean:CC-BY-2.0-FR	0.00	no	two-corpora	OpenSubtitles+Tatoeba
яклармын	1	5	0	OpenSubtitles	risk-accepted:no-grant	0.00	no	operator-widened	прежнее правило: single-source (OpenSubtitles)
ялгышканмындыр	1	5	2	OpenSubtitles+Tatoeba	clean:CC-BY-2.0-FR	0.00	no	two-corpora	OpenSubtitles+Tatoeba
яндырдык	1	5	0	OpenSubtitles	risk-accepted:no-grant	0.00	no	operator-widened	прежнее правило: single-source (OpenSubtitles)
яратканыңны	1	5	3	OpenSubtitles+Tatoeba	clean:CC-BY-2.0-FR	0.00	no	two-corpora	OpenSubtitles+Tatoeba
ясаячакмын	1	5	2	OpenSubtitles+Tatoeba	clean:CC-BY-2.0-FR	0.00	no	two-corpora	OpenSubtitles+Tatoeba
яшерәсең	1	5	0	OpenSubtitles	risk-accepted:no-grant	0.00	no	operator-widened	прежнее правило: single-source (OpenSubtitles)
җибәрдеңме	1	5	0	OpenSubtitles	risk-accepted:no-grant	0.00	no	operator-widened	прежнее правило: single-source (OpenSubtitles)
җибәрерсең	1	5	2	OpenSubtitles+Tatoeba	clean:CC-BY-2.0-FR	0.00	no	two-corpora	OpenSubtitles+Tatoeba
җирләдем	1	5	1	OpenSubtitles+Tatoeba	clean:CC-BY-2.0-FR	0.00	no	two-corpora	OpenSubtitles+Tatoeba
җиңәсең	1	5	1	OpenSubtitles+Tatoeba	clean:CC-BY-2.0-FR	0.00	no	two-corpora	OpenSubtitles+Tatoeba
җыерды	1	5	4	OpenSubtitles+Tatoeba	clean:CC-BY-2.0-FR	0.00	no	two-corpora	OpenSubtitles+Tatoeba
җырлагыз	1	5	3	OpenSubtitles+Tatoeba	clean:CC-BY-2.0-FR	0.00	no	two-corpora	OpenSubtitles+Tatoeba
җырларсың	1	5	4	OpenSubtitles+Tatoeba	clean:CC-BY-2.0-FR	0.00	no	two-corpora	OpenSubtitles+Tatoeba
үлмәдең	1	5	2	OpenSubtitles+Tatoeba	clean:CC-BY-2.0-FR	0.00	no	two-corpora	OpenSubtitles+Tatoeba
үтердек	1	5	0	OpenSubtitles	risk-accepted:no-grant	0.00	no	operator-widened	прежнее правило: single-source (OpenSubtitles)
үтерерләр	1	5	1	OpenSubtitles+Tatoeba	clean:CC-BY-2.0-FR	0.00	no	two-corpora	OpenSubtitles+Tatoeba
үтермәгән	1	5	1	OpenSubtitles+Tatoeba	clean:CC-BY-2.0-FR	0.00	no	two-corpora	OpenSubtitles+Tatoeba
әберчен	1	5	5	Tatoeba	clean:CC-BY-2.0-FR	0.00	no	operator-widened	прежнее правило: single-source (Tatoeba)
әйберләрем	1	5	2	OpenSubtitles+Tatoeba	clean:CC-BY-2.0-FR	0.00	no	two-corpora	OpenSubtitles+Tatoeba
әйтмәдеңме	1	5	3	OpenSubtitles+Tatoeba	clean:CC-BY-2.0-FR	0.00	no	two-corpora	OpenSubtitles+Tatoeba
әйтәме	1	5	3	OpenSubtitles+Tatoeba	clean:CC-BY-2.0-FR	0.00	no	two-corpora	OpenSubtitles+Tatoeba
авыртулы	1	4	1	OpenSubtitles+Tatoeba	clean:CC-BY-2.0-FR	0.00	no	two-corpora	OpenSubtitles+Tatoeba
агыры	1	4	0	OpenSubtitles	risk-accepted:no-grant	0.00	no	operator-widened	прежнее правило: single-source (OpenSubtitles)
акылсызга	1	4	4	Tatoeba	clean:CC-BY-2.0-FR	0.00	no	operator-widened	прежнее правило: single-source (Tatoeba)
акылсызлыкка	1	4	1	OpenSubtitles+Tatoeba	clean:CC-BY-2.0-FR	0.00	no	two-corpora	OpenSubtitles+Tatoeba
алмасбыз	1	4	0	OpenSubtitles	risk-accepted:no-grant	0.00	no	operator-widened	прежнее правило: single-source (OpenSubtitles)
антеннаны	1	4	0	OpenSubtitles	risk-accepted:no-grant	0.00	no	operator-widened	прежнее правило: single-source (OpenSubtitles)
аргансың	1	4	1	OpenSubtitles+Tatoeba	clean:CC-BY-2.0-FR	0.00	no	two-corpora	OpenSubtitles+Tatoeba
арды	1	4	0	OpenSubtitles	risk-accepted:no-grant	0.00	no	operator-widened	прежнее правило: single-source (OpenSubtitles)
аркамны	1	4	0	OpenSubtitles	risk-accepted:no-grant	0.00	no	operator-widened	прежнее правило: single-source (OpenSubtitles)
аркаң	1	4	0	OpenSubtitles	risk-accepted:no-grant	0.00	no	operator-widened	прежнее правило: single-source (OpenSubtitles)
арттырдым	1	4	1	OpenSubtitles+Tatoeba	clean:CC-BY-2.0-FR	0.00	no	two-corpora	OpenSubtitles+Tatoeba
асгардлы	1	4	0	OpenSubtitles	risk-accepted:no-grant	0.67	no	operator-widened	прежнее правило: proper-noun-evidence (cap_ratio=0.67>=0.50)
ахмактан	1	4	1	OpenSubtitles+Tatoeba	clean:CC-BY-2.0-FR	0.00	no	two-corpora	OpenSubtitles+Tatoeba
ачуланам	1	4	2	OpenSubtitles+Tatoeba	clean:CC-BY-2.0-FR	0.00	no	two-corpora	OpenSubtitles+Tatoeba
ачыкларбыз	1	4	1	OpenSubtitles+Tatoeba	clean:CC-BY-2.0-FR	0.00	no	two-corpora	OpenSubtitles+Tatoeba
ашыксак	1	4	2	OpenSubtitles+Tatoeba	clean:CC-BY-2.0-FR	0.00	no	two-corpora	OpenSubtitles+Tatoeba
аңламыйсызмы	1	4	2	OpenSubtitles+Tatoeba	clean:CC-BY-2.0-FR	0.00	no	two-corpora	OpenSubtitles+Tatoeba
байар	1	4	4	Tatoeba	clean:CC-BY-2.0-FR	0.75	no	operator-widened	прежнее правило: proper-noun-evidence (cap_ratio=0.75>=0.50)
байгыш	1	4	4	Tatoeba	clean:CC-BY-2.0-FR	0.00	no	operator-widened	прежнее правило: single-source (Tatoeba)
баксны	1	4	0	OpenSubtitles	risk-accepted:no-grant	0.00	no	operator-widened	прежнее правило: single-source (OpenSubtitles)
бардыңмы	1	4	3	OpenSubtitles+Tatoeba	clean:CC-BY-2.0-FR	0.00	no	two-corpora	OpenSubtitles+Tatoeba
бармакларым	1	4	3	OpenSubtitles+Tatoeba	clean:CC-BY-2.0-FR	0.00	no	two-corpora	OpenSubtitles+Tatoeba
бармыйсыңмы	1	4	2	OpenSubtitles+Tatoeba	clean:CC-BY-2.0-FR	0.00	no	two-corpora	OpenSubtitles+Tatoeba
бауларны	1	4	4	Tatoeba	clean:CC-BY-2.0-FR	0.00	no	operator-widened	прежнее правило: single-source (Tatoeba)
башкисәрләр	1	4	0	OpenSubtitles	risk-accepted:no-grant	0.00	no	operator-widened	прежнее правило: single-source (OpenSubtitles)
башлыйсым	1	4	0	OpenSubtitles	risk-accepted:no-grant	0.00	no	operator-widened	прежнее правило: single-source (OpenSubtitles)
беләчәксең	1	4	0	OpenSubtitles	risk-accepted:no-grant	0.00	no	operator-widened	прежнее правило: single-source (OpenSubtitles)
беттең	1	4	0	OpenSubtitles	risk-accepted:no-grant	0.00	no	operator-widened	прежнее правило: single-source (OpenSubtitles)
биометрия	1	4	0	OpenSubtitles	risk-accepted:no-grant	0.00	no	operator-widened	прежнее правило: single-source (OpenSubtitles)
богауларда	1	4	2	OpenSubtitles+Tatoeba	clean:CC-BY-2.0-FR	0.00	no	two-corpora	OpenSubtitles+Tatoeba
болытсыз	1	4	3	OpenSubtitles+Tatoeba	clean:CC-BY-2.0-FR	0.00	no	two-corpora	OpenSubtitles+Tatoeba
букчасында	1	4	1	OpenSubtitles+Tatoeba	clean:CC-BY-2.0-FR	0.00	no	two-corpora	OpenSubtitles+Tatoeba
букчаңны	1	4	0	OpenSubtitles	risk-accepted:no-grant	0.00	no	operator-widened	прежнее правило: single-source (OpenSubtitles)
булмавыгызны	1	4	4	Tatoeba	clean:CC-BY-2.0-FR	0.00	no	operator-widened	прежнее правило: single-source (Tatoeba)
бункердан	1	4	0	OpenSubtitles	risk-accepted:no-grant	0.00	no	operator-widened	прежнее правило: single-source (OpenSubtitles)
вьет	1	4	4	Tatoeba	clean:CC-BY-2.0-FR	0.00	no	operator-widened	прежнее правило: single-source (Tatoeba)
газапланачак	1	4	0	OpenSubtitles	risk-accepted:no-grant	0.00	no	operator-widened	прежнее правило: single-source (OpenSubtitles)
глайдер	1	4	0	OpenSubtitles	risk-accepted:no-grant	0.00	no	operator-widened	прежнее правило: single-source (OpenSubtitles)
грета	1	4	0	OpenSubtitles	risk-accepted:no-grant	1.00	no	operator-widened	прежнее правило: proper-noun-evidence (cap_ratio=1.00>=0.50)
гудспид	1	4	0	OpenSubtitles	risk-accepted:no-grant	1.00	no	operator-widened	прежнее правило: proper-noun-evidence (cap_ratio=1.00>=0.50)
гыйбадәтханәдән	1	4	0	OpenSubtitles	risk-accepted:no-grant	0.00	no	operator-widened	прежнее правило: single-source (OpenSubtitles)
джунглидагы	1	4	1	OpenSubtitles+Tatoeba	clean:CC-BY-2.0-FR	0.00	no	two-corpora	OpenSubtitles+Tatoeba
дидемме	1	4	1	OpenSubtitles+Tatoeba	clean:CC-BY-2.0-FR	0.00	no	two-corpora	OpenSubtitles+Tatoeba
дозаны	1	4	0	OpenSubtitles	risk-accepted:no-grant	0.00	no	operator-widened	прежнее правило: single-source (OpenSubtitles)
дулкынланма	1	4	0	OpenSubtitles	risk-accepted:no-grant	0.00	no	operator-widened	прежнее правило: single-source (OpenSubtitles)
егылсаң	1	4	3	OpenSubtitles+Tatoeba	clean:CC-BY-2.0-FR	0.00	no	two-corpora	OpenSubtitles+Tatoeba
зепп	1	4	0	OpenSubtitles	risk-accepted:no-grant	1.00	no	operator-widened	прежнее правило: proper-noun-evidence (cap_ratio=1.00>=0.50)
иллюзияләр	1	4	1	OpenSubtitles+Tatoeba	clean:CC-BY-2.0-FR	0.00	no	two-corpora	OpenSubtitles+Tatoeba
индастриз	1	4	0	OpenSubtitles	risk-accepted:no-grant	0.75	no	operator-widened	прежнее правило: proper-noun-evidence (cap_ratio=0.75>=0.50)
иренчәк	1	4	4	Tatoeba	clean:CC-BY-2.0-FR	0.00	no	operator-widened	прежнее правило: single-source (Tatoeba)
исертә	1	4	1	OpenSubtitles+Tatoeba	clean:CC-BY-2.0-FR	0.00	no	two-corpora	OpenSubtitles+Tatoeba
итүең	1	4	1	OpenSubtitles+Tatoeba	clean:CC-BY-2.0-FR	0.00	no	two-corpora	OpenSubtitles+Tatoeba
иңбашларын	1	4	4	Tatoeba	clean:CC-BY-2.0-FR	0.00	no	operator-widened	прежнее правило: single-source (Tatoeba)
йоклыйсыңмы	1	4	2	OpenSubtitles+Tatoeba	clean:CC-BY-2.0-FR	0.00	no	two-corpora	OpenSubtitles+Tatoeba
йортымы	1	4	0	OpenSubtitles	risk-accepted:no-grant	0.00	no	operator-widened	прежнее правило: single-source (OpenSubtitles)
йыван	1	4	4	Tatoeba	clean:CC-BY-2.0-FR	0.00	no	operator-widened	прежнее правило: single-source (Tatoeba)
йөзәсең	1	4	0	OpenSubtitles	risk-accepted:no-grant	0.00	no	operator-widened	прежнее правило: single-source (OpenSubtitles)
кабызыла	1	4	0	OpenSubtitles	risk-accepted:no-grant	0.67	no	operator-widened	прежнее правило: proper-noun-evidence (cap_ratio=0.67>=0.50)
кайгыртырбыз	1	4	1	OpenSubtitles+Tatoeba	clean:CC-BY-2.0-FR	0.00	no	two-corpora	OpenSubtitles+Tatoeba
кайтамы	1	4	3	OpenSubtitles+Tatoeba	clean:CC-BY-2.0-FR	0.00	no	two-corpora	OpenSubtitles+Tatoeba
капот	1	4	0	OpenSubtitles	risk-accepted:no-grant	0.00	no	operator-widened	прежнее правило: single-source (OpenSubtitles)
каргасы	1	4	4	Tatoeba	clean:CC-BY-2.0-FR	0.00	no	operator-widened	прежнее правило: single-source (Tatoeba)
каргышны	1	4	0	OpenSubtitles	risk-accepted:no-grant	0.00	no	operator-widened	прежнее правило: single-source (OpenSubtitles)
качмас	1	4	2	OpenSubtitles+Tatoeba	clean:CC-BY-2.0-FR	0.00	no	two-corpora	OpenSubtitles+Tatoeba
кибернетик	1	4	0	OpenSubtitles	risk-accepted:no-grant	0.00	no	operator-widened	прежнее правило: single-source (OpenSubtitles)
киенде	1	4	3	OpenSubtitles+Tatoeba	clean:CC-BY-2.0-FR	0.00	no	two-corpora	OpenSubtitles+Tatoeba
килешмәдек	1	4	1	OpenSubtitles+Tatoeba	clean:CC-BY-2.0-FR	0.00	no	two-corpora	OpenSubtitles+Tatoeba
киметегез	1	4	1	OpenSubtitles+Tatoeba	clean:CC-BY-2.0-FR	0.00	no	two-corpora	OpenSubtitles+Tatoeba
кимсетте	1	4	1	OpenSubtitles+Tatoeba	clean:CC-BY-2.0-FR	0.00	no	two-corpora	OpenSubtitles+Tatoeba
кисешкәндә	1	4	0	OpenSubtitles	risk-accepted:no-grant	0.00	no	operator-widened	прежнее правило: single-source (OpenSubtitles)
киткәнемне	1	4	0	OpenSubtitles	risk-accepted:no-grant	0.00	no	operator-widened	прежнее правило: single-source (OpenSubtitles)
китмәячәкбез	1	4	3	OpenSubtitles+Tatoeba	clean:CC-BY-2.0-FR	0.00	no	two-corpora	OpenSubtitles+Tatoeba
киттекме	1	4	1	OpenSubtitles+Tatoeba	clean:CC-BY-2.0-FR	0.00	no	two-corpora	OpenSubtitles+Tatoeba
китүебезне	1	4	0	OpenSubtitles	risk-accepted:no-grant	0.00	no	operator-widened	прежнее правило: single-source (OpenSubtitles)
кодлау	1	4	0	OpenSubtitles	risk-accepted:no-grant	0.67	no	operator-widened	прежнее правило: proper-noun-evidence (cap_ratio=0.67>=0.50)
колаклыклар	1	4	0	OpenSubtitles	risk-accepted:no-grant	0.00	no	operator-widened	прежнее правило: single-source (OpenSubtitles)
комачауламагыз	1	4	3	OpenSubtitles+Tatoeba	clean:CC-BY-2.0-FR	0.00	no	two-corpora	OpenSubtitles+Tatoeba
коткарачаклар	1	4	0	OpenSubtitles	risk-accepted:no-grant	0.00	no	operator-widened	прежнее правило: single-source (OpenSubtitles)
коткарачакмын	1	4	0	OpenSubtitles	risk-accepted:no-grant	0.00	no	operator-widened	прежнее правило: single-source (OpenSubtitles)
коткаргач	1	4	0	OpenSubtitles	risk-accepted:no-grant	0.00	no	operator-widened	прежнее правило: single-source (OpenSubtitles)
коткарырмын	1	4	3	OpenSubtitles+Tatoeba	clean:CC-BY-2.0-FR	0.00	no	two-corpora	OpenSubtitles+Tatoeba
котыртырга	1	4	1	OpenSubtitles+Tatoeba	clean:CC-BY-2.0-FR	0.00	no	two-corpora	OpenSubtitles+Tatoeba
кочаклыйм	1	4	0	OpenSubtitles	risk-accepted:no-grant	0.00	no	operator-widened	прежнее правило: single-source (OpenSubtitles)
кулланасыңмы	1	4	2	OpenSubtitles+Tatoeba	clean:CC-BY-2.0-FR	0.00	no	two-corpora	OpenSubtitles+Tatoeba
кушармын	1	4	0	OpenSubtitles	risk-accepted:no-grant	0.00	no	operator-widened	прежнее правило: single-source (OpenSubtitles)
кызымы	1	4	1	OpenSubtitles+Tatoeba	clean:CC-BY-2.0-FR	0.00	no	two-corpora	OpenSubtitles+Tatoeba
кыландым	1	4	2	OpenSubtitles+Tatoeba	clean:CC-BY-2.0-FR	0.00	no	two-corpora	OpenSubtitles+Tatoeba
кытаклый	1	4	4	Tatoeba	clean:CC-BY-2.0-FR	0.00	no	operator-widened	прежнее правило: single-source (Tatoeba)
күзәтәчәкмен	1	4	1	OpenSubtitles+Tatoeba	clean:CC-BY-2.0-FR	0.00	no	two-corpora	OpenSubtitles+Tatoeba
күкәйләрне	1	4	2	OpenSubtitles+Tatoeba	clean:CC-BY-2.0-FR	0.00	no	two-corpora	OpenSubtitles+Tatoeba
күлмәгең	1	4	3	OpenSubtitles+Tatoeba	clean:CC-BY-2.0-FR	0.00	no	two-corpora	OpenSubtitles+Tatoeba
күпертмә	1	4	0	OpenSubtitles	risk-accepted:no-grant	0.00	no	operator-widened	прежнее правило: single-source (OpenSubtitles)
күренәмме	1	4	1	OpenSubtitles+Tatoeba	clean:CC-BY-2.0-FR	0.00	no	two-corpora	OpenSubtitles+Tatoeba
күрешкәнче	1	4	1	OpenSubtitles+Tatoeba	clean:CC-BY-2.0-FR	0.00	no	two-corpora	OpenSubtitles+Tatoeba
күчерик	1	4	0	OpenSubtitles	risk-accepted:no-grant	0.00	no	operator-widened	прежнее правило: single-source (OpenSubtitles)
көнеңне	1	4	4	Tatoeba	clean:CC-BY-2.0-FR	0.00	no	operator-widened	прежнее правило: single-source (Tatoeba)
көнеңә	1	4	2	OpenSubtitles+Tatoeba	clean:CC-BY-2.0-FR	0.00	no	two-corpora	OpenSubtitles+Tatoeba
ләкләк	1	4	4	Tatoeba	clean:CC-BY-2.0-FR	0.00	no	operator-widened	прежнее правило: single-source (Tatoeba)
менегез	1	4	3	OpenSubtitles+Tatoeba	clean:CC-BY-2.0-FR	0.00	no	two-corpora	OpenSubtitles+Tatoeba
намусың	1	4	1	OpenSubtitles+Tatoeba	clean:CC-BY-2.0-FR	0.00	no	two-corpora	OpenSubtitles+Tatoeba
нидавеллир	1	4	0	OpenSubtitles	risk-accepted:no-grant	1.00	no	operator-widened	прежнее правило: proper-noun-evidence (cap_ratio=1.00>=0.50)
нимерия	1	4	0	OpenSubtitles	risk-accepted:no-grant	1.00	no	operator-widened	прежнее правило: proper-noun-evidence (cap_ratio=1.00>=0.50)
ньюман	1	4	0	OpenSubtitles	risk-accepted:no-grant	0.00	no	operator-widened	прежнее правило: single-source (OpenSubtitles)
озынборын	1	4	1	OpenSubtitles+Tatoeba	clean:CC-BY-2.0-FR	0.00	no	two-corpora	OpenSubtitles+Tatoeba
очасыңмы	1	4	1	OpenSubtitles+Tatoeba	clean:CC-BY-2.0-FR	0.00	no	two-corpora	OpenSubtitles+Tatoeba
патшалыкта	1	4	0	OpenSubtitles	risk-accepted:no-grant	0.33	no	operator-widened	прежнее правило: single-source (OpenSubtitles)
пиццага	1	4	4	Tatoeba	clean:CC-BY-2.0-FR	0.00	no	operator-widened	прежнее правило: single-source (Tatoeba)
проблемамы	1	4	0	OpenSubtitles	risk-accepted:no-grant	0.00	no	operator-widened	прежнее правило: single-source (OpenSubtitles)
программалаштырылган	1	4	0	OpenSubtitles	risk-accepted:no-grant	0.00	no	operator-widened	прежнее правило: single-source (OpenSubtitles)
пьетро	1	4	0	OpenSubtitles	risk-accepted:no-grant	1.00	no	operator-widened	прежнее правило: proper-noun-evidence (cap_ratio=1.00>=0.50)
сайлармын	1	4	3	OpenSubtitles+Tatoeba	clean:CC-BY-2.0-FR	0.00	no	two-corpora	OpenSubtitles+Tatoeba
сакны	1	4	0	OpenSubtitles	risk-accepted:no-grant	0.00	no	operator-widened	прежнее правило: single-source (OpenSubtitles)
сатма	1	4	1	OpenSubtitles+Tatoeba	clean:CC-BY-2.0-FR	0.00	no	two-corpora	OpenSubtitles+Tatoeba
сатмадым	1	4	1	OpenSubtitles+Tatoeba	clean:CC-BY-2.0-FR	0.00	no	two-corpora	OpenSubtitles+Tatoeba
сезме	1	4	1	OpenSubtitles+Tatoeba	clean:CC-BY-2.0-FR	0.00	no	two-corpora	OpenSubtitles+Tatoeba
селфи	1	4	1	OpenSubtitles+Tatoeba	clean:CC-BY-2.0-FR	0.00	no	two-corpora	OpenSubtitles+Tatoeba
сойердан	1	4	0	OpenSubtitles	risk-accepted:no-grant	1.00	no	operator-widened	прежнее правило: proper-noun-evidence (cap_ratio=1.00>=0.50)
сорарсың	1	4	0	OpenSubtitles	risk-accepted:no-grant	0.00	no	operator-widened	прежнее правило: single-source (OpenSubtitles)
стейк	1	4	0	OpenSubtitles	risk-accepted:no-grant	0.00	no	operator-widened	прежнее правило: single-source (OpenSubtitles)
стимулятор	1	4	1	OpenSubtitles+Tatoeba	clean:CC-BY-2.0-FR	0.00	no	two-corpora	OpenSubtitles+Tatoeba
стрикленд	1	4	0	OpenSubtitles	risk-accepted:no-grant	1.00	no	operator-widened	прежнее правило: proper-noun-evidence (cap_ratio=1.00>=0.50)
сугыгыз	1	4	3	OpenSubtitles+Tatoeba	clean:CC-BY-2.0-FR	0.00	no	two-corpora	OpenSubtitles+Tatoeba
сындырдың	1	4	2	OpenSubtitles+Tatoeba	clean:CC-BY-2.0-FR	0.00	no	two-corpora	OpenSubtitles+Tatoeba
сүт	1	4	0	OpenSubtitles	risk-accepted:no-grant	0.00	no	operator-widened	прежнее правило: single-source (OpenSubtitles)
сәгатең	1	4	1	OpenSubtitles+Tatoeba	clean:CC-BY-2.0-FR	0.00	no	two-corpora	OpenSubtitles+Tatoeba
сөйләгәнче	1	4	2	OpenSubtitles+Tatoeba	clean:CC-BY-2.0-FR	0.00	no	two-corpora	OpenSubtitles+Tatoeba
сөйләштегезме	1	4	3	OpenSubtitles+Tatoeba	clean:CC-BY-2.0-FR	0.00	no	two-corpora	OpenSubtitles+Tatoeba
сөйләштеме	1	4	2	OpenSubtitles+Tatoeba	clean:CC-BY-2.0-FR	0.00	no	two-corpora	OpenSubtitles+Tatoeba
таныдыңмы	1	4	1	OpenSubtitles+Tatoeba	clean:CC-BY-2.0-FR	0.00	no	two-corpora	OpenSubtitles+Tatoeba
тапмадыңмы	1	4	0	OpenSubtitles	risk-accepted:no-grant	0.00	no	operator-widened	прежнее правило: single-source (OpenSubtitles)
тегесеннән	1	4	4	Tatoeba	clean:CC-BY-2.0-FR	0.00	no	operator-widened	прежнее правило: single-source (Tatoeba)
телимме	1	4	1	OpenSubtitles+Tatoeba	clean:CC-BY-2.0-FR	0.00	no	two-corpora	OpenSubtitles+Tatoeba
тешләрегезне	1	4	3	OpenSubtitles+Tatoeba	clean:CC-BY-2.0-FR	0.00	no	two-corpora	OpenSubtitles+Tatoeba
торның	1	4	0	OpenSubtitles	risk-accepted:no-grant	1.00	no	operator-widened	прежнее правило: proper-noun-evidence (cap_ratio=1.00>=0.50)
туемда	1	4	1	OpenSubtitles+Tatoeba	clean:CC-BY-2.0-FR	0.00	no	two-corpora	OpenSubtitles+Tatoeba
тутырыгыз	1	4	1	OpenSubtitles+Tatoeba	clean:CC-BY-2.0-FR	0.00	no	two-corpora	OpenSubtitles+Tatoeba
тыңламыйм	1	4	0	OpenSubtitles	risk-accepted:no-grant	0.00	no	operator-widened	прежнее правило: single-source (OpenSubtitles)
тыңламыйсың	1	4	0	OpenSubtitles	risk-accepted:no-grant	0.00	no	operator-widened	прежнее правило: single-source (OpenSubtitles)
урладыңмы	1	4	0	OpenSubtitles	risk-accepted:no-grant	0.00	no	operator-widened	прежнее правило: single-source (OpenSubtitles)
утырырсың	1	4	1	OpenSubtitles+Tatoeba	clean:CC-BY-2.0-FR	0.00	no	two-corpora	OpenSubtitles+Tatoeba
хафаланма	1	4	4	Tatoeba	clean:CC-BY-2.0-FR	0.00	no	operator-widened	прежнее правило: single-source (Tatoeba)
хорос	1	4	0	OpenSubtitles	risk-accepted:no-grant	1.00	no	operator-widened	прежнее правило: proper-noun-evidence (cap_ratio=1.00>=0.50)
чакра	1	4	4	Tatoeba	clean:CC-BY-2.0-FR	0.00	no	operator-widened	прежнее правило: single-source (Tatoeba)
чакырдыңмы	1	4	2	OpenSubtitles+Tatoeba	clean:CC-BY-2.0-FR	0.00	no	two-corpora	OpenSubtitles+Tatoeba
чакырт	1	4	0	OpenSubtitles	risk-accepted:no-grant	0.00	no	operator-widened	прежнее правило: single-source (OpenSubtitles)
чемоданда	1	4	0	OpenSubtitles	risk-accepted:no-grant	0.00	no	operator-widened	прежнее правило: single-source (OpenSubtitles)
чистартыгыз	1	4	2	OpenSubtitles+Tatoeba	clean:CC-BY-2.0-FR	0.00	no	two-corpora	OpenSubtitles+Tatoeba
чыгачаксың	1	4	1	OpenSubtitles+Tatoeba	clean:CC-BY-2.0-FR	0.00	no	two-corpora	OpenSubtitles+Tatoeba
шалтыратмадың	1	4	2	OpenSubtitles+Tatoeba	clean:CC-BY-2.0-FR	0.00	no	two-corpora	OpenSubtitles+Tatoeba
шалтыраттыңмы	1	4	3	OpenSubtitles+Tatoeba	clean:CC-BY-2.0-FR	0.00	no	two-corpora	OpenSubtitles+Tatoeba
шартлагач	1	4	0	OpenSubtitles	risk-accepted:no-grant	0.00	no	operator-widened	прежнее правило: single-source (OpenSubtitles)
шеймус	1	4	0	OpenSubtitles	risk-accepted:no-grant	1.00	no	operator-widened	прежнее правило: proper-noun-evidence (cap_ratio=1.00>=0.50)
шикләнмәдем	1	4	2	OpenSubtitles+Tatoeba	clean:CC-BY-2.0-FR	0.00	no	two-corpora	OpenSubtitles+Tatoeba
шәрабне	1	4	0	OpenSubtitles	risk-accepted:no-grant	0.00	no	operator-widened	прежнее правило: single-source (OpenSubtitles)
ышанмам	1	4	0	OpenSubtitles	risk-accepted:no-grant	0.00	no	operator-widened	прежнее правило: single-source (OpenSubtitles)
элронд	1	4	0	OpenSubtitles	risk-accepted:no-grant	1.00	no	operator-widened	прежнее правило: proper-noun-evidence (cap_ratio=1.00>=0.50)
этегез	1	4	3	OpenSubtitles+Tatoeba	clean:CC-BY-2.0-FR	0.00	no	two-corpora	OpenSubtitles+Tatoeba
эчмәде	1	4	2	OpenSubtitles+Tatoeba	clean:CC-BY-2.0-FR	0.00	no	two-corpora	OpenSubtitles+Tatoeba
эчмәдем	1	4	2	OpenSubtitles+Tatoeba	clean:CC-BY-2.0-FR	0.00	no	two-corpora	OpenSubtitles+Tatoeba
эшләпәне	1	4	1	OpenSubtitles+Tatoeba	clean:CC-BY-2.0-FR	0.25	no	two-corpora	OpenSubtitles+Tatoeba
эшләячәксез	1	4	2	OpenSubtitles+Tatoeba	clean:CC-BY-2.0-FR	0.00	no	two-corpora	OpenSubtitles+Tatoeba
ялварам	1	4	0	OpenSubtitles	risk-accepted:no-grant	0.00	no	operator-widened	прежнее правило: single-source (OpenSubtitles)
ялкауның	1	4	4	Tatoeba	clean:CC-BY-2.0-FR	0.00	no	operator-widened	прежнее правило: single-source (Tatoeba)
яттың	1	4	3	OpenSubtitles+Tatoeba	clean:CC-BY-2.0-FR	0.00	no	two-corpora	OpenSubtitles+Tatoeba
яшеңдә	1	4	0	OpenSubtitles	risk-accepted:no-grant	0.00	no	operator-widened	прежнее правило: single-source (OpenSubtitles)
яшисеңме	1	4	2	OpenSubtitles+Tatoeba	clean:CC-BY-2.0-FR	0.00	no	two-corpora	OpenSubtitles+Tatoeba
яшәдегезме	1	4	0	OpenSubtitles	risk-accepted:no-grant	0.00	no	operator-widened	прежнее правило: single-source (OpenSubtitles)
җепсә	1	4	4	Tatoeba	clean:CC-BY-2.0-FR	0.00	no	operator-widened	прежнее правило: single-source (Tatoeba)
җибәрдегез	1	4	0	OpenSubtitles	risk-accepted:no-grant	0.00	no	operator-widened	прежнее правило: single-source (OpenSubtitles)
җимерелдек	1	4	0	OpenSubtitles	risk-accepted:no-grant	0.00	no	operator-widened	прежнее правило: single-source (OpenSubtitles)
җылымы	1	4	3	OpenSubtitles+Tatoeba	clean:CC-BY-2.0-FR	0.00	no	two-corpora	OpenSubtitles+Tatoeba
җылыткычны	1	4	3	OpenSubtitles+Tatoeba	clean:CC-BY-2.0-FR	0.00	no	two-corpora	OpenSubtitles+Tatoeba
җәзалады	1	4	0	OpenSubtitles	risk-accepted:no-grant	0.00	no	operator-widened	прежнее правило: single-source (OpenSubtitles)
үгезле	1	4	0	OpenSubtitles	risk-accepted:no-grant	1.00	no	operator-widened	прежнее правило: proper-noun-evidence (cap_ratio=1.00>=0.50)
үләнчел	1	4	4	Tatoeba	clean:CC-BY-2.0-FR	0.00	no	operator-widened	прежнее правило: single-source (Tatoeba)
үпкәләмәгез	1	4	0	OpenSubtitles	risk-accepted:no-grant	0.00	no	operator-widened	прежнее правило: single-source (OpenSubtitles)
үрмәкүче	1	4	0	OpenSubtitles	risk-accepted:no-grant	0.00	no	operator-widened	прежнее правило: single-source (OpenSubtitles)
үтердегезме	1	4	0	OpenSubtitles	risk-accepted:no-grant	0.00	no	operator-widened	прежнее правило: single-source (OpenSubtitles)
үтердеме	1	4	1	OpenSubtitles+Tatoeba	clean:CC-BY-2.0-FR	0.00	no	two-corpora	OpenSubtitles+Tatoeba
үтерермен	1	4	1	OpenSubtitles+Tatoeba	clean:CC-BY-2.0-FR	0.00	no	two-corpora	OpenSubtitles+Tatoeba
үтерәбез	1	4	0	OpenSubtitles	risk-accepted:no-grant	0.00	no	operator-widened	прежнее правило: single-source (OpenSubtitles)
үтерәсеңме	1	4	0	OpenSubtitles	risk-accepted:no-grant	0.00	no	operator-widened	прежнее правило: single-source (OpenSubtitles)
әчелек	1	4	1	OpenSubtitles+Tatoeba	clean:CC-BY-2.0-FR	0.00	no	two-corpora	OpenSubtitles+Tatoeba
әшнә	1	4	3	OpenSubtitles+Tatoeba	clean:CC-BY-2.0-FR	0.00	no	two-corpora	OpenSubtitles+Tatoeba
өметең	1	4	1	OpenSubtitles+Tatoeba	clean:CC-BY-2.0-FR	0.00	no	two-corpora	OpenSubtitles+Tatoeba
өметләнәсең	1	4	1	OpenSubtitles+Tatoeba	clean:CC-BY-2.0-FR	0.00	no	two-corpora	OpenSubtitles+Tatoeba
өрми	1	4	4	Tatoeba	clean:CC-BY-2.0-FR	0.00	no	operator-widened	прежнее правило: single-source (Tatoeba)
авызыңнан	1	3	3	Tatoeba	clean:CC-BY-2.0-FR	0.00	no	operator-widened	прежнее правило: single-source (Tatoeba)
акупунктура	1	3	0	OpenSubtitles	risk-accepted:no-grant	0.00	no	operator-widened	прежнее правило: single-source (OpenSubtitles)
акыллыга	1	3	3	Tatoeba	clean:CC-BY-2.0-FR	0.00	no	operator-widened	прежнее правило: single-source (Tatoeba)
алдадыгыз	1	3	2	OpenSubtitles+Tatoeba	clean:CC-BY-2.0-FR	0.00	no	two-corpora	OpenSubtitles+Tatoeba
аллергиясе	1	3	3	Tatoeba	clean:CC-BY-2.0-FR	0.00	no	operator-widened	прежнее правило: single-source (Tatoeba)
алмашта	1	3	0	OpenSubtitles	risk-accepted:no-grant	0.00	no	operator-widened	прежнее правило: single-source (OpenSubtitles)
алуыңа	1	3	1	OpenSubtitles+Tatoeba	clean:CC-BY-2.0-FR	0.00	no	two-corpora	OpenSubtitles+Tatoeba
анагызны	1	3	0	OpenSubtitles	risk-accepted:no-grant	0.00	no	operator-widened	прежнее правило: single-source (OpenSubtitles)
анти	1	3	0	OpenSubtitles	risk-accepted:no-grant	0.00	no	operator-widened	прежнее правило: single-source (OpenSubtitles)
аппендиксны	1	3	0	OpenSubtitles	risk-accepted:no-grant	0.00	no	operator-widened	прежнее правило: single-source (OpenSubtitles)
атагызны	1	3	0	OpenSubtitles	risk-accepted:no-grant	0.00	no	operator-widened	прежнее правило: single-source (OpenSubtitles)
атаңа	1	3	0	OpenSubtitles	risk-accepted:no-grant	0.00	no	operator-widened	прежнее правило: single-source (OpenSubtitles)
аучыны	1	3	1	OpenSubtitles+Tatoeba	clean:CC-BY-2.0-FR	0.00	no	two-corpora	OpenSubtitles+Tatoeba
ачармын	1	3	0	OpenSubtitles	risk-accepted:no-grant	0.00	no	operator-widened	прежнее правило: single-source (OpenSubtitles)
ачкычымны	1	3	3	Tatoeba	clean:CC-BY-2.0-FR	0.00	no	operator-widened	прежнее правило: single-source (Tatoeba)
ашат	1	3	1	OpenSubtitles+Tatoeba	clean:CC-BY-2.0-FR	0.00	no	two-corpora	OpenSubtitles+Tatoeba
ашыйсызмы	1	3	1	OpenSubtitles+Tatoeba	clean:CC-BY-2.0-FR	0.00	no	two-corpora	OpenSubtitles+Tatoeba
ашыкмасаң	1	3	0	OpenSubtitles	risk-accepted:no-grant	0.00	no	operator-widened	прежнее правило: single-source (OpenSubtitles)
аякларыңны	1	3	1	OpenSubtitles+Tatoeba	clean:CC-BY-2.0-FR	0.00	no	two-corpora	OpenSubtitles+Tatoeba
аңлатырсың	1	3	1	OpenSubtitles+Tatoeba	clean:CC-BY-2.0-FR	0.00	no	two-corpora	OpenSubtitles+Tatoeba
аңлашабыз	1	3	0	OpenSubtitles	risk-accepted:no-grant	0.00	no	operator-widened	прежнее правило: single-source (OpenSubtitles)
бармыйчак	1	3	0	OpenSubtitles	risk-accepted:no-grant	0.00	no	operator-widened	прежнее правило: single-source (OpenSubtitles)
батареяны	1	3	0	OpenSubtitles	risk-accepted:no-grant	0.00	no	operator-widened	прежнее правило: single-source (OpenSubtitles)
батырдан	1	3	1	OpenSubtitles+Tatoeba	clean:CC-BY-2.0-FR	0.00	no	two-corpora	OpenSubtitles+Tatoeba
башкардың	1	3	2	OpenSubtitles+Tatoeba	clean:CC-BY-2.0-FR	0.00	no	two-corpora	OpenSubtitles+Tatoeba
башлыйчаксың	1	3	0	OpenSubtitles	risk-accepted:no-grant	0.00	no	operator-widened	прежнее правило: single-source (OpenSubtitles)
бейкон	1	3	0	OpenSubtitles	risk-accepted:no-grant	1.00	no	operator-widened	прежнее правило: proper-noun-evidence (cap_ratio=1.00>=0.50)
белмәм	1	3	0	OpenSubtitles	risk-accepted:no-grant	0.00	no	operator-widened	прежнее правило: single-source (OpenSubtitles)
беләчәксез	1	3	0	OpenSubtitles	risk-accepted:no-grant	0.00	no	operator-widened	прежнее правило: single-source (OpenSubtitles)
берүзегез	1	3	2	OpenSubtitles+Tatoeba	clean:CC-BY-2.0-FR	0.00	no	two-corpora	OpenSubtitles+Tatoeba
биисең	1	3	1	OpenSubtitles+Tatoeba	clean:CC-BY-2.0-FR	0.00	no	two-corpora	OpenSubtitles+Tatoeba
бирмәссезме	1	3	3	Tatoeba	clean:CC-BY-2.0-FR	0.00	no	operator-widened	прежнее правило: single-source (Tatoeba)
бликер	1	3	0	OpenSubtitles	risk-accepted:no-grant	1.00	no	operator-widened	прежнее правило: proper-noun-evidence (cap_ratio=1.00>=0.50)
бозма	1	3	0	OpenSubtitles	risk-accepted:no-grant	0.00	no	operator-widened	прежнее правило: single-source (OpenSubtitles)
боргач	1	3	0	OpenSubtitles	risk-accepted:no-grant	0.00	no	operator-widened	прежнее правило: single-source (OpenSubtitles)
бордым	1	3	1	OpenSubtitles+Tatoeba	clean:CC-BY-2.0-FR	0.00	no	two-corpora	OpenSubtitles+Tatoeba
бушатучылар	1	3	0	OpenSubtitles	risk-accepted:no-grant	0.50	no	operator-widened	прежнее правило: proper-noun-evidence (cap_ratio=0.50>=0.50)
бушатыгыз	1	3	2	OpenSubtitles+Tatoeba	clean:CC-BY-2.0-FR	0.00	no	two-corpora	OpenSubtitles+Tatoeba
бэм	1	3	0	OpenSubtitles	risk-accepted:no-grant	0.00	no	operator-widened	прежнее правило: single-source (OpenSubtitles)
бүлдермәгез	1	3	2	OpenSubtitles+Tatoeba	clean:CC-BY-2.0-FR	0.00	no	two-corpora	OpenSubtitles+Tatoeba
бүленик	1	3	0	OpenSubtitles	risk-accepted:no-grant	0.00	no	operator-widened	прежнее правило: single-source (OpenSubtitles)
бәхәсләштегез	1	3	1	OpenSubtitles+Tatoeba	clean:CC-BY-2.0-FR	0.00	no	two-corpora	OpenSubtitles+Tatoeba
ваттың	1	3	0	OpenSubtitles	risk-accepted:no-grant	0.00	no	operator-widened	прежнее правило: single-source (OpenSubtitles)
вөрманн	1	3	3	Tatoeba	clean:CC-BY-2.0-FR	1.00	no	operator-widened	прежнее правило: proper-noun-evidence (cap_ratio=1.00>=0.50)
готэмның	1	3	0	OpenSubtitles	risk-accepted:no-grant	1.00	no	operator-widened	прежнее правило: proper-noun-evidence (cap_ratio=1.00>=0.50)
гриффиндорга	1	3	0	OpenSubtitles	risk-accepted:no-grant	1.00	no	operator-widened	прежнее правило: proper-noun-evidence (cap_ratio=1.00>=0.50)
джулс	1	3	0	OpenSubtitles	risk-accepted:no-grant	1.00	no	operator-widened	прежнее правило: proper-noun-evidence (cap_ratio=1.00>=0.50)
дошманлы	1	3	0	OpenSubtitles	risk-accepted:no-grant	0.00	no	operator-widened	прежнее правило: single-source (OpenSubtitles)
дураль	1	3	0	OpenSubtitles	risk-accepted:no-grant	0.00	no	operator-widened	прежнее правило: single-source (OpenSubtitles)
дустыгызны	1	3	0	OpenSubtitles	risk-accepted:no-grant	0.00	no	operator-widened	прежнее правило: single-source (OpenSubtitles)
егылам	1	3	1	OpenSubtitles+Tatoeba	clean:CC-BY-2.0-FR	0.00	no	two-corpora	OpenSubtitles+Tatoeba
егылганны	1	3	3	Tatoeba	clean:CC-BY-2.0-FR	0.00	no	operator-widened	прежнее правило: single-source (Tatoeba)
елыйсыңмы	1	3	1	OpenSubtitles+Tatoeba	clean:CC-BY-2.0-FR	0.00	no	two-corpora	OpenSubtitles+Tatoeba
зионны	1	3	0	OpenSubtitles	risk-accepted:no-grant	1.00	no	operator-widened	прежнее правило: proper-noun-evidence (cap_ratio=1.00>=0.50)
ишетәсез	1	3	0	OpenSubtitles	risk-accepted:no-grant	0.00	no	operator-widened	прежнее правило: single-source (OpenSubtitles)
йошия	1	3	0	OpenSubtitles	risk-accepted:no-grant	0.00	no	operator-widened	прежнее правило: single-source (OpenSubtitles)
кабатлыйсың	1	3	1	OpenSubtitles+Tatoeba	clean:CC-BY-2.0-FR	0.00	no	two-corpora	OpenSubtitles+Tatoeba
казакча	1	3	3	Tatoeba	clean:CC-BY-2.0-FR	0.00	no	operator-widened	прежнее правило: single-source (Tatoeba)
кайтардың	1	3	0	OpenSubtitles	risk-accepted:no-grant	0.00	no	operator-widened	прежнее правило: single-source (OpenSubtitles)
кайттыңмы	1	3	1	OpenSubtitles+Tatoeba	clean:CC-BY-2.0-FR	0.00	no	two-corpora	OpenSubtitles+Tatoeba
каравыңны	1	3	3	Tatoeba	clean:CC-BY-2.0-FR	0.00	no	operator-widened	прежнее правило: single-source (Tatoeba)
катыштырмагыз	1	3	0	OpenSubtitles	risk-accepted:no-grant	0.00	no	operator-widened	прежнее правило: single-source (OpenSubtitles)
кетто	1	3	0	OpenSubtitles	risk-accepted:no-grant	0.00	no	operator-widened	прежнее правило: single-source (OpenSubtitles)
кечкенәм	1	3	0	OpenSubtitles	risk-accepted:no-grant	0.00	no	operator-widened	прежнее правило: single-source (OpenSubtitles)
киттеләрме	1	3	0	OpenSubtitles	risk-accepted:no-grant	0.00	no	operator-widened	прежнее правило: single-source (OpenSubtitles)
копны	1	3	0	OpenSubtitles	risk-accepted:no-grant	0.00	no	operator-widened	прежнее правило: single-source (OpenSubtitles)
костюмда	1	3	0	OpenSubtitles	risk-accepted:no-grant	0.00	no	operator-widened	прежнее правило: single-source (OpenSubtitles)
коткардык	1	3	0	OpenSubtitles	risk-accepted:no-grant	0.00	no	operator-widened	прежнее правило: single-source (OpenSubtitles)
коткарыйк	1	3	0	OpenSubtitles	risk-accepted:no-grant	0.00	no	operator-widened	прежнее правило: single-source (OpenSubtitles)
кремы	1	3	1	OpenSubtitles+Tatoeba	clean:CC-BY-2.0-FR	0.00	no	two-corpora	OpenSubtitles+Tatoeba
куймам	1	3	2	OpenSubtitles+Tatoeba	clean:CC-BY-2.0-FR	0.00	no	two-corpora	OpenSubtitles+Tatoeba
куркытма	1	3	2	OpenSubtitles+Tatoeba	clean:CC-BY-2.0-FR	0.00	no	two-corpora	OpenSubtitles+Tatoeba
кушмадым	1	3	0	OpenSubtitles	risk-accepted:no-grant	0.00	no	operator-widened	прежнее правило: single-source (OpenSubtitles)
кызарды	1	3	3	Tatoeba	clean:CC-BY-2.0-FR	0.00	no	operator-widened	прежнее правило: single-source (Tatoeba)
кызыкмы	1	3	1	OpenSubtitles+Tatoeba	clean:CC-BY-2.0-FR	0.00	no	two-corpora	OpenSubtitles+Tatoeba
кызыксынасыз	1	3	0	OpenSubtitles	risk-accepted:no-grant	0.00	no	operator-widened	прежнее правило: single-source (OpenSubtitles)
кыланмагыз	1	3	1	OpenSubtitles+Tatoeba	clean:CC-BY-2.0-FR	0.00	no	two-corpora	OpenSubtitles+Tatoeba
кысыгыз	1	3	1	OpenSubtitles+Tatoeba	clean:CC-BY-2.0-FR	0.00	no	two-corpora	OpenSubtitles+Tatoeba
кыяташны	1	3	0	OpenSubtitles	risk-accepted:no-grant	0.00	no	operator-widened	прежнее правило: single-source (OpenSubtitles)
күбрәкме	1	3	1	OpenSubtitles+Tatoeba	clean:CC-BY-2.0-FR	0.00	no	two-corpora	OpenSubtitles+Tatoeba
күрен	1	3	1	OpenSubtitles+Tatoeba	clean:CC-BY-2.0-FR	0.00	no	two-corpora	OpenSubtitles+Tatoeba
күрсәтерсеңме	1	3	3	Tatoeba	clean:CC-BY-2.0-FR	0.00	no	operator-widened	прежнее правило: single-source (Tatoeba)
күрсәтсәм	1	3	0	OpenSubtitles	risk-accepted:no-grant	0.00	no	operator-widened	прежнее правило: single-source (OpenSubtitles)
көткәнгә	1	3	3	Tatoeba	clean:CC-BY-2.0-FR	0.00	no	operator-widened	прежнее правило: single-source (Tatoeba)
көткәнеңне	1	3	2	OpenSubtitles+Tatoeba	clean:CC-BY-2.0-FR	0.00	no	two-corpora	OpenSubtitles+Tatoeba
көчегет	1	3	0	OpenSubtitles	risk-accepted:no-grant	0.00	no	operator-widened	прежнее правило: single-source (OpenSubtitles)
линдси	1	3	0	OpenSubtitles	risk-accepted:no-grant	1.00	no	operator-widened	прежнее правило: proper-noun-evidence (cap_ratio=1.00>=0.50)
лори	1	3	3	Tatoeba	clean:CC-BY-2.0-FR	1.00	no	operator-widened	прежнее правило: proper-noun-evidence (cap_ratio=1.00>=0.50)
мактанчыкның	1	3	3	Tatoeba	clean:CC-BY-2.0-FR	0.00	no	operator-widened	прежнее правило: single-source (Tatoeba)
марстагы	1	3	1	OpenSubtitles+Tatoeba	clean:CC-BY-2.0-FR	1.00	no	operator-widened	прежнее правило: proper-noun-evidence (cap_ratio=1.00>=0.50)
менсәм	1	3	0	OpenSubtitles	risk-accepted:no-grant	0.00	no	operator-widened	прежнее правило: single-source (OpenSubtitles)
миең	1	3	0	OpenSubtitles	risk-accepted:no-grant	0.00	no	operator-widened	прежнее правило: single-source (OpenSubtitles)
милославский	1	3	0	OpenSubtitles	risk-accepted:no-grant	1.00	no	operator-widened	прежнее правило: proper-noun-evidence (cap_ratio=1.00>=0.50)
монсысы	1	3	0	OpenSubtitles	risk-accepted:no-grant	0.00	no	operator-widened	прежнее правило: single-source (OpenSubtitles)
ниндине	1	3	3	Tatoeba	clean:CC-BY-2.0-FR	0.00	no	operator-widened	прежнее правило: single-source (Tatoeba)
нишләгез	1	3	0	OpenSubtitles	risk-accepted:no-grant	0.00	no	operator-widened	прежнее правило: single-source (OpenSubtitles)
нишләттең	1	3	2	OpenSubtitles+Tatoeba	clean:CC-BY-2.0-FR	0.00	no	two-corpora	OpenSubtitles+Tatoeba
ниятлисез	1	3	3	Tatoeba	clean:CC-BY-2.0-FR	0.00	no	operator-widened	прежнее правило: single-source (Tatoeba)
ниятләрең	1	3	0	OpenSubtitles	risk-accepted:no-grant	0.00	no	operator-widened	прежнее правило: single-source (OpenSubtitles)
озаккамы	1	3	1	OpenSubtitles+Tatoeba	clean:CC-BY-2.0-FR	0.00	no	two-corpora	OpenSubtitles+Tatoeba
оранжереяга	1	3	0	OpenSubtitles	risk-accepted:no-grant	0.00	no	operator-widened	прежнее правило: single-source (OpenSubtitles)
оһо	1	3	0	OpenSubtitles	risk-accepted:no-grant	0.00	no	operator-widened	прежнее правило: single-source (OpenSubtitles)
палома	1	3	0	OpenSubtitles	risk-accepted:no-grant	0.00	no	operator-widened	прежнее правило: single-source (OpenSubtitles)
пеннины	1	3	0	OpenSubtitles	risk-accepted:no-grant	1.00	no	operator-widened	прежнее правило: proper-noun-evidence (cap_ratio=1.00>=0.50)
полициячы	1	3	3	Tatoeba	clean:CC-BY-2.0-FR	0.00	no	operator-widened	прежнее правило: single-source (Tatoeba)
проблемам	1	3	3	Tatoeba	clean:CC-BY-2.0-FR	0.00	no	operator-widened	прежнее правило: single-source (Tatoeba)
ризалашсам	1	3	0	OpenSubtitles	risk-accepted:no-grant	0.00	no	operator-widened	прежнее правило: single-source (OpenSubtitles)
руссоны	1	3	0	OpenSubtitles	risk-accepted:no-grant	1.00	no	operator-widened	прежнее правило: proper-noun-evidence (cap_ratio=1.00>=0.50)
сагыначакбыз	1	3	0	OpenSubtitles	risk-accepted:no-grant	0.00	no	operator-widened	прежнее правило: single-source (OpenSubtitles)
салун	1	3	0	OpenSubtitles	risk-accepted:no-grant	0.00	no	operator-widened	прежнее правило: single-source (OpenSubtitles)
салырсың	1	3	0	OpenSubtitles	risk-accepted:no-grant	0.00	no	operator-widened	прежнее правило: single-source (OpenSubtitles)
сатмаячакмын	1	3	3	Tatoeba	clean:CC-BY-2.0-FR	0.00	no	operator-widened	прежнее правило: single-source (Tatoeba)
сеансны	1	3	0	OpenSubtitles	risk-accepted:no-grant	0.00	no	operator-widened	прежнее правило: single-source (OpenSubtitles)
сигналдан	1	3	0	OpenSubtitles	risk-accepted:no-grant	0.00	no	operator-widened	прежнее правило: single-source (OpenSubtitles)
сигәк	1	3	0	OpenSubtitles	risk-accepted:no-grant	0.00	no	operator-widened	прежнее правило: single-source (OpenSubtitles)
сиздегезме	1	3	1	OpenSubtitles+Tatoeba	clean:CC-BY-2.0-FR	0.00	no	two-corpora	OpenSubtitles+Tatoeba
сикерүдән	1	3	0	OpenSubtitles	risk-accepted:no-grant	0.00	no	operator-widened	прежнее правило: single-source (OpenSubtitles)
симуляцияне	1	3	0	OpenSubtitles	risk-accepted:no-grant	0.00	no	operator-widened	прежнее правило: single-source (OpenSubtitles)
сия	1	3	2	OpenSubtitles+Tatoeba	clean:CC-BY-2.0-FR	0.00	no	two-corpora	OpenSubtitles+Tatoeba
скурдж	1	3	0	OpenSubtitles	risk-accepted:no-grant	1.00	no	operator-widened	прежнее правило: proper-noun-evidence (cap_ratio=1.00>=0.50)
слизеринга	1	3	0	OpenSubtitles	risk-accepted:no-grant	1.00	no	operator-widened	прежнее правило: proper-noun-evidence (cap_ratio=1.00>=0.50)
сорауларсыз	1	3	0	OpenSubtitles	risk-accepted:no-grant	0.00	no	operator-widened	прежнее правило: single-source (OpenSubtitles)
стэн	1	3	0	OpenSubtitles	risk-accepted:no-grant	1.00	no	operator-widened	прежнее правило: proper-noun-evidence (cap_ratio=1.00>=0.50)
сукырмы	1	3	2	OpenSubtitles+Tatoeba	clean:CC-BY-2.0-FR	0.00	no	two-corpora	OpenSubtitles+Tatoeba
сусадым	1	3	2	OpenSubtitles+Tatoeba	clean:CC-BY-2.0-FR	0.00	no	two-corpora	OpenSubtitles+Tatoeba
сусаудан	1	3	0	OpenSubtitles	risk-accepted:no-grant	0.00	no	operator-widened	прежнее правило: single-source (OpenSubtitles)
сырасы	1	3	1	OpenSubtitles+Tatoeba	clean:CC-BY-2.0-FR	0.33	no	two-corpora	OpenSubtitles+Tatoeba
сәдәпләр	1	3	0	OpenSubtitles	risk-accepted:no-grant	0.00	no	operator-widened	прежнее правило: single-source (OpenSubtitles)
сөйличәк	1	3	0	OpenSubtitles	risk-accepted:no-grant	0.00	no	operator-widened	прежнее правило: single-source (OpenSubtitles)
сөйләшмәкче	1	3	3	Tatoeba	clean:CC-BY-2.0-FR	0.00	no	operator-widened	прежнее правило: single-source (Tatoeba)
сөйләшмәсәк	1	3	0	OpenSubtitles	risk-accepted:no-grant	0.00	no	operator-widened	прежнее правило: single-source (OpenSubtitles)
сөйләшүегезне	1	3	3	Tatoeba	clean:CC-BY-2.0-FR	0.00	no	operator-widened	прежнее правило: single-source (Tatoeba)
сөйләшәләрме	1	3	3	Tatoeba	clean:CC-BY-2.0-FR	0.00	no	operator-widened	прежнее правило: single-source (Tatoeba)
таб	1	3	0	OpenSubtitles	risk-accepted:no-grant	0.00	no	operator-widened	прежнее правило: single-source (OpenSubtitles)
таити	1	3	1	OpenSubtitles+Tatoeba	clean:CC-BY-2.0-FR	1.00	no	operator-widened	прежнее правило: proper-noun-evidence (cap_ratio=1.00>=0.50)
тамалар	1	3	0	OpenSubtitles	risk-accepted:no-grant	0.00	no	operator-widened	прежнее правило: single-source (OpenSubtitles)
тапшыргычы	1	3	0	OpenSubtitles	risk-accepted:no-grant	0.00	no	operator-widened	прежнее правило: single-source (OpenSubtitles)
ташладыгыз	1	3	2	OpenSubtitles+Tatoeba	clean:CC-BY-2.0-FR	0.00	no	two-corpora	OpenSubtitles+Tatoeba
таягың	1	3	0	OpenSubtitles	risk-accepted:no-grant	0.00	no	operator-widened	прежнее правило: single-source (OpenSubtitles)
тектем	1	3	0	OpenSubtitles	risk-accepted:no-grant	0.00	no	operator-widened	прежнее правило: single-source (OpenSubtitles)
терел	1	3	2	OpenSubtitles+Tatoeba	clean:CC-BY-2.0-FR	0.00	no	two-corpora	OpenSubtitles+Tatoeba
тешең	1	3	2	OpenSubtitles+Tatoeba	clean:CC-BY-2.0-FR	0.00	no	two-corpora	OpenSubtitles+Tatoeba
тигезләмәләр	1	3	0	OpenSubtitles	risk-accepted:no-grant	0.00	no	operator-widened	прежнее правило: single-source (OpenSubtitles)
тимибез	1	3	0	OpenSubtitles	risk-accepted:no-grant	0.00	no	operator-widened	прежнее правило: single-source (OpenSubtitles)
тод	1	3	0	OpenSubtitles	risk-accepted:no-grant	1.00	no	operator-widened	прежнее правило: proper-noun-evidence (cap_ratio=1.00>=0.50)
томбо	1	3	0	OpenSubtitles	risk-accepted:no-grant	1.00	no	operator-widened	прежнее правило: proper-noun-evidence (cap_ratio=1.00>=0.50)
торачаксыңмы	1	3	2	OpenSubtitles+Tatoeba	clean:CC-BY-2.0-FR	0.00	no	two-corpora	OpenSubtitles+Tatoeba
тудыка	1	3	0	OpenSubtitles	risk-accepted:no-grant	0.00	no	operator-widened	прежнее правило: single-source (OpenSubtitles)
туктасаң	1	3	0	OpenSubtitles	risk-accepted:no-grant	0.00	no	operator-widened	прежнее правило: single-source (OpenSubtitles)
тьфу	1	3	0	OpenSubtitles	risk-accepted:no-grant	0.00	no	operator-widened	прежнее правило: single-source (OpenSubtitles)
тәңреләр	1	3	0	OpenSubtitles	risk-accepted:no-grant	0.00	no	operator-widened	прежнее правило: single-source (OpenSubtitles)
тәүрәт	1	3	0	OpenSubtitles	risk-accepted:no-grant	1.00	no	operator-widened	прежнее правило: proper-noun-evidence (cap_ratio=1.00>=0.50)
төзәткәч	1	3	0	OpenSubtitles	risk-accepted:no-grant	0.00	no	operator-widened	прежнее правило: single-source (OpenSubtitles)
төркемме	1	3	0	OpenSubtitles	risk-accepted:no-grant	0.00	no	operator-widened	прежнее правило: single-source (OpenSubtitles)
төсең	1	3	3	Tatoeba	clean:CC-BY-2.0-FR	0.00	no	operator-widened	прежнее правило: single-source (Tatoeba)
төшик	1	3	3	Tatoeba	clean:CC-BY-2.0-FR	0.00	no	operator-widened	прежнее правило: single-source (Tatoeba)
төштегез	1	3	0	OpenSubtitles	risk-accepted:no-grant	0.00	no	operator-widened	прежнее правило: single-source (OpenSubtitles)
узгансың	1	3	0	OpenSubtitles	risk-accepted:no-grant	0.00	no	operator-widened	прежнее правило: single-source (OpenSubtitles)
уйнамадым	1	3	1	OpenSubtitles+Tatoeba	clean:CC-BY-2.0-FR	0.00	no	two-corpora	OpenSubtitles+Tatoeba
уйныйсыз	1	3	2	OpenSubtitles+Tatoeba	clean:CC-BY-2.0-FR	0.00	no	two-corpora	OpenSubtitles+Tatoeba
укыганымны	1	3	1	OpenSubtitles+Tatoeba	clean:CC-BY-2.0-FR	0.00	no	two-corpora	OpenSubtitles+Tatoeba
устрица	1	3	1	OpenSubtitles+Tatoeba	clean:CC-BY-2.0-FR	0.00	no	two-corpora	OpenSubtitles+Tatoeba
утраудамы	1	3	0	OpenSubtitles	risk-accepted:no-grant	0.00	no	operator-widened	прежнее правило: single-source (OpenSubtitles)
утырсагыз	1	3	1	OpenSubtitles+Tatoeba	clean:CC-BY-2.0-FR	0.00	no	two-corpora	OpenSubtitles+Tatoeba
уһһ	1	3	0	OpenSubtitles	risk-accepted:no-grant	0.00	no	operator-widened	прежнее правило: single-source (OpenSubtitles)
фатирымнан	1	3	1	OpenSubtitles+Tatoeba	clean:CC-BY-2.0-FR	0.00	no	two-corpora	OpenSubtitles+Tatoeba
фотографиядә	1	3	3	Tatoeba	clean:CC-BY-2.0-FR	0.00	no	operator-widened	прежнее правило: single-source (Tatoeba)
фәрештәм	1	3	0	OpenSubtitles	risk-accepted:no-grant	0.00	no	operator-widened	прежнее правило: single-source (OpenSubtitles)
хатаңны	1	3	1	OpenSubtitles+Tatoeba	clean:CC-BY-2.0-FR	0.00	no	two-corpora	OpenSubtitles+Tatoeba
хатынымнан	1	3	0	OpenSubtitles	risk-accepted:no-grant	0.00	no	operator-widened	прежнее правило: single-source (OpenSubtitles)
хиллдейл	1	3	0	OpenSubtitles	risk-accepted:no-grant	1.00	no	operator-widened	прежнее правило: proper-noun-evidence (cap_ratio=1.00>=0.50)
хин	1	3	0	OpenSubtitles	risk-accepted:no-grant	1.00	no	operator-widened	прежнее правило: proper-noun-evidence (cap_ratio=1.00>=0.50)
хлороформ	1	3	0	OpenSubtitles	risk-accepted:no-grant	0.00	no	operator-widened	прежнее правило: single-source (OpenSubtitles)
хушлашыр	1	3	2	OpenSubtitles+Tatoeba	clean:CC-BY-2.0-FR	0.00	no	two-corpora	OpenSubtitles+Tatoeba
чакырасыңмы	1	3	2	OpenSubtitles+Tatoeba	clean:CC-BY-2.0-FR	0.00	no	two-corpora	OpenSubtitles+Tatoeba
чакырырмын	1	3	2	OpenSubtitles+Tatoeba	clean:CC-BY-2.0-FR	0.00	no	two-corpora	OpenSubtitles+Tatoeba
чатырларны	1	3	0	OpenSubtitles	risk-accepted:no-grant	0.00	no	operator-widened	прежнее правило: single-source (OpenSubtitles)
читлектән	1	3	1	OpenSubtitles+Tatoeba	clean:CC-BY-2.0-FR	0.00	no	two-corpora	OpenSubtitles+Tatoeba
чиш	1	3	2	OpenSubtitles+Tatoeba	clean:CC-BY-2.0-FR	0.00	no	two-corpora	OpenSubtitles+Tatoeba
чумабыз	1	3	1	OpenSubtitles+Tatoeba	clean:CC-BY-2.0-FR	0.00	no	two-corpora	OpenSubtitles+Tatoeba
чыбыкка	1	3	0	OpenSubtitles	risk-accepted:no-grant	0.00	no	operator-widened	прежнее правило: single-source (OpenSubtitles)
чынаякка	1	3	1	OpenSubtitles+Tatoeba	clean:CC-BY-2.0-FR	0.00	no	two-corpora	OpenSubtitles+Tatoeba
шалтыратачагын	1	3	3	Tatoeba	clean:CC-BY-2.0-FR	0.00	no	operator-widened	прежнее правило: single-source (Tatoeba)
шенон	1	3	0	OpenSubtitles	risk-accepted:no-grant	1.00	no	operator-widened	прежнее правило: proper-noun-evidence (cap_ratio=1.00>=0.50)
шуышасың	1	3	0	OpenSubtitles	risk-accepted:no-grant	0.00	no	operator-widened	прежнее правило: single-source (OpenSubtitles)
шөгелләнәсез	1	3	0	OpenSubtitles	risk-accepted:no-grant	0.00	no	operator-widened	прежнее правило: single-source (OpenSubtitles)
ыгы	1	3	0	OpenSubtitles	risk-accepted:no-grant	0.00	no	operator-widened	прежнее правило: single-source (OpenSubtitles)
ышанырмын	1	3	0	OpenSubtitles	risk-accepted:no-grant	0.00	no	operator-widened	прежнее правило: single-source (OpenSubtitles)
ышкылу	1	3	0	OpenSubtitles	risk-accepted:no-grant	0.00	no	operator-widened	прежнее правило: single-source (OpenSubtitles)
эдитны	1	3	0	OpenSubtitles	risk-accepted:no-grant	1.00	no	operator-widened	прежнее правило: proper-noun-evidence (cap_ratio=1.00>=0.50)
эзәрли	1	3	0	OpenSubtitles	risk-accepted:no-grant	0.00	no	operator-widened	прежнее правило: single-source (OpenSubtitles)
эпицентр	1	3	0	OpenSubtitles	risk-accepted:no-grant	0.00	no	operator-widened	прежнее правило: single-source (OpenSubtitles)
эргәзембай	1	3	3	Tatoeba	clean:CC-BY-2.0-FR	0.00	no	operator-widened	прежнее правило: single-source (Tatoeba)
эшләмичәксең	1	3	0	OpenSubtitles	risk-accepted:no-grant	0.00	no	operator-widened	прежнее правило: single-source (OpenSubtitles)
эшләмәгәнен	1	3	3	Tatoeba	clean:CC-BY-2.0-FR	0.00	no	operator-widened	прежнее правило: single-source (Tatoeba)
югалма	1	3	1	OpenSubtitles+Tatoeba	clean:CC-BY-2.0-FR	0.00	no	two-corpora	OpenSubtitles+Tatoeba
югалтканымны	1	3	1	OpenSubtitles+Tatoeba	clean:CC-BY-2.0-FR	0.00	no	two-corpora	OpenSubtitles+Tatoeba
язачаксың	1	3	2	OpenSubtitles+Tatoeba	clean:CC-BY-2.0-FR	0.00	no	two-corpora	OpenSubtitles+Tatoeba
ялгышкансың	1	3	2	OpenSubtitles+Tatoeba	clean:CC-BY-2.0-FR	0.00	no	two-corpora	OpenSubtitles+Tatoeba
янындамы	1	3	0	OpenSubtitles	risk-accepted:no-grant	0.00	no	operator-widened	прежнее правило: single-source (OpenSubtitles)
ярдәмегездән	1	3	3	Tatoeba	clean:CC-BY-2.0-FR	0.00	no	operator-widened	прежнее правило: single-source (Tatoeba)
ярканатлар	1	3	3	Tatoeba	clean:CC-BY-2.0-FR	0.00	no	operator-widened	прежнее правило: single-source (Tatoeba)
ярлының	1	3	3	Tatoeba	clean:CC-BY-2.0-FR	0.00	no	operator-widened	прежнее правило: single-source (Tatoeba)
ясадымы	1	3	1	OpenSubtitles+Tatoeba	clean:CC-BY-2.0-FR	0.00	no	two-corpora	OpenSubtitles+Tatoeba
ясарсың	1	3	0	OpenSubtitles	risk-accepted:no-grant	0.00	no	operator-widened	прежнее правило: single-source (OpenSubtitles)
яхтада	1	3	0	OpenSubtitles	risk-accepted:no-grant	0.00	no	operator-widened	прежнее правило: single-source (OpenSubtitles)
яшер	1	3	0	OpenSubtitles	risk-accepted:no-grant	0.00	no	operator-widened	прежнее правило: single-source (OpenSubtitles)
яшергәннәрен	1	3	1	OpenSubtitles+Tatoeba	clean:CC-BY-2.0-FR	0.00	no	two-corpora	OpenSubtitles+Tatoeba
җенгә	1	3	0	OpenSubtitles	risk-accepted:no-grant	0.00	no	operator-widened	прежнее правило: single-source (OpenSubtitles)
җибәрмәдем	1	3	2	OpenSubtitles+Tatoeba	clean:CC-BY-2.0-FR	0.00	no	two-corpora	OpenSubtitles+Tatoeba
җик	1	3	3	Tatoeba	clean:CC-BY-2.0-FR	0.00	no	operator-widened	прежнее правило: single-source (Tatoeba)
җитешәчәксең	1	3	0	OpenSubtitles	risk-accepted:no-grant	0.00	no	operator-widened	прежнее правило: single-source (OpenSubtitles)
җыелыгыз	1	3	0	OpenSubtitles	risk-accepted:no-grant	0.00	no	operator-widened	прежнее правило: single-source (OpenSubtitles)
җәзаладым	1	3	0	OpenSubtitles	risk-accepted:no-grant	0.00	no	operator-widened	прежнее правило: single-source (OpenSubtitles)
җәзалаучы	1	3	0	OpenSubtitles	risk-accepted:no-grant	0.00	no	operator-widened	прежнее правило: single-source (OpenSubtitles)
җәһәтрәк	1	3	3	Tatoeba	clean:CC-BY-2.0-FR	0.00	no	operator-widened	прежнее правило: single-source (Tatoeba)
үбештеләр	1	3	3	Tatoeba	clean:CC-BY-2.0-FR	0.00	no	operator-widened	прежнее правило: single-source (Tatoeba)
үзгәртмә	1	3	0	OpenSubtitles	risk-accepted:no-grant	0.00	no	operator-widened	прежнее правило: single-source (OpenSubtitles)
үлгәннәрен	1	3	0	OpenSubtitles	risk-accepted:no-grant	0.00	no	operator-widened	прежнее правило: single-source (OpenSubtitles)
үтермәячәкбез	1	3	0	OpenSubtitles	risk-accepted:no-grant	0.00	no	operator-widened	прежнее правило: single-source (OpenSubtitles)
һаләкәт	1	3	0	OpenSubtitles	risk-accepted:no-grant	0.00	no	operator-widened	прежнее правило: single-source (OpenSubtitles)
һеркулес	1	3	2	OpenSubtitles+Tatoeba	clean:CC-BY-2.0-FR	1.00	no	operator-widened	прежнее правило: proper-noun-evidence (cap_ratio=1.00>=0.50)
әйткәннәренең	1	3	2	OpenSubtitles+Tatoeba	clean:CC-BY-2.0-FR	0.00	no	two-corpora	OpenSubtitles+Tatoeba
өйрәтмәгез	1	3	3	Tatoeba	clean:CC-BY-2.0-FR	0.00	no	operator-widened	прежнее правило: single-source (Tatoeba)
өстәмим	1	3	3	Tatoeba	clean:CC-BY-2.0-FR	0.00	no	operator-widened	прежнее правило: single-source (Tatoeba)
дәшмә	0	23	6	OpenSubtitles+Tatoeba	clean:CC-BY-2.0-FR	0.12	yes	two-corpora	OpenSubtitles+Tatoeba
күрмәдегезме	0	22	3	OpenSubtitles+Tatoeba	clean:CC-BY-2.0-FR	0.00	yes	two-corpora	OpenSubtitles+Tatoeba
бирмәдең	0	21	5	OpenSubtitles+Tatoeba	clean:CC-BY-2.0-FR	0.00	yes	two-corpora	OpenSubtitles+Tatoeba
аңлатырмын	0	20	7	OpenSubtitles+Tatoeba	clean:CC-BY-2.0-FR	0.00	yes	two-corpora	OpenSubtitles+Tatoeba
булмассың	0	20	7	OpenSubtitles+Tatoeba	clean:CC-BY-2.0-FR	0.00	yes	two-corpora	OpenSubtitles+Tatoeba
бармыйсың	0	19	4	OpenSubtitles+Tatoeba	clean:CC-BY-2.0-FR	0.00	yes	two-corpora	OpenSubtitles+Tatoeba
башыңда	0	19	5	OpenSubtitles+Tatoeba	clean:CC-BY-2.0-FR	0.00	yes	two-corpora	OpenSubtitles+Tatoeba
капыны	0	17	0	OpenSubtitles	risk-accepted:no-grant	0.00	yes	operator-widened	прежнее правило: single-source (OpenSubtitles)
күрмәдең	0	17	3	OpenSubtitles+Tatoeba	clean:CC-BY-2.0-FR	0.00	yes	two-corpora	OpenSubtitles+Tatoeba
эшлисеңме	0	17	4	OpenSubtitles+Tatoeba	clean:CC-BY-2.0-FR	0.00	yes	two-corpora	OpenSubtitles+Tatoeba
җибәрдең	0	17	5	OpenSubtitles+Tatoeba	clean:CC-BY-2.0-FR	0.00	yes	two-corpora	OpenSubtitles+Tatoeba
бакс	0	16	0	OpenSubtitles	risk-accepted:no-grant	0.06	yes	operator-widened	прежнее правило: single-source (OpenSubtitles)
нишләдем	0	16	2	OpenSubtitles+Tatoeba	clean:CC-BY-2.0-FR	0.00	yes	two-corpora	OpenSubtitles+Tatoeba
тәртипме	0	16	0	OpenSubtitles	risk-accepted:no-grant	0.00	yes	operator-widened	прежнее правило: single-source (OpenSubtitles)
төшле	0	16	0	OpenSubtitles	risk-accepted:no-grant	0.08	yes	operator-widened	прежнее правило: single-source (OpenSubtitles)
эчәсеңме	0	16	7	OpenSubtitles+Tatoeba	clean:CC-BY-2.0-FR	0.00	yes	two-corpora	OpenSubtitles+Tatoeba
булышасың	0	15	1	OpenSubtitles+Tatoeba	clean:CC-BY-2.0-FR	0.10	yes	two-corpora	OpenSubtitles+Tatoeba
динозавр	0	15	2	OpenSubtitles+Tatoeba	clean:CC-BY-2.0-FR	0.00	yes	two-corpora	OpenSubtitles+Tatoeba
дроннар	0	15	1	OpenSubtitles+Tatoeba	clean:CC-BY-2.0-FR	0.09	yes	two-corpora	OpenSubtitles+Tatoeba
мурза	0	15	0	OpenSubtitles	risk-accepted:no-grant	0.00	yes	operator-widened	прежнее правило: single-source (OpenSubtitles)
очтым	0	15	3	OpenSubtitles+Tatoeba	clean:CC-BY-2.0-FR	0.00	yes	two-corpora	OpenSubtitles+Tatoeba
чыгардың	0	15	2	OpenSubtitles+Tatoeba	clean:CC-BY-2.0-FR	0.00	yes	two-corpora	OpenSubtitles+Tatoeba
үлдеме	0	15	3	OpenSubtitles+Tatoeba	clean:CC-BY-2.0-FR	0.00	yes	two-corpora	OpenSubtitles+Tatoeba
качыгыз	0	14	2	OpenSubtitles+Tatoeba	clean:CC-BY-2.0-FR	0.00	yes	two-corpora	OpenSubtitles+Tatoeba
рацияне	0	14	0	OpenSubtitles	risk-accepted:no-grant	0.00	yes	operator-widened	прежнее правило: single-source (OpenSubtitles)
сындырдым	0	14	6	OpenSubtitles+Tatoeba	clean:CC-BY-2.0-FR	0.07	yes	two-corpora	OpenSubtitles+Tatoeba
туктама	0	14	2	OpenSubtitles+Tatoeba	clean:CC-BY-2.0-FR	0.00	yes	two-corpora	OpenSubtitles+Tatoeba
ялгыштың	0	14	1	OpenSubtitles+Tatoeba	clean:CC-BY-2.0-FR	0.00	yes	two-corpora	OpenSubtitles+Tatoeba
калачакмын	0	13	3	OpenSubtitles+Tatoeba	clean:CC-BY-2.0-FR	0.00	yes	two-corpora	OpenSubtitles+Tatoeba
кычкырма	0	13	6	OpenSubtitles+Tatoeba	clean:CC-BY-2.0-FR	0.00	yes	two-corpora	OpenSubtitles+Tatoeba
күт	0	13	4	OpenSubtitles+Tatoeba	clean:CC-BY-2.0-FR	0.00	yes	two-corpora	OpenSubtitles+Tatoeba
тоелмыймы	0	13	12	OpenSubtitles+Tatoeba	clean:CC-BY-2.0-FR	0.00	yes	two-corpora	OpenSubtitles+Tatoeba
хм	0	13	1	OpenSubtitles+Tatoeba	clean:CC-BY-2.0-FR	0.00	yes	two-corpora	OpenSubtitles+Tatoeba
эзлисезме	0	13	5	OpenSubtitles+Tatoeba	clean:CC-BY-2.0-FR	0.00	yes	two-corpora	OpenSubtitles+Tatoeba
эшләгәнегезне	0	13	6	OpenSubtitles+Tatoeba	clean:CC-BY-2.0-FR	0.00	yes	two-corpora	OpenSubtitles+Tatoeba
албастыны	0	12	1	OpenSubtitles+Tatoeba	clean:CC-BY-2.0-FR	0.00	yes	two-corpora	OpenSubtitles+Tatoeba
ашамадым	0	12	8	OpenSubtitles+Tatoeba	clean:CC-BY-2.0-FR	0.00	yes	two-corpora	OpenSubtitles+Tatoeba
белүеңне	0	12	7	OpenSubtitles+Tatoeba	clean:CC-BY-2.0-FR	0.00	yes	two-corpora	OpenSubtitles+Tatoeba
бриллиантны	0	12	0	OpenSubtitles	risk-accepted:no-grant	0.00	yes	operator-widened	прежнее правило: single-source (OpenSubtitles)
икегезне	0	12	4	OpenSubtitles+Tatoeba	clean:CC-BY-2.0-FR	0.00	yes	two-corpora	OpenSubtitles+Tatoeba
калуыңны	0	12	3	OpenSubtitles+Tatoeba	clean:CC-BY-2.0-FR	0.00	yes	two-corpora	OpenSubtitles+Tatoeba
киен	0	12	6	OpenSubtitles+Tatoeba	clean:CC-BY-2.0-FR	0.00	yes	two-corpora	OpenSubtitles+Tatoeba
мактанма	0	12	11	OpenSubtitles+Tatoeba	clean:CC-BY-2.0-FR	0.00	yes	two-corpora	OpenSubtitles+Tatoeba
теләмәдең	0	12	1	OpenSubtitles+Tatoeba	clean:CC-BY-2.0-FR	0.00	yes	two-corpora	OpenSubtitles+Tatoeba
туктатма	0	12	1	OpenSubtitles+Tatoeba	clean:CC-BY-2.0-FR	0.36	yes	two-corpora	OpenSubtitles+Tatoeba
туктыйк	0	12	1	OpenSubtitles+Tatoeba	clean:CC-BY-2.0-FR	0.00	yes	two-corpora	OpenSubtitles+Tatoeba
хәтерлисең	0	12	2	OpenSubtitles+Tatoeba	clean:CC-BY-2.0-FR	0.00	yes	two-corpora	OpenSubtitles+Tatoeba
ычкын	0	12	3	OpenSubtitles+Tatoeba	clean:CC-BY-2.0-FR	0.00	yes	two-corpora	OpenSubtitles+Tatoeba
әйтмәсәң	0	12	2	OpenSubtitles+Tatoeba	clean:CC-BY-2.0-FR	0.00	yes	two-corpora	OpenSubtitles+Tatoeba
бирмәм	0	11	4	OpenSubtitles+Tatoeba	clean:CC-BY-2.0-FR	0.00	yes	two-corpora	OpenSubtitles+Tatoeba
качасың	0	11	2	OpenSubtitles+Tatoeba	clean:CC-BY-2.0-FR	0.00	yes	two-corpora	OpenSubtitles+Tatoeba
килмәдең	0	11	5	OpenSubtitles+Tatoeba	clean:CC-BY-2.0-FR	0.00	yes	two-corpora	OpenSubtitles+Tatoeba
куштымы	0	11	2	OpenSubtitles+Tatoeba	clean:CC-BY-2.0-FR	0.00	yes	two-corpora	OpenSubtitles+Tatoeba
күндердем	0	11	5	OpenSubtitles+Tatoeba	clean:CC-BY-2.0-FR	0.00	yes	two-corpora	OpenSubtitles+Tatoeba
сайладың	0	11	2	OpenSubtitles+Tatoeba	clean:CC-BY-2.0-FR	0.00	yes	two-corpora	OpenSubtitles+Tatoeba
сизәсеңме	0	11	4	OpenSubtitles+Tatoeba	clean:CC-BY-2.0-FR	0.00	yes	two-corpora	OpenSubtitles+Tatoeba
таллий	0	11	0	OpenSubtitles	risk-accepted:no-grant	0.00	yes	operator-widened	прежнее правило: single-source (OpenSubtitles)
тычкак	0	11	1	OpenSubtitles+Tatoeba	clean:CC-BY-2.0-FR	0.00	yes	two-corpora	OpenSubtitles+Tatoeba
хәлләрегез	0	11	4	OpenSubtitles+Tatoeba	clean:CC-BY-2.0-FR	0.00	yes	two-corpora	OpenSubtitles+Tatoeba
шаяртасың	0	11	5	OpenSubtitles+Tatoeba	clean:CC-BY-2.0-FR	0.00	yes	two-corpora	OpenSubtitles+Tatoeba
эшличәк	0	11	0	OpenSubtitles	risk-accepted:no-grant	0.00	yes	operator-widened	прежнее правило: single-source (OpenSubtitles)
әйтәсеңме	0	11	5	OpenSubtitles+Tatoeba	clean:CC-BY-2.0-FR	0.00	yes	two-corpora	OpenSubtitles+Tatoeba
өйрәтмә	0	11	5	OpenSubtitles+Tatoeba	clean:CC-BY-2.0-FR	0.00	yes	two-corpora	OpenSubtitles+Tatoeba
авыртачак	0	10	0	OpenSubtitles	risk-accepted:no-grant	0.00	yes	operator-widened	прежнее правило: single-source (OpenSubtitles)
аттың	0	10	3	OpenSubtitles+Tatoeba	clean:CC-BY-2.0-FR	0.00	yes	two-corpora	OpenSubtitles+Tatoeba
ачмагыз	0	10	4	OpenSubtitles+Tatoeba	clean:CC-BY-2.0-FR	0.00	yes	two-corpora	OpenSubtitles+Tatoeba
ачуланасың	0	10	5	OpenSubtitles+Tatoeba	clean:CC-BY-2.0-FR	0.00	yes	two-corpora	OpenSubtitles+Tatoeba
ашарсың	0	10	8	OpenSubtitles+Tatoeba	clean:CC-BY-2.0-FR	0.00	yes	two-corpora	OpenSubtitles+Tatoeba
ашыкмыйм	0	10	5	OpenSubtitles+Tatoeba	clean:CC-BY-2.0-FR	0.00	yes	two-corpora	OpenSubtitles+Tatoeba
баруыңны	0	10	3	OpenSubtitles+Tatoeba	clean:CC-BY-2.0-FR	0.00	yes	two-corpora	OpenSubtitles+Tatoeba
башлыйчак	0	10	0	OpenSubtitles	risk-accepted:no-grant	0.00	yes	operator-widened	прежнее правило: single-source (OpenSubtitles)
бирешәм	0	10	0	OpenSubtitles	risk-accepted:no-grant	0.00	yes	operator-widened	прежнее правило: single-source (OpenSubtitles)
диярмен	0	10	0	OpenSubtitles	risk-accepted:no-grant	0.00	yes	operator-widened	прежнее правило: single-source (OpenSubtitles)
йоркка	0	10	0	OpenSubtitles	risk-accepted:no-grant	0.00	no	operator-widened	прежнее правило: single-source (OpenSubtitles)
кабахәтләр	0	10	0	OpenSubtitles	risk-accepted:no-grant	0.00	no	operator-widened	прежнее правило: single-source (OpenSubtitles)
китерәсеңме	0	10	3	OpenSubtitles+Tatoeba	clean:CC-BY-2.0-FR	0.00	no	two-corpora	OpenSubtitles+Tatoeba
кореяча	0	10	2	OpenSubtitles+Tatoeba	clean:CC-BY-2.0-FR	0.12	no	two-corpora	OpenSubtitles+Tatoeba
күрешмәдек	0	10	3	OpenSubtitles+Tatoeba	clean:CC-BY-2.0-FR	0.00	no	two-corpora	OpenSubtitles+Tatoeba
көтәрбез	0	10	1	OpenSubtitles+Tatoeba	clean:CC-BY-2.0-FR	0.00	no	two-corpora	OpenSubtitles+Tatoeba
рич	0	10	0	OpenSubtitles	risk-accepted:no-grant	1.00	no	operator-widened	прежнее правило: proper-noun-evidence (cap_ratio=1.00>=0.50)
тако	0	10	0	OpenSubtitles	risk-accepted:no-grant	0.67	no	operator-widened	прежнее правило: proper-noun-evidence (cap_ratio=0.67>=0.50)
телисеңдер	0	10	3	OpenSubtitles+Tatoeba	clean:CC-BY-2.0-FR	0.00	no	two-corpora	OpenSubtitles+Tatoeba
тешлә	0	10	2	OpenSubtitles+Tatoeba	clean:CC-BY-2.0-FR	0.00	no	two-corpora	OpenSubtitles+Tatoeba
туктаттым	0	10	4	OpenSubtitles+Tatoeba	clean:CC-BY-2.0-FR	0.00	no	two-corpora	OpenSubtitles+Tatoeba
уйлармын	0	10	4	OpenSubtitles+Tatoeba	clean:CC-BY-2.0-FR	0.00	no	two-corpora	OpenSubtitles+Tatoeba
чакыртыгыз	0	10	3	OpenSubtitles+Tatoeba	clean:CC-BY-2.0-FR	0.00	no	two-corpora	OpenSubtitles+Tatoeba
шалканбаш	0	10	0	OpenSubtitles	risk-accepted:no-grant	0.00	no	operator-widened	прежнее правило: single-source (OpenSubtitles)
эшләмәячәкмен	0	10	7	OpenSubtitles+Tatoeba	clean:CC-BY-2.0-FR	0.00	no	two-corpora	OpenSubtitles+Tatoeba
яррабым	0	10	0	OpenSubtitles	risk-accepted:no-grant	0.00	no	operator-widened	прежнее правило: single-source (OpenSubtitles)
ясадыңмы	0	10	1	OpenSubtitles+Tatoeba	clean:CC-BY-2.0-FR	0.00	no	two-corpora	OpenSubtitles+Tatoeba
җибәрәчәкмен	0	10	1	OpenSubtitles+Tatoeba	clean:CC-BY-2.0-FR	0.00	no	two-corpora	OpenSubtitles+Tatoeba
үлер	0	10	0	OpenSubtitles	risk-accepted:no-grant	0.00	no	operator-widened	прежнее правило: single-source (OpenSubtitles)
үләчәкмен	0	10	0	OpenSubtitles	risk-accepted:no-grant	0.00	no	operator-widened	прежнее правило: single-source (OpenSubtitles)
әтиеңә	0	10	5	OpenSubtitles+Tatoeba	clean:CC-BY-2.0-FR	0.00	no	two-corpora	OpenSubtitles+Tatoeba
әфсен	0	10	0	OpenSubtitles	risk-accepted:no-grant	0.00	no	operator-widened	прежнее правило: single-source (OpenSubtitles)
аккургаш	0	9	8	OpenSubtitles+Tatoeba	clean:CC-BY-2.0-FR	0.00	no	two-corpora	OpenSubtitles+Tatoeba
алмыйчак	0	9	0	OpenSubtitles	risk-accepted:no-grant	0.00	no	operator-widened	прежнее правило: single-source (OpenSubtitles)
ашыйсыңмы	0	9	3	OpenSubtitles+Tatoeba	clean:CC-BY-2.0-FR	0.00	no	two-corpora	OpenSubtitles+Tatoeba
аңлатамы	0	9	4	OpenSubtitles+Tatoeba	clean:CC-BY-2.0-FR	0.00	no	two-corpora	OpenSubtitles+Tatoeba
бардыгызмы	0	9	6	OpenSubtitles+Tatoeba	clean:CC-BY-2.0-FR	0.00	no	two-corpora	OpenSubtitles+Tatoeba
бетердеңме	0	9	6	OpenSubtitles+Tatoeba	clean:CC-BY-2.0-FR	0.00	no	two-corpora	OpenSubtitles+Tatoeba
бирәчәксең	0	9	0	OpenSubtitles	risk-accepted:no-grant	0.00	no	operator-widened	прежнее правило: single-source (OpenSubtitles)
буталдым	0	9	0	OpenSubtitles	risk-accepted:no-grant	0.00	no	operator-widened	прежнее правило: single-source (OpenSubtitles)
бүлдермә	0	9	4	OpenSubtitles+Tatoeba	clean:CC-BY-2.0-FR	0.00	no	two-corpora	OpenSubtitles+Tatoeba
галәмнәрдә	0	9	1	OpenSubtitles+Tatoeba	clean:CC-BY-2.0-FR	0.00	no	two-corpora	OpenSubtitles+Tatoeba
име	0	9	0	OpenSubtitles	risk-accepted:no-grant	0.00	no	operator-widened	прежнее правило: single-source (OpenSubtitles)
иярсәң	0	9	9	Tatoeba	clean:CC-BY-2.0-FR	0.00	no	operator-widened	прежнее правило: single-source (Tatoeba)
йом	0	9	1	OpenSubtitles+Tatoeba	clean:CC-BY-2.0-FR	0.00	no	two-corpora	OpenSubtitles+Tatoeba
йөрисеңме	0	9	4	OpenSubtitles+Tatoeba	clean:CC-BY-2.0-FR	0.00	no	two-corpora	OpenSubtitles+Tatoeba
кайтарачакмын	0	9	0	OpenSubtitles	risk-accepted:no-grant	0.00	no	operator-widened	прежнее правило: single-source (OpenSubtitles)
каргага	0	9	8	OpenSubtitles+Tatoeba	clean:CC-BY-2.0-FR	0.00	no	two-corpora	OpenSubtitles+Tatoeba
килгәнеңне	0	9	0	OpenSubtitles	risk-accepted:no-grant	0.00	no	operator-widened	прежнее правило: single-source (OpenSubtitles)
кызмы	0	9	0	OpenSubtitles	risk-accepted:no-grant	0.00	no	operator-widened	прежнее правило: single-source (OpenSubtitles)
күлмәгеңне	0	9	1	OpenSubtitles+Tatoeba	clean:CC-BY-2.0-FR	0.00	no	two-corpora	OpenSubtitles+Tatoeba
күргәнеңчә	0	9	0	OpenSubtitles	risk-accepted:no-grant	0.00	no	operator-widened	прежнее правило: single-source (OpenSubtitles)
күткә	0	9	4	OpenSubtitles+Tatoeba	clean:CC-BY-2.0-FR	0.00	no	two-corpora	OpenSubtitles+Tatoeba
миңамы	0	9	4	OpenSubtitles+Tatoeba	clean:CC-BY-2.0-FR	0.00	no	two-corpora	OpenSubtitles+Tatoeba
патшам	0	9	0	OpenSubtitles	risk-accepted:no-grant	0.12	no	operator-widened	прежнее правило: single-source (OpenSubtitles)
пистолетны	0	9	0	OpenSubtitles	risk-accepted:no-grant	0.00	no	operator-widened	прежнее правило: single-source (OpenSubtitles)
сөрт	0	9	4	OpenSubtitles+Tatoeba	clean:CC-BY-2.0-FR	0.00	no	two-corpora	OpenSubtitles+Tatoeba
табибмы	0	9	0	OpenSubtitles	risk-accepted:no-grant	0.00	no	operator-widened	прежнее правило: single-source (OpenSubtitles)
таныйсыңмы	0	9	2	OpenSubtitles+Tatoeba	clean:CC-BY-2.0-FR	0.00	no	two-corpora	OpenSubtitles+Tatoeba
тикшерик	0	9	1	OpenSubtitles+Tatoeba	clean:CC-BY-2.0-FR	0.00	no	two-corpora	OpenSubtitles+Tatoeba
тоташтыр	0	9	1	OpenSubtitles+Tatoeba	clean:CC-BY-2.0-FR	0.00	no	two-corpora	OpenSubtitles+Tatoeba
уйларсың	0	9	1	OpenSubtitles+Tatoeba	clean:CC-BY-2.0-FR	0.00	no	two-corpora	OpenSubtitles+Tatoeba
чүкечне	0	9	1	OpenSubtitles+Tatoeba	clean:CC-BY-2.0-FR	0.00	no	two-corpora	OpenSubtitles+Tatoeba
эчтең	0	9	4	OpenSubtitles+Tatoeba	clean:CC-BY-2.0-FR	0.00	no	two-corpora	OpenSubtitles+Tatoeba
эшләгәнсең	0	9	7	OpenSubtitles+Tatoeba	clean:CC-BY-2.0-FR	0.00	no	two-corpora	OpenSubtitles+Tatoeba
эшләрсең	0	9	6	OpenSubtitles+Tatoeba	clean:CC-BY-2.0-FR	0.00	no	two-corpora	OpenSubtitles+Tatoeba
ядрәне	0	9	0	OpenSubtitles	risk-accepted:no-grant	0.00	no	operator-widened	прежнее правило: single-source (OpenSubtitles)
үтерәсең	0	9	1	OpenSubtitles+Tatoeba	clean:CC-BY-2.0-FR	0.00	no	two-corpora	OpenSubtitles+Tatoeba
әйттегезме	0	9	6	OpenSubtitles+Tatoeba	clean:CC-BY-2.0-FR	0.00	no	two-corpora	OpenSubtitles+Tatoeba
абыеңны	0	8	3	OpenSubtitles+Tatoeba	clean:CC-BY-2.0-FR	0.00	no	two-corpora	OpenSubtitles+Tatoeba
алганымны	0	8	1	OpenSubtitles+Tatoeba	clean:CC-BY-2.0-FR	0.00	no	two-corpora	OpenSubtitles+Tatoeba
ахмакларча	0	8	3	OpenSubtitles+Tatoeba	clean:CC-BY-2.0-FR	0.00	no	two-corpora	OpenSubtitles+Tatoeba
ашыграк	0	8	0	OpenSubtitles	risk-accepted:no-grant	0.00	no	operator-widened	прежнее правило: single-source (OpenSubtitles)
аякларың	0	8	2	OpenSubtitles+Tatoeba	clean:CC-BY-2.0-FR	0.00	no	two-corpora	OpenSubtitles+Tatoeba
аңлаганчы	0	8	0	OpenSubtitles	risk-accepted:no-grant	0.00	no	operator-widened	прежнее правило: single-source (OpenSubtitles)
бернәрсәдә	0	8	6	OpenSubtitles+Tatoeba	clean:CC-BY-2.0-FR	0.00	no	two-corpora	OpenSubtitles+Tatoeba
берәркем	0	8	1	OpenSubtitles+Tatoeba	clean:CC-BY-2.0-FR	0.00	no	two-corpora	OpenSubtitles+Tatoeba
борчыласыңмы	0	8	0	OpenSubtitles	risk-accepted:no-grant	0.00	no	operator-widened	прежнее правило: single-source (OpenSubtitles)
борчылмас	0	8	2	OpenSubtitles+Tatoeba	clean:CC-BY-2.0-FR	0.00	no	two-corpora	OpenSubtitles+Tatoeba
борыгыз	0	8	6	OpenSubtitles+Tatoeba	clean:CC-BY-2.0-FR	0.00	no	two-corpora	OpenSubtitles+Tatoeba
борыным	0	8	6	OpenSubtitles+Tatoeba	clean:CC-BY-2.0-FR	0.00	no	two-corpora	OpenSubtitles+Tatoeba
булачагымны	0	8	2	OpenSubtitles+Tatoeba	clean:CC-BY-2.0-FR	0.00	no	two-corpora	OpenSubtitles+Tatoeba
булганыбызны	0	8	0	OpenSubtitles	risk-accepted:no-grant	0.00	no	operator-widened	прежнее правило: single-source (OpenSubtitles)
бушмы	0	8	5	OpenSubtitles+Tatoeba	clean:CC-BY-2.0-FR	0.00	no	two-corpora	OpenSubtitles+Tatoeba
бүлмәңне	0	8	6	OpenSubtitles+Tatoeba	clean:CC-BY-2.0-FR	0.00	no	two-corpora	OpenSubtitles+Tatoeba
бәлкидер	0	8	0	OpenSubtitles	risk-accepted:no-grant	0.00	no	operator-widened	прежнее правило: single-source (OpenSubtitles)
бәрелдем	0	8	3	OpenSubtitles+Tatoeba	clean:CC-BY-2.0-FR	0.00	no	two-corpora	OpenSubtitles+Tatoeba
гелгә	0	8	0	OpenSubtitles	risk-accepted:no-grant	0.00	no	operator-widened	прежнее правило: single-source (OpenSubtitles)
димәдем	0	8	0	OpenSubtitles	risk-accepted:no-grant	0.00	no	operator-widened	прежнее правило: single-source (OpenSubtitles)
игелекчеләр	0	8	0	OpenSubtitles	risk-accepted:no-grant	0.00	no	operator-widened	прежнее правило: single-source (OpenSubtitles)
итмәячәкмен	0	8	5	OpenSubtitles+Tatoeba	clean:CC-BY-2.0-FR	0.00	no	two-corpora	OpenSubtitles+Tatoeba
йокламадым	0	8	4	OpenSubtitles+Tatoeba	clean:CC-BY-2.0-FR	0.00	no	two-corpora	OpenSubtitles+Tatoeba
кабызыгыз	0	8	3	OpenSubtitles+Tatoeba	clean:CC-BY-2.0-FR	0.00	no	two-corpora	OpenSubtitles+Tatoeba
кайтабызмы	0	8	1	OpenSubtitles+Tatoeba	clean:CC-BY-2.0-FR	0.00	no	two-corpora	OpenSubtitles+Tatoeba
качам	0	8	3	OpenSubtitles+Tatoeba	clean:CC-BY-2.0-FR	0.00	no	two-corpora	OpenSubtitles+Tatoeba
китәчәксең	0	8	0	OpenSubtitles	risk-accepted:no-grant	0.00	no	operator-widened	прежнее правило: single-source (OpenSubtitles)
көзгедә	0	8	4	OpenSubtitles+Tatoeba	clean:CC-BY-2.0-FR	0.00	no	two-corpora	OpenSubtitles+Tatoeba
көләсеңме	0	8	1	OpenSubtitles+Tatoeba	clean:CC-BY-2.0-FR	0.00	no	two-corpora	OpenSubtitles+Tatoeba
көтәчәкмен	0	8	2	OpenSubtitles+Tatoeba	clean:CC-BY-2.0-FR	0.00	no	two-corpora	OpenSubtitles+Tatoeba
малаймы	0	8	1	OpenSubtitles+Tatoeba	clean:CC-BY-2.0-FR	0.00	no	two-corpora	OpenSubtitles+Tatoeba
мием	0	8	1	OpenSubtitles+Tatoeba	clean:CC-BY-2.0-FR	0.00	no	two-corpora	OpenSubtitles+Tatoeba
миңгерәү	0	8	0	OpenSubtitles	risk-accepted:no-grant	0.00	no	operator-widened	прежнее правило: single-source (OpenSubtitles)
нишлиләр	0	8	2	OpenSubtitles+Tatoeba	clean:CC-BY-2.0-FR	0.00	no	two-corpora	OpenSubtitles+Tatoeba
нишләгәнемне	0	8	0	OpenSubtitles	risk-accepted:no-grant	0.00	no	operator-widened	прежнее правило: single-source (OpenSubtitles)
оныттыгыз	0	8	3	OpenSubtitles+Tatoeba	clean:CC-BY-2.0-FR	0.00	no	two-corpora	OpenSubtitles+Tatoeba
пифия	0	8	0	OpenSubtitles	risk-accepted:no-grant	1.00	no	operator-widened	прежнее правило: proper-noun-evidence (cap_ratio=1.00>=0.50)
салдың	0	8	1	OpenSubtitles+Tatoeba	clean:CC-BY-2.0-FR	0.00	no	two-corpora	OpenSubtitles+Tatoeba
саубуллашмыйча	0	8	6	OpenSubtitles+Tatoeba	clean:CC-BY-2.0-FR	0.00	no	two-corpora	OpenSubtitles+Tatoeba
сейф	0	8	0	OpenSubtitles	risk-accepted:no-grant	0.00	no	operator-widened	прежнее правило: single-source (OpenSubtitles)
сереңне	0	8	4	OpenSubtitles+Tatoeba	clean:CC-BY-2.0-FR	0.00	no	two-corpora	OpenSubtitles+Tatoeba
сорадыгыз	0	8	1	OpenSubtitles+Tatoeba	clean:CC-BY-2.0-FR	0.00	no	two-corpora	OpenSubtitles+Tatoeba
сорыйсыңмы	0	8	2	OpenSubtitles+Tatoeba	clean:CC-BY-2.0-FR	0.00	no	two-corpora	OpenSubtitles+Tatoeba
сөйләдеңме	0	8	2	OpenSubtitles+Tatoeba	clean:CC-BY-2.0-FR	0.00	no	two-corpora	OpenSubtitles+Tatoeba
сөйләмисең	0	8	0	OpenSubtitles	risk-accepted:no-grant	0.00	no	operator-widened	прежнее правило: single-source (OpenSubtitles)
сөймим	0	8	0	OpenSubtitles	risk-accepted:no-grant	0.00	no	operator-widened	прежнее правило: single-source (OpenSubtitles)
тарттың	0	8	4	OpenSubtitles+Tatoeba	clean:CC-BY-2.0-FR	0.00	no	two-corpora	OpenSubtitles+Tatoeba
тозакта	0	8	0	OpenSubtitles	risk-accepted:no-grant	0.00	no	operator-widened	прежнее правило: single-source (OpenSubtitles)
тотма	0	8	5	OpenSubtitles+Tatoeba	clean:CC-BY-2.0-FR	0.00	no	two-corpora	OpenSubtitles+Tatoeba
түләрсең	0	8	4	OpenSubtitles+Tatoeba	clean:CC-BY-2.0-FR	0.00	no	two-corpora	OpenSubtitles+Tatoeba
тәмугта	0	8	1	OpenSubtitles+Tatoeba	clean:CC-BY-2.0-FR	0.00	no	two-corpora	OpenSubtitles+Tatoeba
уйлаганчы	0	8	3	OpenSubtitles+Tatoeba	clean:CC-BY-2.0-FR	0.00	no	two-corpora	OpenSubtitles+Tatoeba
уйлаганымны	0	8	4	OpenSubtitles+Tatoeba	clean:CC-BY-2.0-FR	0.00	no	two-corpora	OpenSubtitles+Tatoeba
укыдыгызмы	0	8	7	OpenSubtitles+Tatoeba	clean:CC-BY-2.0-FR	0.00	no	two-corpora	OpenSubtitles+Tatoeba
уяткыч	0	8	4	OpenSubtitles+Tatoeba	clean:CC-BY-2.0-FR	0.00	no	two-corpora	OpenSubtitles+Tatoeba
чакыртам	0	8	1	OpenSubtitles+Tatoeba	clean:CC-BY-2.0-FR	0.00	no	two-corpora	OpenSubtitles+Tatoeba
чистартам	0	8	4	OpenSubtitles+Tatoeba	clean:CC-BY-2.0-FR	0.00	no	two-corpora	OpenSubtitles+Tatoeba
ышануың	0	8	4	OpenSubtitles+Tatoeba	clean:CC-BY-2.0-FR	0.00	no	two-corpora	OpenSubtitles+Tatoeba
этең	0	8	6	OpenSubtitles+Tatoeba	clean:CC-BY-2.0-FR	0.00	no	two-corpora	OpenSubtitles+Tatoeba
эшләдегезме	0	8	6	OpenSubtitles+Tatoeba	clean:CC-BY-2.0-FR	0.00	no	two-corpora	OpenSubtitles+Tatoeba
яратканымны	0	8	4	OpenSubtitles+Tatoeba	clean:CC-BY-2.0-FR	0.00	no	two-corpora	OpenSubtitles+Tatoeba
ясамадым	0	8	2	OpenSubtitles+Tatoeba	clean:CC-BY-2.0-FR	0.00	no	two-corpora	OpenSubtitles+Tatoeba
яхшының	0	8	8	Tatoeba	clean:CC-BY-2.0-FR	0.00	no	operator-widened	прежнее правило: single-source (Tatoeba)
яшәдең	0	8	1	OpenSubtitles+Tatoeba	clean:CC-BY-2.0-FR	0.00	no	two-corpora	OpenSubtitles+Tatoeba
үлмәдем	0	8	2	OpenSubtitles+Tatoeba	clean:CC-BY-2.0-FR	0.00	no	two-corpora	OpenSubtitles+Tatoeba
һеһ	0	8	0	OpenSubtitles	risk-accepted:no-grant	0.20	no	operator-widened	прежнее правило: single-source (OpenSubtitles)
әйттемме	0	8	4	OpenSubtitles+Tatoeba	clean:CC-BY-2.0-FR	0.00	no	two-corpora	OpenSubtitles+Tatoeba
өйрәтермен	0	8	4	OpenSubtitles+Tatoeba	clean:CC-BY-2.0-FR	0.00	no	two-corpora	OpenSubtitles+Tatoeba
апаңа	0	7	3	OpenSubtitles+Tatoeba	clean:CC-BY-2.0-FR	0.00	no	two-corpora	OpenSubtitles+Tatoeba
атма	0	7	1	OpenSubtitles+Tatoeba	clean:CC-BY-2.0-FR	0.00	no	two-corpora	OpenSubtitles+Tatoeba
ачкычларымны	0	7	6	OpenSubtitles+Tatoeba	clean:CC-BY-2.0-FR	0.00	no	two-corpora	OpenSubtitles+Tatoeba
ачуланачак	0	7	1	OpenSubtitles+Tatoeba	clean:CC-BY-2.0-FR	0.00	no	two-corpora	OpenSubtitles+Tatoeba
аңлармын	0	7	1	OpenSubtitles+Tatoeba	clean:CC-BY-2.0-FR	0.00	no	two-corpora	OpenSubtitles+Tatoeba
аңлатыйм	0	7	1	OpenSubtitles+Tatoeba	clean:CC-BY-2.0-FR	0.00	no	two-corpora	OpenSubtitles+Tatoeba
барышны	0	7	1	OpenSubtitles+Tatoeba	clean:CC-BY-2.0-FR	0.00	no	two-corpora	OpenSubtitles+Tatoeba
бескар	0	7	0	OpenSubtitles	risk-accepted:no-grant	0.00	no	operator-widened	прежнее правило: single-source (OpenSubtitles)
борчымыймы	0	7	3	OpenSubtitles+Tatoeba	clean:CC-BY-2.0-FR	0.00	no	two-corpora	OpenSubtitles+Tatoeba
буем	0	7	3	OpenSubtitles+Tatoeba	clean:CC-BY-2.0-FR	0.00	no	two-corpora	OpenSubtitles+Tatoeba
буйсынам	0	7	0	OpenSubtitles	risk-accepted:no-grant	0.00	no	operator-widened	прежнее правило: single-source (OpenSubtitles)
булачагыңны	0	7	6	OpenSubtitles+Tatoeba	clean:CC-BY-2.0-FR	0.00	no	two-corpora	OpenSubtitles+Tatoeba
бәйрәмханә	0	7	7	Tatoeba	clean:CC-BY-2.0-FR	0.00	no	operator-widened	прежнее правило: single-source (Tatoeba)
бәрдең	0	7	0	OpenSubtitles	risk-accepted:no-grant	0.00	no	operator-widened	прежнее правило: single-source (OpenSubtitles)
вю	0	7	0	OpenSubtitles	risk-accepted:no-grant	0.00	no	operator-widened	прежнее правило: single-source (OpenSubtitles)
диваналар	0	7	1	OpenSubtitles+Tatoeba	clean:CC-BY-2.0-FR	0.00	no	two-corpora	OpenSubtitles+Tatoeba
дидегезме	0	7	0	OpenSubtitles	risk-accepted:no-grant	0.00	no	operator-widened	прежнее правило: single-source (OpenSubtitles)
дәме	0	7	1	OpenSubtitles+Tatoeba	clean:CC-BY-2.0-FR	0.00	no	two-corpora	OpenSubtitles+Tatoeba
исбатла	0	7	0	OpenSubtitles	risk-accepted:no-grant	0.00	no	operator-widened	прежнее правило: single-source (OpenSubtitles)
исәпләдем	0	7	0	OpenSubtitles	risk-accepted:no-grant	0.00	no	operator-widened	прежнее правило: single-source (OpenSubtitles)
иткәнемне	0	7	2	OpenSubtitles+Tatoeba	clean:CC-BY-2.0-FR	0.00	no	two-corpora	OpenSubtitles+Tatoeba
калдырдыңмы	0	7	2	OpenSubtitles+Tatoeba	clean:CC-BY-2.0-FR	0.00	no	two-corpora	OpenSubtitles+Tatoeba
калуымны	0	7	4	OpenSubtitles+Tatoeba	clean:CC-BY-2.0-FR	0.00	no	two-corpora	OpenSubtitles+Tatoeba
картлыч	0	7	0	OpenSubtitles	risk-accepted:no-grant	0.00	no	operator-widened	прежнее правило: single-source (OpenSubtitles)
кидең	0	7	1	OpenSubtitles+Tatoeba	clean:CC-BY-2.0-FR	0.00	no	two-corpora	OpenSubtitles+Tatoeba
килгәнең	0	7	1	OpenSubtitles+Tatoeba	clean:CC-BY-2.0-FR	0.00	no	two-corpora	OpenSubtitles+Tatoeba
координаталар	0	7	0	OpenSubtitles	risk-accepted:no-grant	0.00	no	operator-widened	прежнее правило: single-source (OpenSubtitles)
координаталарны	0	7	0	OpenSubtitles	risk-accepted:no-grant	0.00	no	operator-widened	прежнее правило: single-source (OpenSubtitles)
куачаклар	0	7	1	OpenSubtitles+Tatoeba	clean:CC-BY-2.0-FR	0.00	no	two-corpora	OpenSubtitles+Tatoeba
кулланасың	0	7	1	OpenSubtitles+Tatoeba	clean:CC-BY-2.0-FR	0.00	no	two-corpora	OpenSubtitles+Tatoeba
куркынычсызлыкта	0	7	6	OpenSubtitles+Tatoeba	clean:CC-BY-2.0-FR	0.00	no	two-corpora	OpenSubtitles+Tatoeba
кыланасың	0	7	3	OpenSubtitles+Tatoeba	clean:CC-BY-2.0-FR	0.00	no	two-corpora	OpenSubtitles+Tatoeba
кэти	0	7	1	OpenSubtitles+Tatoeba	clean:CC-BY-2.0-FR	1.00	no	operator-widened	прежнее правило: proper-noun-evidence (cap_ratio=1.00>=0.50)
күзләрегезне	0	7	7	Tatoeba	clean:CC-BY-2.0-FR	0.00	no	operator-widened	прежнее правило: single-source (Tatoeba)
күнле	0	7	0	OpenSubtitles	risk-accepted:no-grant	0.00	no	operator-widened	прежнее правило: single-source (OpenSubtitles)
күчендем	0	7	2	OpenSubtitles+Tatoeba	clean:CC-BY-2.0-FR	0.00	no	two-corpora	OpenSubtitles+Tatoeba
кәчтүм	0	7	0	OpenSubtitles	risk-accepted:no-grant	0.00	no	operator-widened	прежнее правило: single-source (OpenSubtitles)
көллияттән	0	7	1	OpenSubtitles+Tatoeba	clean:CC-BY-2.0-FR	0.00	no	two-corpora	OpenSubtitles+Tatoeba
көлмә	0	7	7	Tatoeba	clean:CC-BY-2.0-FR	0.00	no	operator-widened	прежнее правило: single-source (Tatoeba)
линди	0	7	0	OpenSubtitles	risk-accepted:no-grant	1.00	no	operator-widened	прежнее правило: proper-noun-evidence (cap_ratio=1.00>=0.50)
модулен	0	7	0	OpenSubtitles	risk-accepted:no-grant	0.00	no	operator-widened	прежнее правило: single-source (OpenSubtitles)
нишләгәнебезне	0	7	2	OpenSubtitles+Tatoeba	clean:CC-BY-2.0-FR	0.00	no	two-corpora	OpenSubtitles+Tatoeba
оештырдың	0	7	1	OpenSubtitles+Tatoeba	clean:CC-BY-2.0-FR	0.00	no	two-corpora	OpenSubtitles+Tatoeba
очачакбыз	0	7	3	OpenSubtitles+Tatoeba	clean:CC-BY-2.0-FR	0.00	no	two-corpora	OpenSubtitles+Tatoeba
ошыйм	0	7	2	OpenSubtitles+Tatoeba	clean:CC-BY-2.0-FR	0.00	no	two-corpora	OpenSubtitles+Tatoeba
пейджер	0	7	0	OpenSubtitles	risk-accepted:no-grant	0.00	no	operator-widened	прежнее правило: single-source (OpenSubtitles)
ризалаштың	0	7	0	OpenSubtitles	risk-accepted:no-grant	0.00	no	operator-widened	прежнее правило: single-source (OpenSubtitles)
роверны	0	7	0	OpenSubtitles	risk-accepted:no-grant	0.00	no	operator-widened	прежнее правило: single-source (OpenSubtitles)
рәсәйлеләр	0	7	7	Tatoeba	clean:CC-BY-2.0-FR	0.00	no	operator-widened	прежнее правило: single-source (Tatoeba)
сакалың	0	7	1	OpenSubtitles+Tatoeba	clean:CC-BY-2.0-FR	0.00	no	two-corpora	OpenSubtitles+Tatoeba
сездәме	0	7	4	OpenSubtitles+Tatoeba	clean:CC-BY-2.0-FR	0.00	no	two-corpora	OpenSubtitles+Tatoeba
сезнекеме	0	7	4	OpenSubtitles+Tatoeba	clean:CC-BY-2.0-FR	0.00	no	two-corpora	OpenSubtitles+Tatoeba
сизүем	0	7	0	OpenSubtitles	risk-accepted:no-grant	0.00	no	operator-widened	прежнее правило: single-source (OpenSubtitles)
сюзан	0	7	2	OpenSubtitles+Tatoeba	clean:CC-BY-2.0-FR	1.00	no	operator-widened	прежнее правило: proper-noun-evidence (cap_ratio=1.00>=0.50)
танымадым	0	7	4	OpenSubtitles+Tatoeba	clean:CC-BY-2.0-FR	0.00	no	two-corpora	OpenSubtitles+Tatoeba
таптымы	0	7	2	OpenSubtitles+Tatoeba	clean:CC-BY-2.0-FR	0.00	no	two-corpora	OpenSubtitles+Tatoeba
тезлән	0	7	0	OpenSubtitles	risk-accepted:no-grant	0.00	no	operator-widened	прежнее правило: single-source (OpenSubtitles)
текила	0	7	1	OpenSubtitles+Tatoeba	clean:CC-BY-2.0-FR	0.00	no	two-corpora	OpenSubtitles+Tatoeba
телләшмә	0	7	1	OpenSubtitles+Tatoeba	clean:CC-BY-2.0-FR	0.25	no	two-corpora	OpenSubtitles+Tatoeba
теләдегез	0	7	2	OpenSubtitles+Tatoeba	clean:CC-BY-2.0-FR	0.00	no	two-corpora	OpenSubtitles+Tatoeba
теләрсез	0	7	1	OpenSubtitles+Tatoeba	clean:CC-BY-2.0-FR	0.00	no	two-corpora	OpenSubtitles+Tatoeba
тоник	0	7	0	OpenSubtitles	risk-accepted:no-grant	0.00	no	operator-widened	прежнее правило: single-source (OpenSubtitles)
тордыңмы	0	7	1	OpenSubtitles+Tatoeba	clean:CC-BY-2.0-FR	0.00	no	two-corpora	OpenSubtitles+Tatoeba
тотлыга	0	7	1	OpenSubtitles+Tatoeba	clean:CC-BY-2.0-FR	0.00	no	two-corpora	OpenSubtitles+Tatoeba
туктатмас	0	7	0	OpenSubtitles	risk-accepted:no-grant	0.00	no	operator-widened	прежнее правило: single-source (OpenSubtitles)
тый	0	7	6	OpenSubtitles+Tatoeba	clean:CC-BY-2.0-FR	0.00	no	two-corpora	OpenSubtitles+Tatoeba
тынычландыр	0	7	1	OpenSubtitles+Tatoeba	clean:CC-BY-2.0-FR	0.00	no	two-corpora	OpenSubtitles+Tatoeba
тырышасыңмы	0	7	2	OpenSubtitles+Tatoeba	clean:CC-BY-2.0-FR	0.00	no	two-corpora	OpenSubtitles+Tatoeba
төштең	0	7	1	OpenSubtitles+Tatoeba	clean:CC-BY-2.0-FR	0.00	no	two-corpora	OpenSubtitles+Tatoeba
фадил	0	7	7	Tatoeba	clean:CC-BY-2.0-FR	1.00	no	operator-widened	прежнее правило: proper-noun-evidence (cap_ratio=1.00>=0.50)
файлны	0	7	5	OpenSubtitles+Tatoeba	clean:CC-BY-2.0-FR	0.00	no	two-corpora	OpenSubtitles+Tatoeba
фотографияне	0	7	6	OpenSubtitles+Tatoeba	clean:CC-BY-2.0-FR	0.00	no	two-corpora	OpenSubtitles+Tatoeba
хатыныңа	0	7	5	OpenSubtitles+Tatoeba	clean:CC-BY-2.0-FR	0.00	no	two-corpora	OpenSubtitles+Tatoeba
чизбургерлар	0	7	0	OpenSubtitles	risk-accepted:no-grant	0.00	no	operator-widened	прежнее правило: single-source (OpenSubtitles)
шалтыратыр	0	7	1	OpenSubtitles+Tatoeba	clean:CC-BY-2.0-FR	0.00	no	two-corpora	OpenSubtitles+Tatoeba
эләктерегез	0	7	1	OpenSubtitles+Tatoeba	clean:CC-BY-2.0-FR	0.00	no	two-corpora	OpenSubtitles+Tatoeba
этәргә	0	7	0	OpenSubtitles	risk-accepted:no-grant	0.00	no	operator-widened	прежнее правило: single-source (OpenSubtitles)
яракларны	0	7	0	OpenSubtitles	risk-accepted:no-grant	0.00	no	operator-widened	прежнее правило: single-source (OpenSubtitles)
җибәрдеме	0	7	0	OpenSubtitles	risk-accepted:no-grant	0.00	no	operator-widened	прежнее правило: single-source (OpenSubtitles)
үлдек	0	7	0	OpenSubtitles	risk-accepted:no-grant	0.00	no	operator-widened	прежнее правило: single-source (OpenSubtitles)
үләчәксез	0	7	0	OpenSubtitles	risk-accepted:no-grant	0.00	no	operator-widened	прежнее правило: single-source (OpenSubtitles)
үтермәде	0	7	0	OpenSubtitles	risk-accepted:no-grant	0.00	no	operator-widened	прежнее правило: single-source (OpenSubtitles)
үткәрдең	0	7	0	OpenSubtitles	risk-accepted:no-grant	0.00	no	operator-widened	прежнее правило: single-source (OpenSubtitles)
һе	0	7	2	OpenSubtitles+Tatoeba	clean:CC-BY-2.0-FR	0.00	no	two-corpora	OpenSubtitles+Tatoeba
әбикәй	0	7	0	OpenSubtitles	risk-accepted:no-grant	0.00	no	operator-widened	прежнее правило: single-source (OpenSubtitles)
әвен	0	7	7	Tatoeba	clean:CC-BY-2.0-FR	0.00	no	operator-widened	прежнее правило: single-source (Tatoeba)
әзерлисез	0	7	6	OpenSubtitles+Tatoeba	clean:CC-BY-2.0-FR	0.00	no	two-corpora	OpenSubtitles+Tatoeba
әйткәнеңне	0	7	2	OpenSubtitles+Tatoeba	clean:CC-BY-2.0-FR	0.00	no	two-corpora	OpenSubtitles+Tatoeba
акыллының	0	6	5	OpenSubtitles+Tatoeba	clean:CC-BY-2.0-FR	0.00	no	two-corpora	OpenSubtitles+Tatoeba
алачыкта	0	6	2	OpenSubtitles+Tatoeba	clean:CC-BY-2.0-FR	0.00	no	two-corpora	OpenSubtitles+Tatoeba
асгардлылар	0	6	0	OpenSubtitles	risk-accepted:no-grant	0.67	no	operator-widened	прежнее правило: proper-noun-evidence (cap_ratio=0.67>=0.50)
ачтыңмы	0	6	3	OpenSubtitles+Tatoeba	clean:CC-BY-2.0-FR	0.00	no	two-corpora	OpenSubtitles+Tatoeba
ачуланасыңмы	0	6	3	OpenSubtitles+Tatoeba	clean:CC-BY-2.0-FR	0.00	no	two-corpora	OpenSubtitles+Tatoeba
ачуыңны	0	6	4	OpenSubtitles+Tatoeba	clean:CC-BY-2.0-FR	0.00	no	two-corpora	OpenSubtitles+Tatoeba
ашарсыңмы	0	6	4	OpenSubtitles+Tatoeba	clean:CC-BY-2.0-FR	0.00	no	two-corpora	OpenSubtitles+Tatoeba
ашасам	0	6	2	OpenSubtitles+Tatoeba	clean:CC-BY-2.0-FR	0.00	no	two-corpora	OpenSubtitles+Tatoeba
барачаксыз	0	6	1	OpenSubtitles+Tatoeba	clean:CC-BY-2.0-FR	0.00	no	two-corpora	OpenSubtitles+Tatoeba
барганыгызны	0	6	5	OpenSubtitles+Tatoeba	clean:CC-BY-2.0-FR	0.00	no	two-corpora	OpenSubtitles+Tatoeba
бармадың	0	6	6	Tatoeba	clean:CC-BY-2.0-FR	0.00	no	operator-widened	прежнее правило: single-source (Tatoeba)
белмәячәкбез	0	6	3	OpenSubtitles+Tatoeba	clean:CC-BY-2.0-FR	0.00	no	two-corpora	OpenSubtitles+Tatoeba
белүең	0	6	3	OpenSubtitles+Tatoeba	clean:CC-BY-2.0-FR	0.00	no	two-corpora	OpenSubtitles+Tatoeba
бербер	0	6	6	Tatoeba	clean:CC-BY-2.0-FR	0.20	no	operator-widened	прежнее правило: single-source (Tatoeba)
берсеме	0	6	3	OpenSubtitles+Tatoeba	clean:CC-BY-2.0-FR	0.00	no	two-corpora	OpenSubtitles+Tatoeba
бикләдем	0	6	1	OpenSubtitles+Tatoeba	clean:CC-BY-2.0-FR	0.00	no	two-corpora	OpenSubtitles+Tatoeba
бирдегезме	0	6	5	OpenSubtitles+Tatoeba	clean:CC-BY-2.0-FR	0.00	no	two-corpora	OpenSubtitles+Tatoeba
боздыгыз	0	6	0	OpenSubtitles	risk-accepted:no-grant	0.00	no	operator-widened	прежнее правило: single-source (OpenSubtitles)
боздым	0	6	0	OpenSubtitles	risk-accepted:no-grant	0.00	no	operator-widened	прежнее правило: single-source (OpenSubtitles)
бран	0	6	0	OpenSubtitles	risk-accepted:no-grant	0.00	no	operator-widened	прежнее правило: single-source (OpenSubtitles)
букчамны	0	6	1	OpenSubtitles+Tatoeba	clean:CC-BY-2.0-FR	0.00	no	two-corpora	OpenSubtitles+Tatoeba
букчаны	0	6	2	OpenSubtitles+Tatoeba	clean:CC-BY-2.0-FR	0.00	no	two-corpora	OpenSubtitles+Tatoeba
бушат	0	6	1	OpenSubtitles+Tatoeba	clean:CC-BY-2.0-FR	0.00	no	two-corpora	OpenSubtitles+Tatoeba
бүлдерәм	0	6	1	OpenSubtitles+Tatoeba	clean:CC-BY-2.0-FR	0.00	no	two-corpora	OpenSubtitles+Tatoeba
бүлмәм	0	6	5	OpenSubtitles+Tatoeba	clean:CC-BY-2.0-FR	0.00	no	two-corpora	OpenSubtitles+Tatoeba
бүлмәмне	0	6	5	OpenSubtitles+Tatoeba	clean:CC-BY-2.0-FR	0.00	no	two-corpora	OpenSubtitles+Tatoeba
бәдрәфтән	0	6	0	OpenSubtitles	risk-accepted:no-grant	0.00	no	operator-widened	прежнее правило: single-source (OpenSubtitles)
бәрдем	0	6	1	OpenSubtitles+Tatoeba	clean:CC-BY-2.0-FR	0.00	no	two-corpora	OpenSubtitles+Tatoeba
ваттым	0	6	4	OpenSubtitles+Tatoeba	clean:CC-BY-2.0-FR	0.00	no	two-corpora	OpenSubtitles+Tatoeba
даның	0	6	6	Tatoeba	clean:CC-BY-2.0-FR	0.17	no	operator-widened	прежнее правило: single-source (Tatoeba)
десертка	0	6	4	OpenSubtitles+Tatoeba	clean:CC-BY-2.0-FR	0.00	no	two-corpora	OpenSubtitles+Tatoeba
джеф	0	6	0	OpenSubtitles	risk-accepted:no-grant	1.00	no	operator-widened	прежнее правило: proper-noun-evidence (cap_ratio=1.00>=0.50)
дустыбызны	0	6	0	OpenSubtitles	risk-accepted:no-grant	0.00	no	operator-widened	прежнее правило: single-source (OpenSubtitles)
идарәсез	0	6	1	OpenSubtitles+Tatoeba	clean:CC-BY-2.0-FR	0.00	no	two-corpora	OpenSubtitles+Tatoeba
итмик	0	6	4	OpenSubtitles+Tatoeba	clean:CC-BY-2.0-FR	0.00	no	two-corpora	OpenSubtitles+Tatoeba
итмәдең	0	6	1	OpenSubtitles+Tatoeba	clean:CC-BY-2.0-FR	0.00	no	two-corpora	OpenSubtitles+Tatoeba
ишегез	0	6	1	OpenSubtitles+Tatoeba	clean:CC-BY-2.0-FR	0.00	no	two-corpora	OpenSubtitles+Tatoeba
йокладың	0	6	0	OpenSubtitles	risk-accepted:no-grant	0.00	no	operator-widened	прежнее правило: single-source (OpenSubtitles)
йөзеңдә	0	6	3	OpenSubtitles+Tatoeba	clean:CC-BY-2.0-FR	0.00	no	two-corpora	OpenSubtitles+Tatoeba
кайтарасың	0	6	0	OpenSubtitles	risk-accepted:no-grant	0.00	no	operator-widened	прежнее правило: single-source (OpenSubtitles)
кайтмыйбыз	0	6	1	OpenSubtitles+Tatoeba	clean:CC-BY-2.0-FR	0.00	no	two-corpora	OpenSubtitles+Tatoeba
кайтмыйчак	0	6	0	OpenSubtitles	risk-accepted:no-grant	0.00	no	operator-widened	прежнее правило: single-source (OpenSubtitles)
кайтуыңа	0	6	1	OpenSubtitles+Tatoeba	clean:CC-BY-2.0-FR	0.00	no	two-corpora	OpenSubtitles+Tatoeba
канта	0	6	0	OpenSubtitles	risk-accepted:no-grant	1.00	no	operator-widened	прежнее правило: proper-noun-evidence (cap_ratio=1.00>=0.50)
карамадыгыз	0	6	5	OpenSubtitles+Tatoeba	clean:CC-BY-2.0-FR	0.00	no	two-corpora	OpenSubtitles+Tatoeba
караҗимеш	0	6	5	OpenSubtitles+Tatoeba	clean:CC-BY-2.0-FR	0.00	no	two-corpora	OpenSubtitles+Tatoeba
карганың	0	6	6	Tatoeba	clean:CC-BY-2.0-FR	0.00	no	operator-widened	прежнее правило: single-source (Tatoeba)
керешик	0	6	0	OpenSubtitles	risk-accepted:no-grant	0.00	no	operator-widened	прежнее правило: single-source (OpenSubtitles)
керәсеңме	0	6	3	OpenSubtitles+Tatoeba	clean:CC-BY-2.0-FR	0.00	no	two-corpora	OpenSubtitles+Tatoeba
кесәне	0	6	0	OpenSubtitles	risk-accepted:no-grant	0.00	no	operator-widened	прежнее правило: single-source (OpenSubtitles)
кешеләрме	0	6	1	OpenSubtitles+Tatoeba	clean:CC-BY-2.0-FR	0.00	no	two-corpora	OpenSubtitles+Tatoeba
килмәсәгез	0	6	2	OpenSubtitles+Tatoeba	clean:CC-BY-2.0-FR	0.00	no	two-corpora	OpenSubtitles+Tatoeba
киләбезме	0	6	0	OpenSubtitles	risk-accepted:no-grant	0.00	no	operator-widened	прежнее правило: single-source (OpenSubtitles)
киләчәкме	0	6	1	OpenSubtitles+Tatoeba	clean:CC-BY-2.0-FR	0.00	no	two-corpora	OpenSubtitles+Tatoeba
китермисең	0	6	0	OpenSubtitles	risk-accepted:no-grant	0.00	no	operator-widened	прежнее правило: single-source (OpenSubtitles)
клэр	0	6	0	OpenSubtitles	risk-accepted:no-grant	1.00	no	operator-widened	прежнее правило: proper-noun-evidence (cap_ratio=1.00>=0.50)
костюмым	0	6	2	OpenSubtitles+Tatoeba	clean:CC-BY-2.0-FR	0.00	no	two-corpora	OpenSubtitles+Tatoeba
кулландың	0	6	0	OpenSubtitles	risk-accepted:no-grant	0.00	no	operator-widened	прежнее правило: single-source (OpenSubtitles)
кулланмадым	0	6	2	OpenSubtitles+Tatoeba	clean:CC-BY-2.0-FR	0.00	no	two-corpora	OpenSubtitles+Tatoeba
куркытасың	0	6	2	OpenSubtitles+Tatoeba	clean:CC-BY-2.0-FR	0.00	no	two-corpora	OpenSubtitles+Tatoeba
курыксаң	0	6	1	OpenSubtitles+Tatoeba	clean:CC-BY-2.0-FR	0.00	no	two-corpora	OpenSubtitles+Tatoeba
куштыгыз	0	6	1	OpenSubtitles+Tatoeba	clean:CC-BY-2.0-FR	0.00	no	two-corpora	OpenSubtitles+Tatoeba
кушылсам	0	6	2	OpenSubtitles+Tatoeba	clean:CC-BY-2.0-FR	0.00	no	two-corpora	OpenSubtitles+Tatoeba
күзлегемне	0	6	4	OpenSubtitles+Tatoeba	clean:CC-BY-2.0-FR	0.00	no	two-corpora	OpenSubtitles+Tatoeba
күренгәнен	0	6	1	OpenSubtitles+Tatoeba	clean:CC-BY-2.0-FR	0.00	no	two-corpora	OpenSubtitles+Tatoeba
күрендең	0	6	2	OpenSubtitles+Tatoeba	clean:CC-BY-2.0-FR	0.00	no	two-corpora	OpenSubtitles+Tatoeba
күтеңә	0	6	0	OpenSubtitles	risk-accepted:no-grant	0.00	no	operator-widened	прежнее правило: single-source (OpenSubtitles)
көтсәң	0	6	1	OpenSubtitles+Tatoeba	clean:CC-BY-2.0-FR	0.00	no	two-corpora	OpenSubtitles+Tatoeba
көтәсезме	0	6	2	OpenSubtitles+Tatoeba	clean:CC-BY-2.0-FR	0.00	no	two-corpora	OpenSubtitles+Tatoeba
көчәнергә	0	6	0	OpenSubtitles	risk-accepted:no-grant	0.00	no	operator-widened	прежнее правило: single-source (OpenSubtitles)
ләззәтләнегез	0	6	2	OpenSubtitles+Tatoeba	clean:CC-BY-2.0-FR	0.00	no	two-corpora	OpenSubtitles+Tatoeba
марика	0	6	6	Tatoeba	clean:CC-BY-2.0-FR	1.00	no	operator-widened	прежнее правило: proper-noun-evidence (cap_ratio=1.00>=0.50)
менсә	0	6	6	Tatoeba	clean:CC-BY-2.0-FR	0.00	no	operator-widened	прежнее правило: single-source (Tatoeba)
мидтаун	0	6	0	OpenSubtitles	risk-accepted:no-grant	1.00	no	operator-widened	прежнее правило: proper-noun-evidence (cap_ratio=1.00>=0.50)
митч	0	6	0	OpenSubtitles	risk-accepted:no-grant	1.00	no	operator-widened	прежнее правило: proper-noun-evidence (cap_ratio=1.00>=0.50)
мәгарәләрдә	0	6	0	OpenSubtitles	risk-accepted:no-grant	0.00	no	operator-widened	прежнее правило: single-source (OpenSubtitles)
нейтан	0	6	0	OpenSubtitles	risk-accepted:no-grant	1.00	no	operator-widened	прежнее правило: proper-noun-evidence (cap_ratio=1.00>=0.50)
нишличәксең	0	6	0	OpenSubtitles	risk-accepted:no-grant	0.00	no	operator-widened	прежнее правило: single-source (OpenSubtitles)
нишлә	0	6	4	OpenSubtitles+Tatoeba	clean:CC-BY-2.0-FR	0.00	no	two-corpora	OpenSubtitles+Tatoeba
номи	0	6	0	OpenSubtitles	risk-accepted:no-grant	1.00	no	operator-widened	прежнее правило: proper-noun-evidence (cap_ratio=1.00>=0.50)
онытачак	0	6	1	OpenSubtitles+Tatoeba	clean:CC-BY-2.0-FR	0.00	no	two-corpora	OpenSubtitles+Tatoeba
оныттыгызмы	0	6	3	OpenSubtitles+Tatoeba	clean:CC-BY-2.0-FR	0.00	no	two-corpora	OpenSubtitles+Tatoeba
онытыйк	0	6	3	OpenSubtitles+Tatoeba	clean:CC-BY-2.0-FR	0.00	no	two-corpora	OpenSubtitles+Tatoeba
осталыгың	0	6	2	OpenSubtitles+Tatoeba	clean:CC-BY-2.0-FR	0.00	no	two-corpora	OpenSubtitles+Tatoeba
очмыйм	0	6	1	OpenSubtitles+Tatoeba	clean:CC-BY-2.0-FR	0.00	no	two-corpora	OpenSubtitles+Tatoeba
очтыгыз	0	6	0	OpenSubtitles	risk-accepted:no-grant	0.00	no	operator-widened	прежнее правило: single-source (OpenSubtitles)
паспортым	0	6	6	Tatoeba	clean:CC-BY-2.0-FR	0.00	no	operator-widened	прежнее правило: single-source (Tatoeba)
пикник	0	6	0	OpenSubtitles	risk-accepted:no-grant	0.00	no	operator-widened	прежнее правило: single-source (OpenSubtitles)
проблемаларым	0	6	6	Tatoeba	clean:CC-BY-2.0-FR	0.00	no	operator-widened	прежнее правило: single-source (Tatoeba)
проблемаң	0	6	6	Tatoeba	clean:CC-BY-2.0-FR	0.00	no	operator-widened	прежнее правило: single-source (Tatoeba)
роудс	0	6	0	OpenSubtitles	risk-accepted:no-grant	1.00	no	operator-widened	прежнее правило: proper-noun-evidence (cap_ratio=1.00>=0.50)
рәнҗетмәс	0	6	3	OpenSubtitles+Tatoeba	clean:CC-BY-2.0-FR	0.00	no	two-corpora	OpenSubtitles+Tatoeba
сайланганнар	0	6	0	OpenSubtitles	risk-accepted:no-grant	0.20	no	operator-widened	прежнее правило: single-source (OpenSubtitles)
саминың	0	6	6	Tatoeba	clean:CC-BY-2.0-FR	1.00	no	operator-widened	прежнее правило: proper-noun-evidence (cap_ratio=1.00>=0.50)
санама	0	6	5	OpenSubtitles+Tatoeba	clean:CC-BY-2.0-FR	0.00	no	two-corpora	OpenSubtitles+Tatoeba
сасыган	0	6	1	OpenSubtitles+Tatoeba	clean:CC-BY-2.0-FR	0.00	no	two-corpora	OpenSubtitles+Tatoeba
себеркене	0	6	0	OpenSubtitles	risk-accepted:no-grant	0.00	no	operator-widened	прежнее правило: single-source (OpenSubtitles)
сикердем	0	6	0	OpenSubtitles	risk-accepted:no-grant	0.00	no	operator-widened	прежнее правило: single-source (OpenSubtitles)
сикерәсең	0	6	0	OpenSubtitles	risk-accepted:no-grant	0.00	no	operator-widened	прежнее правило: single-source (OpenSubtitles)
симерсә	0	6	6	Tatoeba	clean:CC-BY-2.0-FR	0.00	no	operator-widened	прежнее правило: single-source (Tatoeba)
скафандрда	0	6	0	OpenSubtitles	risk-accepted:no-grant	0.00	no	operator-widened	прежнее правило: single-source (OpenSubtitles)
скипетрны	0	6	0	OpenSubtitles	risk-accepted:no-grant	0.20	no	operator-widened	прежнее правило: single-source (OpenSubtitles)
сорадыңмы	0	6	2	OpenSubtitles+Tatoeba	clean:CC-BY-2.0-FR	0.00	no	two-corpora	OpenSubtitles+Tatoeba
сорамадылар	0	6	2	OpenSubtitles+Tatoeba	clean:CC-BY-2.0-FR	0.00	no	two-corpora	OpenSubtitles+Tatoeba
сорауларыңа	0	6	3	OpenSubtitles+Tatoeba	clean:CC-BY-2.0-FR	0.00	no	two-corpora	OpenSubtitles+Tatoeba
соустагы	0	6	0	OpenSubtitles	risk-accepted:no-grant	0.00	no	operator-widened	прежнее правило: single-source (OpenSubtitles)
сәдәпне	0	6	0	OpenSubtitles	risk-accepted:no-grant	0.00	no	operator-widened	прежнее правило: single-source (OpenSubtitles)
сөйләмәсәң	0	6	2	OpenSubtitles+Tatoeba	clean:CC-BY-2.0-FR	0.00	no	two-corpora	OpenSubtitles+Tatoeba
сөйләшмибез	0	6	3	OpenSubtitles+Tatoeba	clean:CC-BY-2.0-FR	0.00	no	two-corpora	OpenSubtitles+Tatoeba
сөйләштегез	0	6	2	OpenSubtitles+Tatoeba	clean:CC-BY-2.0-FR	0.00	no	two-corpora	OpenSubtitles+Tatoeba
тартай	0	6	6	Tatoeba	clean:CC-BY-2.0-FR	0.00	no	operator-widened	прежнее правило: single-source (Tatoeba)
тартмачы	0	6	0	OpenSubtitles	risk-accepted:no-grant	0.33	no	operator-widened	прежнее правило: single-source (OpenSubtitles)
теләвеңне	0	6	4	OpenSubtitles+Tatoeba	clean:CC-BY-2.0-FR	0.00	no	two-corpora	OpenSubtitles+Tatoeba
тешләрем	0	6	1	OpenSubtitles+Tatoeba	clean:CC-BY-2.0-FR	0.00	no	two-corpora	OpenSubtitles+Tatoeba
тишәргә	0	6	0	OpenSubtitles	risk-accepted:no-grant	0.00	no	operator-widened	прежнее правило: single-source (OpenSubtitles)
туктыйсыңмы	0	6	0	OpenSubtitles	risk-accepted:no-grant	0.00	no	operator-widened	прежнее правило: single-source (OpenSubtitles)
тәмамламадым	0	6	2	OpenSubtitles+Tatoeba	clean:CC-BY-2.0-FR	0.00	no	two-corpora	OpenSubtitles+Tatoeba
уең	0	6	1	OpenSubtitles+Tatoeba	clean:CC-BY-2.0-FR	0.00	no	two-corpora	OpenSubtitles+Tatoeba
уйламас	0	6	1	OpenSubtitles+Tatoeba	clean:CC-BY-2.0-FR	0.00	no	two-corpora	OpenSubtitles+Tatoeba
уйныйсыңмы	0	6	3	OpenSubtitles+Tatoeba	clean:CC-BY-2.0-FR	0.00	no	two-corpora	OpenSubtitles+Tatoeba
урладыгыз	0	6	1	OpenSubtitles+Tatoeba	clean:CC-BY-2.0-FR	0.00	no	two-corpora	OpenSubtitles+Tatoeba
утырдыңмы	0	6	2	OpenSubtitles+Tatoeba	clean:CC-BY-2.0-FR	0.00	no	two-corpora	OpenSubtitles+Tatoeba
уяныгыз	0	6	3	OpenSubtitles+Tatoeba	clean:CC-BY-2.0-FR	0.00	no	two-corpora	OpenSubtitles+Tatoeba
фургонны	0	6	0	OpenSubtitles	risk-accepted:no-grant	0.00	no	operator-widened	прежнее правило: single-source (OpenSubtitles)
чизбургер	0	6	0	OpenSubtitles	risk-accepted:no-grant	0.00	no	operator-widened	прежнее правило: single-source (OpenSubtitles)
чистамы	0	6	4	OpenSubtitles+Tatoeba	clean:CC-BY-2.0-FR	0.00	no	two-corpora	OpenSubtitles+Tatoeba
чәчеңне	0	6	5	OpenSubtitles+Tatoeba	clean:CC-BY-2.0-FR	0.00	no	two-corpora	OpenSubtitles+Tatoeba
шатлан	0	6	1	OpenSubtitles+Tatoeba	clean:CC-BY-2.0-FR	0.00	no	two-corpora	OpenSubtitles+Tatoeba
шаярттым	0	6	2	OpenSubtitles+Tatoeba	clean:CC-BY-2.0-FR	0.00	no	two-corpora	OpenSubtitles+Tatoeba
ышандың	0	6	0	OpenSubtitles	risk-accepted:no-grant	0.00	no	operator-widened	прежнее правило: single-source (OpenSubtitles)
эләктеңме	0	6	0	OpenSubtitles	risk-accepted:no-grant	0.00	no	operator-widened	прежнее правило: single-source (OpenSubtitles)
эсперантода	0	6	6	Tatoeba	clean:CC-BY-2.0-FR	0.00	no	operator-widened	прежнее правило: single-source (Tatoeba)
этеңне	0	6	1	OpenSubtitles+Tatoeba	clean:CC-BY-2.0-FR	0.00	no	two-corpora	OpenSubtitles+Tatoeba
этәргечләрне	0	6	0	OpenSubtitles	risk-accepted:no-grant	0.20	no	operator-widened	прежнее правило: single-source (OpenSubtitles)
эчмәгез	0	6	5	OpenSubtitles+Tatoeba	clean:CC-BY-2.0-FR	0.00	no	two-corpora	OpenSubtitles+Tatoeba
эчәсегез	0	6	4	OpenSubtitles+Tatoeba	clean:CC-BY-2.0-FR	0.00	no	two-corpora	OpenSubtitles+Tatoeba
эшләвең	0	6	6	Tatoeba	clean:CC-BY-2.0-FR	0.00	no	operator-widened	прежнее правило: single-source (Tatoeba)
эшләгәнең	0	6	4	OpenSubtitles+Tatoeba	clean:CC-BY-2.0-FR	0.00	no	two-corpora	OpenSubtitles+Tatoeba
югалтам	0	6	2	OpenSubtitles+Tatoeba	clean:CC-BY-2.0-FR	0.00	no	two-corpora	OpenSubtitles+Tatoeba
югалтсаң	0	6	2	OpenSubtitles+Tatoeba	clean:CC-BY-2.0-FR	0.00	no	two-corpora	OpenSubtitles+Tatoeba
явамы	0	6	6	Tatoeba	clean:CC-BY-2.0-FR	0.00	no	operator-widened	прежнее правило: single-source (Tatoeba)
яклымы	0	6	3	OpenSubtitles+Tatoeba	clean:CC-BY-2.0-FR	0.00	no	two-corpora	OpenSubtitles+Tatoeba
ялгышам	0	6	2	OpenSubtitles+Tatoeba	clean:CC-BY-2.0-FR	0.00	no	two-corpora	OpenSubtitles+Tatoeba
яманга	0	6	5	OpenSubtitles+Tatoeba	clean:CC-BY-2.0-FR	0.00	no	two-corpora	OpenSubtitles+Tatoeba
яндыр	0	6	1	OpenSubtitles+Tatoeba	clean:CC-BY-2.0-FR	0.00	no	two-corpora	OpenSubtitles+Tatoeba
яраңны	0	6	0	OpenSubtitles	risk-accepted:no-grant	0.00	no	operator-widened	прежнее правило: single-source (OpenSubtitles)
яшәгәнемне	0	6	5	OpenSubtitles+Tatoeba	clean:CC-BY-2.0-FR	0.00	no	two-corpora	OpenSubtitles+Tatoeba
җавабың	0	6	4	OpenSubtitles+Tatoeba	clean:CC-BY-2.0-FR	0.00	no	two-corpora	OpenSubtitles+Tatoeba
җилкәм	0	6	2	OpenSubtitles+Tatoeba	clean:CC-BY-2.0-FR	0.00	no	two-corpora	OpenSubtitles+Tatoeba
җитәрмен	0	6	6	Tatoeba	clean:CC-BY-2.0-FR	0.00	no	operator-widened	прежнее правило: single-source (Tatoeba)
җиңелдем	0	6	0	OpenSubtitles	risk-accepted:no-grant	0.00	no	operator-widened	прежнее правило: single-source (OpenSubtitles)
җыенмыйсың	0	6	2	OpenSubtitles+Tatoeba	clean:CC-BY-2.0-FR	0.00	no	two-corpora	OpenSubtitles+Tatoeba
үзгәрдең	0	6	1	OpenSubtitles+Tatoeba	clean:CC-BY-2.0-FR	0.00	no	two-corpora	OpenSubtitles+Tatoeba
үкерә	0	6	6	Tatoeba	clean:CC-BY-2.0-FR	0.00	no	operator-widened	прежнее правило: single-source (Tatoeba)
үләрсең	0	6	3	OpenSubtitles+Tatoeba	clean:CC-BY-2.0-FR	0.00	no	two-corpora	OpenSubtitles+Tatoeba
үрмәкүчкә	0	6	0	OpenSubtitles	risk-accepted:no-grant	0.25	no	operator-widened	прежнее правило: single-source (OpenSubtitles)
үткәр	0	6	2	OpenSubtitles+Tatoeba	clean:CC-BY-2.0-FR	0.00	no	two-corpora	OpenSubtitles+Tatoeba
өегез	0	6	5	OpenSubtitles+Tatoeba	clean:CC-BY-2.0-FR	0.00	no	two-corpora	OpenSubtitles+Tatoeba
өлешләрем	0	6	0	OpenSubtitles	risk-accepted:no-grant	0.00	no	operator-widened	прежнее правило: single-source (OpenSubtitles)
авырттырдым	0	5	0	OpenSubtitles	risk-accepted:no-grant	0.20	no	operator-widened	прежнее правило: single-source (OpenSubtitles)
алачакмынмы	0	5	0	OpenSubtitles	risk-accepted:no-grant	0.00	no	operator-widened	прежнее правило: single-source (OpenSubtitles)
алачыкка	0	5	1	OpenSubtitles+Tatoeba	clean:CC-BY-2.0-FR	0.00	no	two-corpora	OpenSubtitles+Tatoeba
албастыга	0	5	0	OpenSubtitles	risk-accepted:no-grant	0.00	no	operator-widened	прежнее правило: single-source (OpenSubtitles)
алдыйчак	0	5	0	OpenSubtitles	risk-accepted:no-grant	0.00	no	operator-widened	прежнее правило: single-source (OpenSubtitles)
алтыным	0	5	1	OpenSubtitles+Tatoeba	clean:CC-BY-2.0-FR	0.00	no	two-corpora	OpenSubtitles+Tatoeba
алтысыннан	0	5	0	OpenSubtitles	risk-accepted:no-grant	0.00	no	operator-widened	прежнее правило: single-source (OpenSubtitles)
алырсыңмы	0	5	2	OpenSubtitles+Tatoeba	clean:CC-BY-2.0-FR	0.00	no	two-corpora	OpenSubtitles+Tatoeba
артымны	0	5	0	OpenSubtitles	risk-accepted:no-grant	0.00	no	operator-widened	прежнее правило: single-source (OpenSubtitles)
атармын	0	5	1	OpenSubtitles+Tatoeba	clean:CC-BY-2.0-FR	0.00	no	two-corpora	OpenSubtitles+Tatoeba
ахмаклыгы	0	5	3	OpenSubtitles+Tatoeba	clean:CC-BY-2.0-FR	0.00	no	two-corpora	OpenSubtitles+Tatoeba
ашаганың	0	5	3	OpenSubtitles+Tatoeba	clean:CC-BY-2.0-FR	0.00	no	two-corpora	OpenSubtitles+Tatoeba
ашамыйсың	0	5	5	Tatoeba	clean:CC-BY-2.0-FR	0.00	no	operator-widened	прежнее правило: single-source (Tatoeba)
ашыйк	0	5	3	OpenSubtitles+Tatoeba	clean:CC-BY-2.0-FR	0.00	no	two-corpora	OpenSubtitles+Tatoeba
ашыйсыз	0	5	3	OpenSubtitles+Tatoeba	clean:CC-BY-2.0-FR	0.00	no	two-corpora	OpenSubtitles+Tatoeba
барасыгыз	0	5	3	OpenSubtitles+Tatoeba	clean:CC-BY-2.0-FR	0.00	no	two-corpora	OpenSubtitles+Tatoeba
бардан	0	5	4	OpenSubtitles+Tatoeba	clean:CC-BY-2.0-FR	0.00	no	two-corpora	OpenSubtitles+Tatoeba
басмагыз	0	5	3	OpenSubtitles+Tatoeba	clean:CC-BY-2.0-FR	0.00	no	two-corpora	OpenSubtitles+Tatoeba
бастырылу	0	5	0	OpenSubtitles	risk-accepted:no-grant	0.00	no	operator-widened	прежнее правило: single-source (OpenSubtitles)
батам	0	5	1	OpenSubtitles+Tatoeba	clean:CC-BY-2.0-FR	0.00	no	two-corpora	OpenSubtitles+Tatoeba
батачак	0	5	0	OpenSubtitles	risk-accepted:no-grant	0.00	no	operator-widened	прежнее правило: single-source (OpenSubtitles)
баттың	0	5	0	OpenSubtitles	risk-accepted:no-grant	0.00	no	operator-widened	прежнее правило: single-source (OpenSubtitles)
беркемнеке	0	5	3	OpenSubtitles+Tatoeba	clean:CC-BY-2.0-FR	0.00	no	two-corpora	OpenSubtitles+Tatoeba
бинго	0	5	0	OpenSubtitles	risk-accepted:no-grant	0.00	no	operator-widened	прежнее правило: single-source (OpenSubtitles)
богауларны	0	5	0	OpenSubtitles	risk-accepted:no-grant	0.00	no	operator-widened	прежнее правило: single-source (OpenSubtitles)
борының	0	5	1	OpenSubtitles+Tatoeba	clean:CC-BY-2.0-FR	0.00	no	two-corpora	OpenSubtitles+Tatoeba
боһ	0	5	0	OpenSubtitles	risk-accepted:no-grant	0.00	no	operator-widened	прежнее правило: single-source (OpenSubtitles)
брокколи	0	5	3	OpenSubtitles+Tatoeba	clean:CC-BY-2.0-FR	0.00	no	two-corpora	OpenSubtitles+Tatoeba
брюска	0	5	0	OpenSubtitles	risk-accepted:no-grant	1.00	no	operator-widened	прежнее правило: proper-noun-evidence (cap_ratio=1.00>=0.50)
булмаганның	0	5	5	Tatoeba	clean:CC-BY-2.0-FR	0.00	no	operator-widened	прежнее правило: single-source (Tatoeba)
булышыйм	0	5	1	OpenSubtitles+Tatoeba	clean:CC-BY-2.0-FR	0.00	no	two-corpora	OpenSubtitles+Tatoeba
булышырсыз	0	5	0	OpenSubtitles	risk-accepted:no-grant	0.00	no	operator-widened	прежнее правило: single-source (OpenSubtitles)
буяды	0	5	4	OpenSubtitles+Tatoeba	clean:CC-BY-2.0-FR	0.00	no	two-corpora	OpenSubtitles+Tatoeba
бүлмәңдә	0	5	3	OpenSubtitles+Tatoeba	clean:CC-BY-2.0-FR	0.00	no	two-corpora	OpenSubtitles+Tatoeba
бәйләгез	0	5	2	OpenSubtitles+Tatoeba	clean:CC-BY-2.0-FR	0.00	no	two-corpora	OpenSubtitles+Tatoeba
вальдо	0	5	0	OpenSubtitles	risk-accepted:no-grant	1.00	no	operator-widened	прежнее правило: proper-noun-evidence (cap_ratio=1.00>=0.50)
вейли	0	5	0	OpenSubtitles	risk-accepted:no-grant	0.00	no	operator-widened	прежнее правило: single-source (OpenSubtitles)
вейлига	0	5	0	OpenSubtitles	risk-accepted:no-grant	0.00	no	operator-widened	прежнее правило: single-source (OpenSubtitles)
вормир	0	5	0	OpenSubtitles	risk-accepted:no-grant	1.00	no	operator-widened	прежнее правило: proper-noun-evidence (cap_ratio=1.00>=0.50)
вөҗданың	0	5	5	Tatoeba	clean:CC-BY-2.0-FR	0.00	no	operator-widened	прежнее правило: single-source (Tatoeba)
гамбо	0	5	0	OpenSubtitles	risk-accepted:no-grant	0.00	no	operator-widened	прежнее правило: single-source (OpenSubtitles)
гидрага	0	5	0	OpenSubtitles	risk-accepted:no-grant	1.00	no	operator-widened	прежнее правило: proper-noun-evidence (cap_ratio=1.00>=0.50)
гораций	0	5	0	OpenSubtitles	risk-accepted:no-grant	1.00	no	operator-widened	прежнее правило: proper-noun-evidence (cap_ratio=1.00>=0.50)
горилла	0	5	1	OpenSubtitles+Tatoeba	clean:CC-BY-2.0-FR	0.33	no	two-corpora	OpenSubtitles+Tatoeba
дженис	0	5	0	OpenSubtitles	risk-accepted:no-grant	1.00	no	operator-widened	прежнее правило: proper-noun-evidence (cap_ratio=1.00>=0.50)
джентльмен	0	5	5	Tatoeba	clean:CC-BY-2.0-FR	0.00	no	operator-widened	прежнее правило: single-source (Tatoeba)
джокер	0	5	0	OpenSubtitles	risk-accepted:no-grant	1.00	no	operator-widened	прежнее правило: proper-noun-evidence (cap_ratio=1.00>=0.50)
дивардан	0	5	1	OpenSubtitles+Tatoeba	clean:CC-BY-2.0-FR	0.00	no	two-corpora	OpenSubtitles+Tatoeba
дрон	0	5	1	OpenSubtitles+Tatoeba	clean:CC-BY-2.0-FR	0.00	no	two-corpora	OpenSubtitles+Tatoeba
егылырсың	0	5	4	OpenSubtitles+Tatoeba	clean:CC-BY-2.0-FR	0.00	no	two-corpora	OpenSubtitles+Tatoeba
иен	0	5	5	Tatoeba	clean:CC-BY-2.0-FR	0.00	no	operator-widened	прежнее правило: single-source (Tatoeba)
иманыңны	0	5	2	OpenSubtitles+Tatoeba	clean:CC-BY-2.0-FR	0.00	no	two-corpora	OpenSubtitles+Tatoeba
иминлектәме	0	5	0	OpenSubtitles	risk-accepted:no-grant	0.00	no	operator-widened	прежнее правило: single-source (OpenSubtitles)
иминме	0	5	0	OpenSubtitles	risk-accepted:no-grant	0.00	no	operator-widened	прежнее правило: single-source (OpenSubtitles)
исердем	0	5	0	OpenSubtitles	risk-accepted:no-grant	0.00	no	operator-widened	прежнее правило: single-source (OpenSubtitles)
иссез	0	5	5	Tatoeba	clean:CC-BY-2.0-FR	0.00	no	operator-widened	прежнее правило: single-source (Tatoeba)
итмичәк	0	5	0	OpenSubtitles	risk-accepted:no-grant	0.00	no	operator-widened	прежнее правило: single-source (OpenSubtitles)
итәчәксеңме	0	5	0	OpenSubtitles	risk-accepted:no-grant	0.00	no	operator-widened	прежнее правило: single-source (OpenSubtitles)
ияләндем	0	5	0	OpenSubtitles	risk-accepted:no-grant	0.00	no	operator-widened	прежнее правило: single-source (OpenSubtitles)
йокламыйм	0	5	3	OpenSubtitles+Tatoeba	clean:CC-BY-2.0-FR	0.00	no	two-corpora	OpenSubtitles+Tatoeba
йоркның	0	5	0	OpenSubtitles	risk-accepted:no-grant	1.00	no	operator-widened	прежнее правило: proper-noun-evidence (cap_ratio=1.00>=0.50)
йөклелеккә	0	5	0	OpenSubtitles	risk-accepted:no-grant	0.00	no	operator-widened	прежнее правило: single-source (OpenSubtitles)
йөртәсең	0	5	2	OpenSubtitles+Tatoeba	clean:CC-BY-2.0-FR	0.00	no	two-corpora	OpenSubtitles+Tatoeba
кайтачаксың	0	5	0	OpenSubtitles	risk-accepted:no-grant	0.00	no	operator-widened	прежнее правило: single-source (OpenSubtitles)
кайтуыбызны	0	5	1	OpenSubtitles+Tatoeba	clean:CC-BY-2.0-FR	0.00	no	two-corpora	OpenSubtitles+Tatoeba
каласыңмы	0	5	2	OpenSubtitles+Tatoeba	clean:CC-BY-2.0-FR	0.00	no	two-corpora	OpenSubtitles+Tatoeba
калдыгызмы	0	5	5	Tatoeba	clean:CC-BY-2.0-FR	0.00	no	operator-widened	прежнее правило: single-source (Tatoeba)
калдырмам	0	5	1	OpenSubtitles+Tatoeba	clean:CC-BY-2.0-FR	0.00	no	two-corpora	OpenSubtitles+Tatoeba
калдырырмын	0	5	1	OpenSubtitles+Tatoeba	clean:CC-BY-2.0-FR	0.00	no	two-corpora	OpenSubtitles+Tatoeba
калтырансын	0	5	5	Tatoeba	clean:CC-BY-2.0-FR	0.00	no	operator-widened	прежнее правило: single-source (Tatoeba)
калтырау	0	5	0	OpenSubtitles	risk-accepted:no-grant	0.20	no	operator-widened	прежнее правило: single-source (OpenSubtitles)
капыда	0	5	0	OpenSubtitles	risk-accepted:no-grant	0.00	no	operator-widened	прежнее правило: single-source (OpenSubtitles)
карамын	0	5	0	OpenSubtitles	risk-accepted:no-grant	0.00	no	operator-widened	прежнее правило: single-source (OpenSubtitles)
карма	0	5	2	OpenSubtitles+Tatoeba	clean:CC-BY-2.0-FR	0.00	no	two-corpora	OpenSubtitles+Tatoeba
катнашың	0	5	5	Tatoeba	clean:CC-BY-2.0-FR	0.00	no	operator-widened	прежнее правило: single-source (Tatoeba)
качасыз	0	5	3	OpenSubtitles+Tatoeba	clean:CC-BY-2.0-FR	0.00	no	two-corpora	OpenSubtitles+Tatoeba
качмаган	0	5	1	OpenSubtitles+Tatoeba	clean:CC-BY-2.0-FR	0.00	no	two-corpora	OpenSubtitles+Tatoeba
каядер	0	5	0	OpenSubtitles	risk-accepted:no-grant	0.00	no	operator-widened	прежнее правило: single-source (OpenSubtitles)
керттең	0	5	0	OpenSubtitles	risk-accepted:no-grant	0.00	no	operator-widened	прежнее правило: single-source (OpenSubtitles)
киемемне	0	5	0	OpenSubtitles	risk-accepted:no-grant	0.00	no	operator-widened	прежнее правило: single-source (OpenSubtitles)
киемнәремне	0	5	5	Tatoeba	clean:CC-BY-2.0-FR	0.00	no	operator-widened	прежнее правило: single-source (Tatoeba)
килмичәк	0	5	0	OpenSubtitles	risk-accepted:no-grant	0.00	no	operator-widened	прежнее правило: single-source (OpenSubtitles)
киләчәксең	0	5	1	OpenSubtitles+Tatoeba	clean:CC-BY-2.0-FR	0.00	no	two-corpora	OpenSubtitles+Tatoeba
кистең	0	5	3	OpenSubtitles+Tatoeba	clean:CC-BY-2.0-FR	0.00	no	two-corpora	OpenSubtitles+Tatoeba
кисәкчәләре	0	5	0	OpenSubtitles	risk-accepted:no-grant	0.20	no	operator-widened	прежнее правило: single-source (OpenSubtitles)
китермә	0	5	1	OpenSubtitles+Tatoeba	clean:CC-BY-2.0-FR	0.00	no	two-corpora	OpenSubtitles+Tatoeba
китәбезме	0	5	0	OpenSubtitles	risk-accepted:no-grant	0.00	no	operator-widened	прежнее правило: single-source (OpenSubtitles)
киңәшемне	0	5	4	OpenSubtitles+Tatoeba	clean:CC-BY-2.0-FR	0.00	no	two-corpora	OpenSubtitles+Tatoeba
клиентым	0	5	0	OpenSubtitles	risk-accepted:no-grant	0.00	no	operator-widened	прежнее правило: single-source (OpenSubtitles)
комачаулыйсың	0	5	1	OpenSubtitles+Tatoeba	clean:CC-BY-2.0-FR	0.00	no	two-corpora	OpenSubtitles+Tatoeba
конденсаторы	0	5	0	OpenSubtitles	risk-accepted:no-grant	0.00	no	operator-widened	прежнее правило: single-source (OpenSubtitles)
котырса	0	5	4	OpenSubtitles+Tatoeba	clean:CC-BY-2.0-FR	0.00	no	two-corpora	OpenSubtitles+Tatoeba
креветкалар	0	5	0	OpenSubtitles	risk-accepted:no-grant	0.25	no	operator-widened	прежнее правило: single-source (OpenSubtitles)
кулчатырымны	0	5	5	Tatoeba	clean:CC-BY-2.0-FR	0.00	no	operator-widened	прежнее правило: single-source (Tatoeba)
курыкканга	0	5	5	Tatoeba	clean:CC-BY-2.0-FR	0.00	no	operator-widened	прежнее правило: single-source (Tatoeba)
курыктың	0	5	2	OpenSubtitles+Tatoeba	clean:CC-BY-2.0-FR	0.00	no	two-corpora	OpenSubtitles+Tatoeba
кушмады	0	5	1	OpenSubtitles+Tatoeba	clean:CC-BY-2.0-FR	0.00	no	two-corpora	OpenSubtitles+Tatoeba
кылан	0	5	2	OpenSubtitles+Tatoeba	clean:CC-BY-2.0-FR	0.00	no	two-corpora	OpenSubtitles+Tatoeba
кыланыш	0	5	0	OpenSubtitles	risk-accepted:no-grant	0.00	no	operator-widened	прежнее правило: single-source (OpenSubtitles)
кылычны	0	5	1	OpenSubtitles+Tatoeba	clean:CC-BY-2.0-FR	0.00	no	two-corpora	OpenSubtitles+Tatoeba
кычкырыбрак	0	5	4	OpenSubtitles+Tatoeba	clean:CC-BY-2.0-FR	0.00	no	two-corpora	OpenSubtitles+Tatoeba
кычкырыр	0	5	5	Tatoeba	clean:CC-BY-2.0-FR	0.00	no	operator-widened	прежнее правило: single-source (Tatoeba)
күзәтермен	0	5	0	OpenSubtitles	risk-accepted:no-grant	0.00	no	operator-widened	прежнее правило: single-source (OpenSubtitles)
күренәбез	0	5	3	OpenSubtitles+Tatoeba	clean:CC-BY-2.0-FR	0.00	no	two-corpora	OpenSubtitles+Tatoeba
күрмисезме	0	5	4	OpenSubtitles+Tatoeba	clean:CC-BY-2.0-FR	0.00	no	two-corpora	OpenSubtitles+Tatoeba
күрмичәксең	0	5	0	OpenSubtitles	risk-accepted:no-grant	0.00	no	operator-widened	прежнее правило: single-source (OpenSubtitles)
күрмәдеме	0	5	0	OpenSubtitles	risk-accepted:no-grant	0.00	no	operator-widened	прежнее правило: single-source (OpenSubtitles)
кәчтүмдә	0	5	0	OpenSubtitles	risk-accepted:no-grant	0.00	no	operator-widened	прежнее правило: single-source (OpenSubtitles)
көкпар	0	5	5	Tatoeba	clean:CC-BY-2.0-FR	0.00	no	operator-widened	прежнее правило: single-source (Tatoeba)
көлгәнен	0	5	4	OpenSubtitles+Tatoeba	clean:CC-BY-2.0-FR	0.00	no	two-corpora	OpenSubtitles+Tatoeba
көлкеме	0	5	0	OpenSubtitles	risk-accepted:no-grant	0.00	no	operator-widened	прежнее правило: single-source (OpenSubtitles)
көрәкне	0	5	2	OpenSubtitles+Tatoeba	clean:CC-BY-2.0-FR	0.00	no	two-corpora	OpenSubtitles+Tatoeba
лампаны	0	5	4	OpenSubtitles+Tatoeba	clean:CC-BY-2.0-FR	0.00	no	two-corpora	OpenSubtitles+Tatoeba
лесли	0	5	0	OpenSubtitles	risk-accepted:no-grant	1.00	no	operator-widened	прежнее правило: proper-noun-evidence (cap_ratio=1.00>=0.50)
люкны	0	5	1	OpenSubtitles+Tatoeba	clean:CC-BY-2.0-FR	0.00	no	two-corpora	OpenSubtitles+Tatoeba
моник	0	5	0	OpenSubtitles	risk-accepted:no-grant	1.00	no	operator-widened	прежнее правило: proper-noun-evidence (cap_ratio=1.00>=0.50)
монстр	0	5	1	OpenSubtitles+Tatoeba	clean:CC-BY-2.0-FR	0.00	no	two-corpora	OpenSubtitles+Tatoeba
муеныңны	0	5	2	OpenSubtitles+Tatoeba	clean:CC-BY-2.0-FR	0.00	no	two-corpora	OpenSubtitles+Tatoeba
мыгырдау	0	5	0	OpenSubtitles	risk-accepted:no-grant	1.00	no	operator-widened	прежнее правило: proper-noun-evidence (cap_ratio=1.00>=0.50)
наданның	0	5	5	Tatoeba	clean:CC-BY-2.0-FR	0.00	no	operator-widened	прежнее правило: single-source (Tatoeba)
наомины	0	5	0	OpenSubtitles	risk-accepted:no-grant	1.00	no	operator-widened	прежнее правило: proper-noun-evidence (cap_ratio=1.00>=0.50)
начарны	0	5	2	OpenSubtitles+Tatoeba	clean:CC-BY-2.0-FR	0.00	no	two-corpora	OpenSubtitles+Tatoeba
невилл	0	5	0	OpenSubtitles	risk-accepted:no-grant	0.00	no	operator-widened	прежнее правило: single-source (OpenSubtitles)
нишләделәр	0	5	0	OpenSubtitles	risk-accepted:no-grant	0.00	no	operator-widened	прежнее правило: single-source (OpenSubtitles)
ниятлисең	0	5	2	OpenSubtitles+Tatoeba	clean:CC-BY-2.0-FR	0.00	no	two-corpora	OpenSubtitles+Tatoeba
ниятләрендә	0	5	1	OpenSubtitles+Tatoeba	clean:CC-BY-2.0-FR	0.00	no	two-corpora	OpenSubtitles+Tatoeba
ням	0	5	0	OpenSubtitles	risk-accepted:no-grant	0.00	no	operator-widened	прежнее правило: single-source (OpenSubtitles)
она	0	5	5	Tatoeba	clean:CC-BY-2.0-FR	0.00	no	operator-widened	прежнее правило: single-source (Tatoeba)
охшагансыз	0	5	0	OpenSubtitles	risk-accepted:no-grant	0.00	no	operator-widened	прежнее правило: single-source (OpenSubtitles)
очрашмас	0	5	2	OpenSubtitles+Tatoeba	clean:CC-BY-2.0-FR	0.00	no	two-corpora	OpenSubtitles+Tatoeba
ошармы	0	5	3	OpenSubtitles+Tatoeba	clean:CC-BY-2.0-FR	0.00	no	two-corpora	OpenSubtitles+Tatoeba
оялмагыз	0	5	4	OpenSubtitles+Tatoeba	clean:CC-BY-2.0-FR	0.00	no	two-corpora	OpenSubtitles+Tatoeba
планлаштырасың	0	5	5	Tatoeba	clean:CC-BY-2.0-FR	0.00	no	operator-widened	прежнее правило: single-source (Tatoeba)
пролетарий	0	5	5	Tatoeba	clean:CC-BY-2.0-FR	0.00	no	operator-widened	прежнее правило: single-source (Tatoeba)
пультны	0	5	0	OpenSubtitles	risk-accepted:no-grant	0.00	no	operator-widened	прежнее правило: single-source (OpenSubtitles)
рептилиус	0	5	0	OpenSubtitles	risk-accepted:no-grant	0.50	no	operator-widened	прежнее правило: proper-noun-evidence (cap_ratio=0.50>=0.50)
розалинд	0	5	0	OpenSubtitles	risk-accepted:no-grant	0.00	no	operator-widened	прежнее правило: single-source (OpenSubtitles)
ром	0	5	0	OpenSubtitles	risk-accepted:no-grant	1.00	no	operator-widened	прежнее правило: proper-noun-evidence (cap_ratio=1.00>=0.50)
рәшәткәне	0	5	0	OpenSubtitles	risk-accepted:no-grant	0.00	no	operator-widened	прежнее правило: single-source (OpenSubtitles)
савыгачаксың	0	5	0	OpenSubtitles	risk-accepted:no-grant	0.00	no	operator-widened	прежнее правило: single-source (OpenSubtitles)
сагынасыңмы	0	5	3	OpenSubtitles+Tatoeba	clean:CC-BY-2.0-FR	0.00	no	two-corpora	OpenSubtitles+Tatoeba
сайладыңмы	0	5	2	OpenSubtitles+Tatoeba	clean:CC-BY-2.0-FR	0.00	no	two-corpora	OpenSubtitles+Tatoeba
селия	0	5	0	OpenSubtitles	risk-accepted:no-grant	1.00	no	operator-widened	прежнее правило: proper-noun-evidence (cap_ratio=1.00>=0.50)
селкенмәскә	0	5	0	OpenSubtitles	risk-accepted:no-grant	0.00	no	operator-widened	прежнее правило: single-source (OpenSubtitles)
сикерер	0	5	3	OpenSubtitles+Tatoeba	clean:CC-BY-2.0-FR	0.00	no	two-corpora	OpenSubtitles+Tatoeba
симерә	0	5	5	Tatoeba	clean:CC-BY-2.0-FR	0.00	no	operator-widened	прежнее правило: single-source (Tatoeba)
симуляцияләнгән	0	5	0	OpenSubtitles	risk-accepted:no-grant	0.00	no	operator-widened	прежнее правило: single-source (OpenSubtitles)
сихерләүне	0	5	1	OpenSubtitles+Tatoeba	clean:CC-BY-2.0-FR	0.00	no	two-corpora	OpenSubtitles+Tatoeba
скипетр	0	5	0	OpenSubtitles	risk-accepted:no-grant	0.00	no	operator-widened	прежнее правило: single-source (OpenSubtitles)
сорадымы	0	5	3	OpenSubtitles+Tatoeba	clean:CC-BY-2.0-FR	0.00	no	two-corpora	OpenSubtitles+Tatoeba
сугыштым	0	5	0	OpenSubtitles	risk-accepted:no-grant	0.00	no	operator-widened	прежнее правило: single-source (OpenSubtitles)
сузасың	0	5	0	OpenSubtitles	risk-accepted:no-grant	0.00	no	operator-widened	прежнее правило: single-source (OpenSubtitles)
суктың	0	5	1	OpenSubtitles+Tatoeba	clean:CC-BY-2.0-FR	0.00	no	two-corpora	OpenSubtitles+Tatoeba
сулышым	0	5	4	OpenSubtitles+Tatoeba	clean:CC-BY-2.0-FR	0.00	no	two-corpora	OpenSubtitles+Tatoeba
суртур	0	5	0	OpenSubtitles	risk-accepted:no-grant	1.00	no	operator-widened	прежнее правило: proper-noun-evidence (cap_ratio=1.00>=0.50)
сусызлану	0	5	0	OpenSubtitles	risk-accepted:no-grant	0.00	no	operator-widened	прежнее правило: single-source (OpenSubtitles)
сүзеңдә	0	5	1	OpenSubtitles+Tatoeba	clean:CC-BY-2.0-FR	0.00	no	two-corpora	OpenSubtitles+Tatoeba
сүзлегем	0	5	5	Tatoeba	clean:CC-BY-2.0-FR	0.00	no	operator-widened	прежнее правило: single-source (Tatoeba)
сүзлектән	0	5	5	Tatoeba	clean:CC-BY-2.0-FR	0.00	no	operator-widened	прежнее правило: single-source (Tatoeba)
сәбәпләрем	0	5	4	OpenSubtitles+Tatoeba	clean:CC-BY-2.0-FR	0.00	no	two-corpora	OpenSubtitles+Tatoeba
сәгатемне	0	5	4	OpenSubtitles+Tatoeba	clean:CC-BY-2.0-FR	0.00	no	two-corpora	OpenSubtitles+Tatoeba
сәлҗык	0	5	0	OpenSubtitles	risk-accepted:no-grant	0.67	no	operator-widened	прежнее правило: proper-noun-evidence (cap_ratio=0.67>=0.50)
сөйләшмисең	0	5	2	OpenSubtitles+Tatoeba	clean:CC-BY-2.0-FR	0.00	no	two-corpora	OpenSubtitles+Tatoeba
сөйләшмичәк	0	5	0	OpenSubtitles	risk-accepted:no-grant	0.00	no	operator-widened	прежнее правило: single-source (OpenSubtitles)
сөйләшәчәкмен	0	5	3	OpenSubtitles+Tatoeba	clean:CC-BY-2.0-FR	0.00	no	two-corpora	OpenSubtitles+Tatoeba
сөрттем	0	5	3	OpenSubtitles+Tatoeba	clean:CC-BY-2.0-FR	0.00	no	two-corpora	OpenSubtitles+Tatoeba
сөяккис	0	5	0	OpenSubtitles	risk-accepted:no-grant	1.00	no	operator-widened	прежнее правило: proper-noun-evidence (cap_ratio=1.00>=0.50)
сөякләрдән	0	5	1	OpenSubtitles+Tatoeba	clean:CC-BY-2.0-FR	0.00	no	two-corpora	OpenSubtitles+Tatoeba
тапшыргычны	0	5	0	OpenSubtitles	risk-accepted:no-grant	0.00	no	operator-widened	прежнее правило: single-source (OpenSubtitles)
тартасызмы	0	5	3	OpenSubtitles+Tatoeba	clean:CC-BY-2.0-FR	0.00	no	two-corpora	OpenSubtitles+Tatoeba
телефоныңны	0	5	2	OpenSubtitles+Tatoeba	clean:CC-BY-2.0-FR	0.00	no	two-corpora	OpenSubtitles+Tatoeba
тирәнме	0	5	2	OpenSubtitles+Tatoeba	clean:CC-BY-2.0-FR	0.00	no	two-corpora	OpenSubtitles+Tatoeba
тишкән	0	5	3	OpenSubtitles+Tatoeba	clean:CC-BY-2.0-FR	0.00	no	two-corpora	OpenSubtitles+Tatoeba
тоташтырам	0	5	1	OpenSubtitles+Tatoeba	clean:CC-BY-2.0-FR	0.00	no	two-corpora	OpenSubtitles+Tatoeba
тотканымны	0	5	5	Tatoeba	clean:CC-BY-2.0-FR	0.00	no	operator-widened	прежнее правило: single-source (Tatoeba)
тотлыгып	0	5	0	OpenSubtitles	risk-accepted:no-grant	0.00	no	operator-widened	прежнее правило: single-source (OpenSubtitles)
трансивер	0	5	0	OpenSubtitles	risk-accepted:no-grant	0.00	no	operator-widened	прежнее правило: single-source (OpenSubtitles)
требюше	0	5	0	OpenSubtitles	risk-accepted:no-grant	0.00	no	operator-widened	прежнее правило: single-source (OpenSubtitles)
тролль	0	5	0	OpenSubtitles	risk-accepted:no-grant	0.00	no	operator-widened	прежнее правило: single-source (OpenSubtitles)
туктамагыз	0	5	0	OpenSubtitles	risk-accepted:no-grant	0.00	no	operator-widened	прежнее правило: single-source (OpenSubtitles)
туктарсың	0	5	0	OpenSubtitles	risk-accepted:no-grant	0.00	no	operator-widened	прежнее правило: single-source (OpenSubtitles)
тутыр	0	5	4	OpenSubtitles+Tatoeba	clean:CC-BY-2.0-FR	0.00	no	two-corpora	OpenSubtitles+Tatoeba
тылсымын	0	5	0	OpenSubtitles	risk-accepted:no-grant	0.00	no	operator-widened	прежнее правило: single-source (OpenSubtitles)
тырай	0	5	5	Tatoeba	clean:CC-BY-2.0-FR	0.00	no	operator-widened	прежнее правило: single-source (Tatoeba)
тырышмадым	0	5	2	OpenSubtitles+Tatoeba	clean:CC-BY-2.0-FR	0.00	no	two-corpora	OpenSubtitles+Tatoeba
тырыштыгыз	0	5	0	OpenSubtitles	risk-accepted:no-grant	0.00	no	operator-widened	прежнее правило: single-source (OpenSubtitles)
түләдең	0	5	4	OpenSubtitles+Tatoeba	clean:CC-BY-2.0-FR	0.00	no	two-corpora	OpenSubtitles+Tatoeba
түшәмдә	0	5	0	OpenSubtitles	risk-accepted:no-grant	0.00	no	operator-widened	прежнее правило: single-source (OpenSubtitles)
тәмамлыйсың	0	5	0	OpenSubtitles	risk-accepted:no-grant	0.00	no	operator-widened	прежнее правило: single-source (OpenSubtitles)
тәмугъка	0	5	0	OpenSubtitles	risk-accepted:no-grant	0.00	no	operator-widened	прежнее правило: single-source (OpenSubtitles)
тәпикәй	0	5	0	OpenSubtitles	risk-accepted:no-grant	1.00	no	operator-widened	прежнее правило: proper-noun-evidence (cap_ratio=1.00>=0.50)
тәңрем	0	5	5	Tatoeba	clean:CC-BY-2.0-FR	0.67	no	operator-widened	прежнее правило: proper-noun-evidence (cap_ratio=0.67>=0.50)
төшердеңме	0	5	3	OpenSubtitles+Tatoeba	clean:CC-BY-2.0-FR	0.00	no	two-corpora	OpenSubtitles+Tatoeba
төяк	0	5	0	OpenSubtitles	risk-accepted:no-grant	0.00	no	operator-widened	прежнее правило: single-source (OpenSubtitles)
уеныңны	0	5	3	OpenSubtitles+Tatoeba	clean:CC-BY-2.0-FR	0.00	no	two-corpora	OpenSubtitles+Tatoeba
уздың	0	5	0	OpenSubtitles	risk-accepted:no-grant	0.00	no	operator-widened	прежнее правило: single-source (OpenSubtitles)
уйлаганга	0	5	2	OpenSubtitles+Tatoeba	clean:CC-BY-2.0-FR	0.00	no	two-corpora	OpenSubtitles+Tatoeba
уйламадың	0	5	0	OpenSubtitles	risk-accepted:no-grant	0.00	no	operator-widened	прежнее правило: single-source (OpenSubtitles)
уйларың	0	5	0	OpenSubtitles	risk-accepted:no-grant	0.00	no	operator-widened	прежнее правило: single-source (OpenSubtitles)
уйлысыңмы	0	5	0	OpenSubtitles	risk-accepted:no-grant	0.00	no	operator-widened	прежнее правило: single-source (OpenSubtitles)
утызда	0	5	5	Tatoeba	clean:CC-BY-2.0-FR	0.00	no	operator-widened	прежнее правило: single-source (Tatoeba)
уяндың	0	5	2	OpenSubtitles+Tatoeba	clean:CC-BY-2.0-FR	0.00	no	two-corpora	OpenSubtitles+Tatoeba
уяттың	0	5	2	OpenSubtitles+Tatoeba	clean:CC-BY-2.0-FR	0.00	no	two-corpora	OpenSubtitles+Tatoeba
фотографиясен	0	5	5	Tatoeba	clean:CC-BY-2.0-FR	0.00	no	operator-widened	прежнее правило: single-source (Tatoeba)
фуны	0	5	0	OpenSubtitles	risk-accepted:no-grant	0.00	no	operator-widened	прежнее правило: single-source (OpenSubtitles)
футболкаңны	0	5	0	OpenSubtitles	risk-accepted:no-grant	0.00	no	operator-widened	прежнее правило: single-source (OpenSubtitles)
фәхешханә	0	5	0	OpenSubtitles	risk-accepted:no-grant	0.00	no	operator-widened	прежнее правило: single-source (OpenSubtitles)
харпер	0	5	0	OpenSubtitles	risk-accepted:no-grant	1.00	no	operator-widened	прежнее правило: proper-noun-evidence (cap_ratio=1.00>=0.50)
хәзерме	0	5	1	OpenSubtitles+Tatoeba	clean:CC-BY-2.0-FR	0.00	no	two-corpora	OpenSubtitles+Tatoeba
хәнҗәрне	0	5	0	OpenSubtitles	risk-accepted:no-grant	0.00	no	operator-widened	прежнее правило: single-source (OpenSubtitles)
хәтерләмисең	0	5	1	OpenSubtitles+Tatoeba	clean:CC-BY-2.0-FR	0.00	no	two-corpora	OpenSubtitles+Tatoeba
хәтерләтмиме	0	5	2	OpenSubtitles+Tatoeba	clean:CC-BY-2.0-FR	0.00	no	two-corpora	OpenSubtitles+Tatoeba
чакырдыгыз	0	5	2	OpenSubtitles+Tatoeba	clean:CC-BY-2.0-FR	0.00	no	two-corpora	OpenSubtitles+Tatoeba
чакырдыгызмы	0	5	3	OpenSubtitles+Tatoeba	clean:CC-BY-2.0-FR	0.00	no	two-corpora	OpenSubtitles+Tatoeba
чебеше	0	5	3	OpenSubtitles+Tatoeba	clean:CC-BY-2.0-FR	0.00	no	two-corpora	OpenSubtitles+Tatoeba
чергән	0	5	0	OpenSubtitles	risk-accepted:no-grant	0.00	no	operator-widened	прежнее правило: single-source (OpenSubtitles)
чибәрем	0	5	1	OpenSubtitles+Tatoeba	clean:CC-BY-2.0-FR	0.00	no	two-corpora	OpenSubtitles+Tatoeba
чиксезле	0	5	0	OpenSubtitles	risk-accepted:no-grant	0.00	no	operator-widened	прежнее правило: single-source (OpenSubtitles)
чиләктән	0	5	3	OpenSubtitles+Tatoeba	clean:CC-BY-2.0-FR	0.00	no	two-corpora	OpenSubtitles+Tatoeba
чуан	0	5	4	OpenSubtitles+Tatoeba	clean:CC-BY-2.0-FR	0.00	no	two-corpora	OpenSubtitles+Tatoeba
чыкмасаң	0	5	1	OpenSubtitles+Tatoeba	clean:CC-BY-2.0-FR	0.00	no	two-corpora	OpenSubtitles+Tatoeba
чыңлау	0	5	0	OpenSubtitles	risk-accepted:no-grant	0.67	no	operator-widened	прежнее правило: proper-noun-evidence (cap_ratio=0.67>=0.50)
шалтыратасы	0	5	1	OpenSubtitles+Tatoeba	clean:CC-BY-2.0-FR	0.00	no	two-corpora	OpenSubtitles+Tatoeba
шалтыратасың	0	5	0	OpenSubtitles	risk-accepted:no-grant	0.00	no	operator-widened	прежнее правило: single-source (OpenSubtitles)
шалтыратмадым	0	5	1	OpenSubtitles+Tatoeba	clean:CC-BY-2.0-FR	0.00	no	two-corpora	OpenSubtitles+Tatoeba
шалтыратырсыз	0	5	1	OpenSubtitles+Tatoeba	clean:CC-BY-2.0-FR	0.00	no	two-corpora	OpenSubtitles+Tatoeba
шарга	0	5	1	OpenSubtitles+Tatoeba	clean:CC-BY-2.0-FR	0.00	no	two-corpora	OpenSubtitles+Tatoeba
шатланасың	0	5	1	OpenSubtitles+Tatoeba	clean:CC-BY-2.0-FR	0.00	no	two-corpora	OpenSubtitles+Tatoeba
шикләрем	0	5	1	OpenSubtitles+Tatoeba	clean:CC-BY-2.0-FR	0.00	no	two-corpora	OpenSubtitles+Tatoeba
ырылдау	0	5	0	OpenSubtitles	risk-accepted:no-grant	1.00	no	operator-widened	прежнее правило: proper-noun-evidence (cap_ratio=1.00>=0.50)
ырылдый	0	5	2	OpenSubtitles+Tatoeba	clean:CC-BY-2.0-FR	0.33	no	two-corpora	OpenSubtitles+Tatoeba
ышанмадылар	0	5	3	OpenSubtitles+Tatoeba	clean:CC-BY-2.0-FR	0.00	no	two-corpora	OpenSubtitles+Tatoeba
ышанмассыз	0	5	1	OpenSubtitles+Tatoeba	clean:CC-BY-2.0-FR	0.00	no	two-corpora	OpenSubtitles+Tatoeba
ышанмыйсызмы	0	5	2	OpenSubtitles+Tatoeba	clean:CC-BY-2.0-FR	0.00	no	two-corpora	OpenSubtitles+Tatoeba
эзләгәнемне	0	5	3	OpenSubtitles+Tatoeba	clean:CC-BY-2.0-FR	0.00	no	two-corpora	OpenSubtitles+Tatoeba
эзләсәгез	0	5	0	OpenSubtitles	risk-accepted:no-grant	0.00	no	operator-widened	прежнее правило: single-source (OpenSubtitles)
эйтри	0	5	0	OpenSubtitles	risk-accepted:no-grant	0.00	no	operator-widened	прежнее правило: single-source (OpenSubtitles)
эчәсезме	0	5	3	OpenSubtitles+Tatoeba	clean:CC-BY-2.0-FR	0.00	no	two-corpora	OpenSubtitles+Tatoeba
эшличәкмен	0	5	0	OpenSubtitles	risk-accepted:no-grant	0.00	no	operator-widened	прежнее правило: single-source (OpenSubtitles)
эшләгәнебезне	0	5	1	OpenSubtitles+Tatoeba	clean:CC-BY-2.0-FR	0.00	no	two-corpora	OpenSubtitles+Tatoeba
эшләпәмне	0	5	5	Tatoeba	clean:CC-BY-2.0-FR	0.00	no	operator-widened	прежнее правило: single-source (Tatoeba)
югалттыңмы	0	5	1	OpenSubtitles+Tatoeba	clean:CC-BY-2.0-FR	0.00	no	two-corpora	OpenSubtitles+Tatoeba
юдыңмы	0	5	4	OpenSubtitles+Tatoeba	clean:CC-BY-2.0-FR	0.00	no	two-corpora	OpenSubtitles+Tatoeba
ябыкмы	0	5	5	Tatoeba	clean:CC-BY-2.0-FR	0.00	no	operator-widened	прежнее правило: single-source (Tatoeba)
яклыйсың	0	5	1	OpenSubtitles+Tatoeba	clean:CC-BY-2.0-FR	0.00	no	two-corpora	OpenSubtitles+Tatoeba
яксаң	0	5	5	Tatoeba	clean:CC-BY-2.0-FR	0.00	no	operator-widened	прежнее правило: single-source (Tatoeba)
ялганчының	0	5	5	Tatoeba	clean:CC-BY-2.0-FR	0.00	no	operator-widened	прежнее правило: single-source (Tatoeba)
яндырдың	0	5	0	OpenSubtitles	risk-accepted:no-grant	0.00	no	operator-widened	прежнее правило: single-source (OpenSubtitles)
янчыгыннан	0	5	5	Tatoeba	clean:CC-BY-2.0-FR	0.00	no	operator-widened	прежнее правило: single-source (Tatoeba)
янчыгыңны	0	5	3	OpenSubtitles+Tatoeba	clean:CC-BY-2.0-FR	0.00	no	two-corpora	OpenSubtitles+Tatoeba
ярдәмчең	0	5	1	OpenSubtitles+Tatoeba	clean:CC-BY-2.0-FR	0.00	no	two-corpora	OpenSubtitles+Tatoeba
яшергәнен	0	5	4	OpenSubtitles+Tatoeba	clean:CC-BY-2.0-FR	0.00	no	two-corpora	OpenSubtitles+Tatoeba
яшердем	0	5	2	OpenSubtitles+Tatoeba	clean:CC-BY-2.0-FR	0.00	no	two-corpora	OpenSubtitles+Tatoeba
җенне	0	5	0	OpenSubtitles	risk-accepted:no-grant	0.00	no	operator-widened	прежнее правило: single-source (OpenSubtitles)
җибәрерсез	0	5	1	OpenSubtitles+Tatoeba	clean:CC-BY-2.0-FR	0.00	no	two-corpora	OpenSubtitles+Tatoeba
җилкәндә	0	5	0	OpenSubtitles	risk-accepted:no-grant	0.00	no	operator-widened	прежнее правило: single-source (OpenSubtitles)
җиңелдек	0	5	1	OpenSubtitles+Tatoeba	clean:CC-BY-2.0-FR	0.00	no	two-corpora	OpenSubtitles+Tatoeba
җыенганыңны	0	5	3	OpenSubtitles+Tatoeba	clean:CC-BY-2.0-FR	0.00	no	two-corpora	OpenSubtitles+Tatoeba
җыештыр	0	5	1	OpenSubtitles+Tatoeba	clean:CC-BY-2.0-FR	0.00	no	two-corpora	OpenSubtitles+Tatoeba
үбәм	0	5	2	OpenSubtitles+Tatoeba	clean:CC-BY-2.0-FR	0.00	no	two-corpora	OpenSubtitles+Tatoeba
үзгәргәнсең	0	5	3	OpenSubtitles+Tatoeba	clean:CC-BY-2.0-FR	0.00	no	two-corpora	OpenSubtitles+Tatoeba
үзегезнекен	0	5	4	OpenSubtitles+Tatoeba	clean:CC-BY-2.0-FR	0.00	no	two-corpora	OpenSubtitles+Tatoeba
үлгәнне	0	5	4	OpenSubtitles+Tatoeba	clean:CC-BY-2.0-FR	0.00	no	two-corpora	OpenSubtitles+Tatoeba
үлемемне	0	5	1	OpenSubtitles+Tatoeba	clean:CC-BY-2.0-FR	0.00	no	two-corpora	OpenSubtitles+Tatoeba
үлмәскә	0	5	1	OpenSubtitles+Tatoeba	clean:CC-BY-2.0-FR	0.00	no	two-corpora	OpenSubtitles+Tatoeba
үлмәячәк	0	5	2	OpenSubtitles+Tatoeba	clean:CC-BY-2.0-FR	0.00	no	two-corpora	OpenSubtitles+Tatoeba
үләчәгеңне	0	5	1	OpenSubtitles+Tatoeba	clean:CC-BY-2.0-FR	0.00	no	two-corpora	OpenSubtitles+Tatoeba
үтермим	0	5	0	OpenSubtitles	risk-accepted:no-grant	0.00	no	operator-widened	прежнее правило: single-source (OpenSubtitles)
һа	0	5	0	OpenSubtitles	risk-accepted:no-grant	0.00	no	operator-widened	прежнее правило: single-source (OpenSubtitles)
һөнәрең	0	5	2	OpenSubtitles+Tatoeba	clean:CC-BY-2.0-FR	0.00	no	two-corpora	OpenSubtitles+Tatoeba
әбиеңә	0	5	2	OpenSubtitles+Tatoeba	clean:CC-BY-2.0-FR	0.00	no	two-corpora	OpenSubtitles+Tatoeba
әйедер	0	5	0	OpenSubtitles	risk-accepted:no-grant	0.00	no	operator-widened	прежнее правило: single-source (OpenSubtitles)
әйтегезче	0	5	3	OpenSubtitles+Tatoeba	clean:CC-BY-2.0-FR	0.00	no	two-corpora	OpenSubtitles+Tatoeba
әйтмәм	0	5	1	OpenSubtitles+Tatoeba	clean:CC-BY-2.0-FR	0.00	no	two-corpora	OpenSubtitles+Tatoeba
әйтмәссеңме	0	5	1	OpenSubtitles+Tatoeba	clean:CC-BY-2.0-FR	0.00	no	two-corpora	OpenSubtitles+Tatoeba
өемнән	0	5	1	OpenSubtitles+Tatoeba	clean:CC-BY-2.0-FR	0.00	no	two-corpora	OpenSubtitles+Tatoeba
өйрәнәсеңме	0	5	3	OpenSubtitles+Tatoeba	clean:CC-BY-2.0-FR	0.00	no	two-corpora	OpenSubtitles+Tatoeba
өметеңне	0	5	2	OpenSubtitles+Tatoeba	clean:CC-BY-2.0-FR	0.00	no	two-corpora	OpenSubtitles+Tatoeba
аббат	0	4	4	Tatoeba	clean:CC-BY-2.0-FR	0.00	no	operator-widened	прежнее правило: single-source (Tatoeba)
абыеңа	0	4	1	OpenSubtitles+Tatoeba	clean:CC-BY-2.0-FR	0.00	no	two-corpora	OpenSubtitles+Tatoeba
абыеңның	0	4	1	OpenSubtitles+Tatoeba	clean:CC-BY-2.0-FR	0.00	no	two-corpora	OpenSubtitles+Tatoeba
абынды	0	4	4	Tatoeba	clean:CC-BY-2.0-FR	0.00	no	operator-widened	прежнее правило: single-source (Tatoeba)
авансны	0	4	2	OpenSubtitles+Tatoeba	clean:CC-BY-2.0-FR	0.00	no	two-corpora	OpenSubtitles+Tatoeba
авырлыгың	0	4	1	OpenSubtitles+Tatoeba	clean:CC-BY-2.0-FR	0.00	no	two-corpora	OpenSubtitles+Tatoeba
авырттырды	0	4	2	OpenSubtitles+Tatoeba	clean:CC-BY-2.0-FR	0.00	no	two-corpora	OpenSubtitles+Tatoeba
адресым	0	4	4	Tatoeba	clean:CC-BY-2.0-FR	0.00	no	operator-widened	прежнее правило: single-source (Tatoeba)
актёрлык	0	4	0	OpenSubtitles	risk-accepted:no-grant	0.00	no	operator-widened	прежнее правило: single-source (OpenSubtitles)
акылдамы	0	4	0	OpenSubtitles	risk-accepted:no-grant	0.00	no	operator-widened	прежнее правило: single-source (OpenSubtitles)
акылымда	0	4	2	OpenSubtitles+Tatoeba	clean:CC-BY-2.0-FR	0.00	no	two-corpora	OpenSubtitles+Tatoeba
алачаксызмы	0	4	0	OpenSubtitles	risk-accepted:no-grant	0.00	no	operator-widened	прежнее правило: single-source (OpenSubtitles)
алачыкны	0	4	0	OpenSubtitles	risk-accepted:no-grant	0.00	no	operator-widened	прежнее правило: single-source (OpenSubtitles)
алдагыга	0	4	1	OpenSubtitles+Tatoeba	clean:CC-BY-2.0-FR	0.00	no	two-corpora	OpenSubtitles+Tatoeba
алдадык	0	4	1	OpenSubtitles+Tatoeba	clean:CC-BY-2.0-FR	0.00	no	two-corpora	OpenSubtitles+Tatoeba
алдалый	0	4	0	OpenSubtitles	risk-accepted:no-grant	0.00	no	operator-widened	прежнее правило: single-source (OpenSubtitles)
алдамады	0	4	0	OpenSubtitles	risk-accepted:no-grant	0.00	no	operator-widened	прежнее правило: single-source (OpenSubtitles)
алдамадым	0	4	1	OpenSubtitles+Tatoeba	clean:CC-BY-2.0-FR	0.00	no	two-corpora	OpenSubtitles+Tatoeba
алдаучан	0	4	4	Tatoeba	clean:CC-BY-2.0-FR	0.00	no	operator-widened	прежнее правило: single-source (Tatoeba)
алдыйсыз	0	4	2	OpenSubtitles+Tatoeba	clean:CC-BY-2.0-FR	0.00	no	two-corpora	OpenSubtitles+Tatoeba
алмадыгызмы	0	4	1	OpenSubtitles+Tatoeba	clean:CC-BY-2.0-FR	0.00	no	two-corpora	OpenSubtitles+Tatoeba
алмыйммы	0	4	1	OpenSubtitles+Tatoeba	clean:CC-BY-2.0-FR	0.00	no	two-corpora	OpenSubtitles+Tatoeba
аляскада	0	4	3	OpenSubtitles+Tatoeba	clean:CC-BY-2.0-FR	1.00	no	operator-widened	прежнее правило: proper-noun-evidence (cap_ratio=1.00>=0.50)
анджелестагы	0	4	0	OpenSubtitles	risk-accepted:no-grant	0.00	no	operator-widened	прежнее правило: single-source (OpenSubtitles)
анджелестан	0	4	0	OpenSubtitles	risk-accepted:no-grant	0.00	no	operator-widened	прежнее правило: single-source (OpenSubtitles)
анестезия	0	4	1	OpenSubtitles+Tatoeba	clean:CC-BY-2.0-FR	0.00	no	two-corpora	OpenSubtitles+Tatoeba
аркама	0	4	1	OpenSubtitles+Tatoeba	clean:CC-BY-2.0-FR	0.00	no	two-corpora	OpenSubtitles+Tatoeba
армут	0	4	4	Tatoeba	clean:CC-BY-2.0-FR	0.00	no	operator-widened	прежнее правило: single-source (Tatoeba)
арнцт	0	4	0	OpenSubtitles	risk-accepted:no-grant	1.00	no	operator-widened	прежнее правило: proper-noun-evidence (cap_ratio=1.00>=0.50)
арчу	0	4	4	Tatoeba	clean:CC-BY-2.0-FR	0.00	no	operator-widened	прежнее правило: single-source (Tatoeba)
арыдыңмы	0	4	4	Tatoeba	clean:CC-BY-2.0-FR	0.00	no	operator-widened	прежнее правило: single-source (Tatoeba)
арья	0	4	0	OpenSubtitles	risk-accepted:no-grant	0.00	no	operator-widened	прежнее правило: single-source (OpenSubtitles)
атагызга	0	4	0	OpenSubtitles	risk-accepted:no-grant	0.00	no	operator-widened	прежнее правило: single-source (OpenSubtitles)
атадыгыз	0	4	1	OpenSubtitles+Tatoeba	clean:CC-BY-2.0-FR	0.00	no	two-corpora	OpenSubtitles+Tatoeba
атканнарын	0	4	1	OpenSubtitles+Tatoeba	clean:CC-BY-2.0-FR	0.00	no	two-corpora	OpenSubtitles+Tatoeba
атланыгыз	0	4	0	OpenSubtitles	risk-accepted:no-grant	0.00	no	operator-widened	прежнее правило: single-source (OpenSubtitles)
аттыңмы	0	4	0	OpenSubtitles	risk-accepted:no-grant	0.00	no	operator-widened	прежнее правило: single-source (OpenSubtitles)
атыйсыз	0	4	1	OpenSubtitles+Tatoeba	clean:CC-BY-2.0-FR	0.00	no	two-corpora	OpenSubtitles+Tatoeba
ахмакларны	0	4	1	OpenSubtitles+Tatoeba	clean:CC-BY-2.0-FR	0.00	no	two-corpora	OpenSubtitles+Tatoeba
ачмасаң	0	4	2	OpenSubtitles+Tatoeba	clean:CC-BY-2.0-FR	0.00	no	two-corpora	OpenSubtitles+Tatoeba
ачуландыра	0	4	4	Tatoeba	clean:CC-BY-2.0-FR	0.00	no	operator-widened	прежнее правило: single-source (Tatoeba)
ачуланыштык	0	4	2	OpenSubtitles+Tatoeba	clean:CC-BY-2.0-FR	0.00	no	two-corpora	OpenSubtitles+Tatoeba
ачыкмы	0	4	4	Tatoeba	clean:CC-BY-2.0-FR	0.00	no	operator-widened	прежнее правило: single-source (Tatoeba)
ашадыгызмы	0	4	3	OpenSubtitles+Tatoeba	clean:CC-BY-2.0-FR	0.00	no	two-corpora	OpenSubtitles+Tatoeba
ашамыйбыз	0	4	3	OpenSubtitles+Tatoeba	clean:CC-BY-2.0-FR	0.00	no	two-corpora	OpenSubtitles+Tatoeba
ашказаным	0	4	2	OpenSubtitles+Tatoeba	clean:CC-BY-2.0-FR	0.00	no	two-corpora	OpenSubtitles+Tatoeba
ашыйсыгыз	0	4	3	OpenSubtitles+Tatoeba	clean:CC-BY-2.0-FR	0.00	no	two-corpora	OpenSubtitles+Tatoeba
ашымны	0	4	2	OpenSubtitles+Tatoeba	clean:CC-BY-2.0-FR	0.00	no	two-corpora	OpenSubtitles+Tatoeba
аягыңа	0	4	0	OpenSubtitles	risk-accepted:no-grant	0.00	no	operator-widened	прежнее правило: single-source (OpenSubtitles)
аңладыгыз	0	4	1	OpenSubtitles+Tatoeba	clean:CC-BY-2.0-FR	0.00	no	two-corpora	OpenSubtitles+Tatoeba
аңыңа	0	4	1	OpenSubtitles+Tatoeba	clean:CC-BY-2.0-FR	0.00	no	two-corpora	OpenSubtitles+Tatoeba
баздың	0	4	0	OpenSubtitles	risk-accepted:no-grant	0.00	no	operator-widened	прежнее правило: single-source (OpenSubtitles)
баканы	0	4	2	OpenSubtitles+Tatoeba	clean:CC-BY-2.0-FR	0.00	no	two-corpora	OpenSubtitles+Tatoeba
бардымы	0	4	3	OpenSubtitles+Tatoeba	clean:CC-BY-2.0-FR	0.00	no	two-corpora	OpenSubtitles+Tatoeba
бармыйсыз	0	4	2	OpenSubtitles+Tatoeba	clean:CC-BY-2.0-FR	0.00	no	two-corpora	OpenSubtitles+Tatoeba
батар	0	4	4	Tatoeba	clean:CC-BY-2.0-FR	0.00	no	operator-widened	прежнее правило: single-source (Tatoeba)
бауларым	0	4	0	OpenSubtitles	risk-accepted:no-grant	0.00	no	operator-widened	прежнее правило: single-source (OpenSubtitles)
башкисәре	0	4	0	OpenSubtitles	risk-accepted:no-grant	0.00	no	operator-widened	прежнее правило: single-source (OpenSubtitles)
башлангычыннан	0	4	0	OpenSubtitles	risk-accepted:no-grant	0.00	no	operator-widened	прежнее правило: single-source (OpenSubtitles)
башлангычының	0	4	0	OpenSubtitles	risk-accepted:no-grant	0.00	no	operator-widened	прежнее правило: single-source (OpenSubtitles)
бекка	0	4	0	OpenSubtitles	risk-accepted:no-grant	1.00	no	operator-widened	прежнее правило: proper-noun-evidence (cap_ratio=1.00>=0.50)
белгәнебез	0	4	0	OpenSubtitles	risk-accepted:no-grant	0.00	no	operator-widened	прежнее правило: single-source (OpenSubtitles)
белгәннәремнең	0	4	2	OpenSubtitles+Tatoeba	clean:CC-BY-2.0-FR	0.00	no	two-corpora	OpenSubtitles+Tatoeba
белгәннәреңне	0	4	0	OpenSubtitles	risk-accepted:no-grant	0.00	no	operator-widened	прежнее правило: single-source (OpenSubtitles)
белгәнсең	0	4	0	OpenSubtitles	risk-accepted:no-grant	0.00	no	operator-widened	прежнее правило: single-source (OpenSubtitles)
белмисеңмени	0	4	3	OpenSubtitles+Tatoeba	clean:CC-BY-2.0-FR	0.00	no	two-corpora	OpenSubtitles+Tatoeba
бенни	0	4	0	OpenSubtitles	risk-accepted:no-grant	1.00	no	operator-widened	прежнее правило: proper-noun-evidence (cap_ratio=1.00>=0.50)
бернишләп	0	4	1	OpenSubtitles+Tatoeba	clean:CC-BY-2.0-FR	0.00	no	two-corpora	OpenSubtitles+Tatoeba
бетердең	0	4	2	OpenSubtitles+Tatoeba	clean:CC-BY-2.0-FR	0.00	no	two-corpora	OpenSubtitles+Tatoeba
бетерим	0	4	2	OpenSubtitles+Tatoeba	clean:CC-BY-2.0-FR	0.00	no	two-corpora	OpenSubtitles+Tatoeba
бетмисең	0	4	0	OpenSubtitles	risk-accepted:no-grant	0.00	no	operator-widened	прежнее правило: single-source (OpenSubtitles)
бикләде	0	4	1	OpenSubtitles+Tatoeba	clean:CC-BY-2.0-FR	0.00	no	two-corpora	OpenSubtitles+Tatoeba
бикләү	0	4	1	OpenSubtitles+Tatoeba	clean:CC-BY-2.0-FR	0.33	no	two-corpora	OpenSubtitles+Tatoeba
билгелим	0	4	0	OpenSubtitles	risk-accepted:no-grant	0.00	no	operator-widened	прежнее правило: single-source (OpenSubtitles)
бинтлар	0	4	0	OpenSubtitles	risk-accepted:no-grant	0.00	no	operator-widened	прежнее правило: single-source (OpenSubtitles)
биопсия	0	4	0	OpenSubtitles	risk-accepted:no-grant	0.00	no	operator-widened	прежнее правило: single-source (OpenSubtitles)
биргәнеңне	0	4	2	OpenSubtitles+Tatoeba	clean:CC-BY-2.0-FR	0.00	no	two-corpora	OpenSubtitles+Tatoeba
бирелдем	0	4	3	OpenSubtitles+Tatoeba	clean:CC-BY-2.0-FR	0.00	no	two-corpora	OpenSubtitles+Tatoeba
бирмәсәм	0	4	0	OpenSubtitles	risk-accepted:no-grant	0.00	no	operator-widened	прежнее правило: single-source (OpenSubtitles)
бирән	0	4	1	OpenSubtitles+Tatoeba	clean:CC-BY-2.0-FR	0.33	no	two-corpora	OpenSubtitles+Tatoeba
бифрост	0	4	0	OpenSubtitles	risk-accepted:no-grant	1.00	no	operator-widened	прежнее правило: proper-noun-evidence (cap_ratio=1.00>=0.50)
бластер	0	4	0	OpenSubtitles	risk-accepted:no-grant	0.00	no	operator-widened	прежнее правило: single-source (OpenSubtitles)
бластерны	0	4	0	OpenSubtitles	risk-accepted:no-grant	0.00	no	operator-widened	прежнее правило: single-source (OpenSubtitles)
богавы	0	4	3	OpenSubtitles+Tatoeba	clean:CC-BY-2.0-FR	0.00	no	two-corpora	OpenSubtitles+Tatoeba
боздык	0	4	0	OpenSubtitles	risk-accepted:no-grant	0.00	no	operator-widened	прежнее правило: single-source (OpenSubtitles)
бон	0	4	0	OpenSubtitles	risk-accepted:no-grant	0.33	no	operator-widened	прежнее правило: single-source (OpenSubtitles)
борабыз	0	4	0	OpenSubtitles	risk-accepted:no-grant	0.00	no	operator-widened	прежнее правило: single-source (OpenSubtitles)
борам	0	4	0	OpenSubtitles	risk-accepted:no-grant	0.00	no	operator-widened	прежнее правило: single-source (OpenSubtitles)
бораулаганда	0	4	0	OpenSubtitles	risk-accepted:no-grant	0.00	no	operator-widened	прежнее правило: single-source (OpenSubtitles)
борел	0	4	0	OpenSubtitles	risk-accepted:no-grant	1.00	no	operator-widened	прежнее правило: proper-noun-evidence (cap_ratio=1.00>=0.50)
борчылмасаң	0	4	0	OpenSubtitles	risk-accepted:no-grant	0.00	no	operator-widened	прежнее правило: single-source (OpenSubtitles)
борчылсаң	0	4	0	OpenSubtitles	risk-accepted:no-grant	0.00	no	operator-widened	прежнее правило: single-source (OpenSubtitles)
борчымагыз	0	4	3	OpenSubtitles+Tatoeba	clean:CC-BY-2.0-FR	0.00	no	two-corpora	OpenSubtitles+Tatoeba
букчада	0	4	0	OpenSubtitles	risk-accepted:no-grant	0.00	no	operator-widened	прежнее правило: single-source (OpenSubtitles)
букчам	0	4	0	OpenSubtitles	risk-accepted:no-grant	0.00	no	operator-widened	прежнее правило: single-source (OpenSubtitles)
булалмас	0	4	2	OpenSubtitles+Tatoeba	clean:CC-BY-2.0-FR	0.00	no	two-corpora	OpenSubtitles+Tatoeba
булмавыңны	0	4	2	OpenSubtitles+Tatoeba	clean:CC-BY-2.0-FR	0.00	no	two-corpora	OpenSubtitles+Tatoeba
булмаячаксыз	0	4	2	OpenSubtitles+Tatoeba	clean:CC-BY-2.0-FR	0.00	no	two-corpora	OpenSubtitles+Tatoeba
булышмыйсың	0	4	1	OpenSubtitles+Tatoeba	clean:CC-BY-2.0-FR	0.00	no	two-corpora	OpenSubtitles+Tatoeba
бутадым	0	4	2	OpenSubtitles+Tatoeba	clean:CC-BY-2.0-FR	0.00	no	two-corpora	OpenSubtitles+Tatoeba
бәйләвечне	0	4	0	OpenSubtitles	risk-accepted:no-grant	0.00	no	operator-widened	прежнее правило: single-source (OpenSubtitles)
бәлли	0	4	0	OpenSubtitles	risk-accepted:no-grant	0.00	no	operator-widened	прежнее правило: single-source (OpenSubtitles)
бәргәч	0	4	0	OpenSubtitles	risk-accepted:no-grant	0.00	no	operator-widened	прежнее правило: single-source (OpenSubtitles)
бәрелсә	0	4	2	OpenSubtitles+Tatoeba	clean:CC-BY-2.0-FR	0.00	no	two-corpora	OpenSubtitles+Tatoeba
бәрәчәк	0	4	0	OpenSubtitles	risk-accepted:no-grant	0.00	no	operator-widened	прежнее правило: single-source (OpenSubtitles)
бәхетеңә	0	4	0	OpenSubtitles	risk-accepted:no-grant	0.00	no	operator-widened	прежнее правило: single-source (OpenSubtitles)
бәхетсезлекләр	0	4	0	OpenSubtitles	risk-accepted:no-grant	0.00	no	operator-widened	прежнее правило: single-source (OpenSubtitles)
бөеремне	0	4	0	OpenSubtitles	risk-accepted:no-grant	0.00	no	operator-widened	прежнее правило: single-source (OpenSubtitles)
вагю	0	4	0	OpenSubtitles	risk-accepted:no-grant	0.00	no	operator-widened	прежнее правило: single-source (OpenSubtitles)
вазаны	0	4	3	OpenSubtitles+Tatoeba	clean:CC-BY-2.0-FR	0.00	no	two-corpora	OpenSubtitles+Tatoeba
видморның	0	4	0	OpenSubtitles	risk-accepted:no-grant	1.00	no	operator-widened	прежнее правило: proper-noun-evidence (cap_ratio=1.00>=0.50)
викингы	0	4	0	OpenSubtitles	risk-accepted:no-grant	0.25	no	operator-widened	прежнее правило: single-source (OpenSubtitles)
вольтрон	0	4	0	OpenSubtitles	risk-accepted:no-grant	1.00	no	operator-widened	прежнее правило: proper-noun-evidence (cap_ratio=1.00>=0.50)
вуаля	0	4	0	OpenSubtitles	risk-accepted:no-grant	0.00	no	operator-widened	прежнее правило: single-source (OpenSubtitles)
гаепләмәгез	0	4	3	OpenSubtitles+Tatoeba	clean:CC-BY-2.0-FR	0.00	no	two-corpora	OpenSubtitles+Tatoeba
галактикада	0	4	0	OpenSubtitles	risk-accepted:no-grant	0.00	no	operator-widened	прежнее правило: single-source (OpenSubtitles)
галстукны	0	4	0	OpenSubtitles	risk-accepted:no-grant	0.00	no	operator-widened	прежнее правило: single-source (OpenSubtitles)
галәмара	0	4	1	OpenSubtitles+Tatoeba	clean:CC-BY-2.0-FR	0.00	no	two-corpora	OpenSubtitles+Tatoeba
галәмнәрдән	0	4	0	OpenSubtitles	risk-accepted:no-grant	0.00	no	operator-widened	прежнее правило: single-source (OpenSubtitles)
гашыйкмы	0	4	2	OpenSubtitles+Tatoeba	clean:CC-BY-2.0-FR	0.00	no	two-corpora	OpenSubtitles+Tatoeba
гильдиягә	0	4	0	OpenSubtitles	risk-accepted:no-grant	1.00	no	operator-widened	прежнее правило: proper-noun-evidence (cap_ratio=1.00>=0.50)
гладиозавр	0	4	0	OpenSubtitles	risk-accepted:no-grant	1.00	no	operator-widened	прежнее правило: proper-noun-evidence (cap_ratio=1.00>=0.50)
гринвичка	0	4	0	OpenSubtitles	risk-accepted:no-grant	0.00	no	operator-widened	прежнее правило: single-source (OpenSubtitles)
гәҗәеп	0	4	0	OpenSubtitles	risk-accepted:no-grant	0.00	no	operator-widened	прежнее правило: single-source (OpenSubtitles)
дантист	0	4	0	OpenSubtitles	risk-accepted:no-grant	0.00	no	operator-widened	прежнее правило: single-source (OpenSubtitles)
дежа	0	4	0	OpenSubtitles	risk-accepted:no-grant	0.00	no	operator-widened	прежнее правило: single-source (OpenSubtitles)
дейтон	0	4	0	OpenSubtitles	risk-accepted:no-grant	0.00	no	operator-widened	прежнее правило: single-source (OpenSubtitles)
десмондның	0	4	0	OpenSubtitles	risk-accepted:no-grant	1.00	no	operator-widened	прежнее правило: proper-noun-evidence (cap_ratio=1.00>=0.50)
джейга	0	4	0	OpenSubtitles	risk-accepted:no-grant	0.00	no	operator-widened	прежнее правило: single-source (OpenSubtitles)
джеймисон	0	4	0	OpenSubtitles	risk-accepted:no-grant	0.00	no	operator-widened	прежнее правило: single-source (OpenSubtitles)
джентльменнар	0	4	1	OpenSubtitles+Tatoeba	clean:CC-BY-2.0-FR	0.00	no	two-corpora	OpenSubtitles+Tatoeba
джессиканы	0	4	1	OpenSubtitles+Tatoeba	clean:CC-BY-2.0-FR	1.00	no	operator-widened	прежнее правило: proper-noun-evidence (cap_ratio=1.00>=0.50)
джуди	0	4	3	OpenSubtitles+Tatoeba	clean:CC-BY-2.0-FR	1.00	no	operator-widened	прежнее правило: proper-noun-evidence (cap_ratio=1.00>=0.50)
диетага	0	4	4	Tatoeba	clean:CC-BY-2.0-FR	0.00	no	operator-widened	прежнее правило: single-source (Tatoeba)
догамны	0	4	2	OpenSubtitles+Tatoeba	clean:CC-BY-2.0-FR	0.00	no	two-corpora	OpenSubtitles+Tatoeba
дуслармы	0	4	1	OpenSubtitles+Tatoeba	clean:CC-BY-2.0-FR	0.00	no	two-corpora	OpenSubtitles+Tatoeba
дустыгызга	0	4	0	OpenSubtitles	risk-accepted:no-grant	0.00	no	operator-widened	прежнее правило: single-source (OpenSubtitles)
дустымнан	0	4	4	Tatoeba	clean:CC-BY-2.0-FR	0.00	no	operator-widened	прежнее правило: single-source (Tatoeba)
дустыңның	0	4	2	OpenSubtitles+Tatoeba	clean:CC-BY-2.0-FR	0.00	no	two-corpora	OpenSubtitles+Tatoeba
дәваларлар	0	4	0	OpenSubtitles	risk-accepted:no-grant	0.00	no	operator-widened	прежнее правило: single-source (OpenSubtitles)
дәшмим	0	4	1	OpenSubtitles+Tatoeba	clean:CC-BY-2.0-FR	0.00	no	two-corpora	OpenSubtitles+Tatoeba
елмаюыңны	0	4	4	Tatoeba	clean:CC-BY-2.0-FR	0.00	no	operator-widened	прежнее правило: single-source (Tatoeba)
ерма	0	4	0	OpenSubtitles	risk-accepted:no-grant	0.00	no	operator-widened	прежнее правило: single-source (OpenSubtitles)
журналчы	0	4	4	Tatoeba	clean:CC-BY-2.0-FR	0.00	no	operator-widened	прежнее правило: single-source (Tatoeba)
зиннәте	0	4	4	Tatoeba	clean:CC-BY-2.0-FR	0.00	no	operator-widened	прежнее правило: single-source (Tatoeba)
зириның	0	4	4	Tatoeba	clean:CC-BY-2.0-FR	0.00	no	operator-widened	прежнее правило: single-source (Tatoeba)
зондны	0	4	0	OpenSubtitles	risk-accepted:no-grant	0.00	no	operator-widened	прежнее правило: single-source (OpenSubtitles)
иелгәнгә	0	4	4	Tatoeba	clean:CC-BY-2.0-FR	0.00	no	operator-widened	прежнее правило: single-source (Tatoeba)
иелегез	0	4	2	OpenSubtitles+Tatoeba	clean:CC-BY-2.0-FR	0.00	no	two-corpora	OpenSubtitles+Tatoeba
икешәрле	0	4	4	Tatoeba	clean:CC-BY-2.0-FR	0.00	no	operator-widened	прежнее правило: single-source (Tatoeba)
икәнендә	0	4	1	OpenSubtitles+Tatoeba	clean:CC-BY-2.0-FR	0.00	no	two-corpora	OpenSubtitles+Tatoeba
икәнеңә	0	4	0	OpenSubtitles	risk-accepted:no-grant	0.00	no	operator-widened	прежнее правило: single-source (OpenSubtitles)
иминлегең	0	4	0	OpenSubtitles	risk-accepted:no-grant	0.00	no	operator-widened	прежнее правило: single-source (OpenSubtitles)
инаныгыз	0	4	4	Tatoeba	clean:CC-BY-2.0-FR	0.00	no	operator-widened	прежнее правило: single-source (Tatoeba)
ингалятор	0	4	0	OpenSubtitles	risk-accepted:no-grant	0.00	no	operator-widened	прежнее правило: single-source (OpenSubtitles)
иреклеме	0	4	4	Tatoeba	clean:CC-BY-2.0-FR	0.00	no	operator-widened	прежнее правило: single-source (Tatoeba)
исәнләш	0	4	1	OpenSubtitles+Tatoeba	clean:CC-BY-2.0-FR	0.00	no	two-corpora	OpenSubtitles+Tatoeba
ишетсәгез	0	4	0	OpenSubtitles	risk-accepted:no-grant	0.00	no	operator-widened	прежнее правило: single-source (OpenSubtitles)
ишетүемә	0	4	4	Tatoeba	clean:CC-BY-2.0-FR	0.00	no	operator-widened	прежнее правило: single-source (Tatoeba)
иярегез	0	4	0	OpenSubtitles	risk-accepted:no-grant	0.00	no	operator-widened	прежнее правило: single-source (OpenSubtitles)
йокладыгыз	0	4	1	OpenSubtitles+Tatoeba	clean:CC-BY-2.0-FR	0.00	no	two-corpora	OpenSubtitles+Tatoeba
йокламыйсыңмы	0	4	1	OpenSubtitles+Tatoeba	clean:CC-BY-2.0-FR	0.00	no	two-corpora	OpenSubtitles+Tatoeba
йоклыймы	0	4	2	OpenSubtitles+Tatoeba	clean:CC-BY-2.0-FR	0.00	no	two-corpora	OpenSubtitles+Tatoeba
йокылы	0	4	4	Tatoeba	clean:CC-BY-2.0-FR	0.00	no	operator-widened	прежнее правило: single-source (Tatoeba)
йортыгызны	0	4	4	Tatoeba	clean:CC-BY-2.0-FR	0.00	no	operator-widened	прежнее правило: single-source (Tatoeba)
йоу	0	4	0	OpenSubtitles	risk-accepted:no-grant	0.00	no	operator-widened	прежнее правило: single-source (OpenSubtitles)
йөгерсәң	0	4	0	OpenSubtitles	risk-accepted:no-grant	0.00	no	operator-widened	прежнее правило: single-source (OpenSubtitles)
йөздек	0	4	4	Tatoeba	clean:CC-BY-2.0-FR	0.00	no	operator-widened	прежнее правило: single-source (Tatoeba)
йөрдеңме	0	4	2	OpenSubtitles+Tatoeba	clean:CC-BY-2.0-FR	0.00	no	two-corpora	OpenSubtitles+Tatoeba
кабинаны	0	4	0	OpenSubtitles	risk-accepted:no-grant	0.00	no	operator-widened	прежнее правило: single-source (OpenSubtitles)
кабызасың	0	4	0	OpenSubtitles	risk-accepted:no-grant	0.00	no	operator-widened	прежнее правило: single-source (OpenSubtitles)
кабыргам	0	4	2	OpenSubtitles+Tatoeba	clean:CC-BY-2.0-FR	0.00	no	two-corpora	OpenSubtitles+Tatoeba
кайгыртачакмын	0	4	0	OpenSubtitles	risk-accepted:no-grant	0.00	no	operator-widened	прежнее правило: single-source (OpenSubtitles)
кайгыртырмын	0	4	0	OpenSubtitles	risk-accepted:no-grant	0.00	no	operator-widened	прежнее правило: single-source (OpenSubtitles)
кайгыңны	0	4	0	OpenSubtitles	risk-accepted:no-grant	0.00	no	operator-widened	прежнее правило: single-source (OpenSubtitles)
кайнармы	0	4	2	OpenSubtitles+Tatoeba	clean:CC-BY-2.0-FR	0.00	no	two-corpora	OpenSubtitles+Tatoeba
кайтарачаксың	0	4	1	OpenSubtitles+Tatoeba	clean:CC-BY-2.0-FR	0.00	no	two-corpora	OpenSubtitles+Tatoeba
кайтарсаң	0	4	1	OpenSubtitles+Tatoeba	clean:CC-BY-2.0-FR	0.00	no	two-corpora	OpenSubtitles+Tatoeba
кайтасыгыз	0	4	0	OpenSubtitles	risk-accepted:no-grant	0.00	no	operator-widened	прежнее правило: single-source (OpenSubtitles)
кайтканыңны	0	4	0	OpenSubtitles	risk-accepted:no-grant	0.00	no	operator-widened	прежнее правило: single-source (OpenSubtitles)
какма	0	4	3	OpenSubtitles+Tatoeba	clean:CC-BY-2.0-FR	0.00	no	two-corpora	OpenSubtitles+Tatoeba
калдырасыңмы	0	4	1	OpenSubtitles+Tatoeba	clean:CC-BY-2.0-FR	0.00	no	two-corpora	OpenSubtitles+Tatoeba
калдырганмын	0	4	1	OpenSubtitles+Tatoeba	clean:CC-BY-2.0-FR	0.00	no	two-corpora	OpenSubtitles+Tatoeba
калдыргансың	0	4	2	OpenSubtitles+Tatoeba	clean:CC-BY-2.0-FR	0.00	no	two-corpora	OpenSubtitles+Tatoeba
калдырмассыңмы	0	4	0	OpenSubtitles	risk-accepted:no-grant	0.00	no	operator-widened	прежнее правило: single-source (OpenSubtitles)
калтырады	0	4	2	OpenSubtitles+Tatoeba	clean:CC-BY-2.0-FR	0.00	no	two-corpora	OpenSubtitles+Tatoeba
камерасын	0	4	2	OpenSubtitles+Tatoeba	clean:CC-BY-2.0-FR	0.00	no	two-corpora	OpenSubtitles+Tatoeba
капкачында	0	4	1	OpenSubtitles+Tatoeba	clean:CC-BY-2.0-FR	0.00	no	two-corpora	OpenSubtitles+Tatoeba
капкын	0	4	0	OpenSubtitles	risk-accepted:no-grant	0.33	no	operator-widened	прежнее правило: single-source (OpenSubtitles)
капкында	0	4	0	OpenSubtitles	risk-accepted:no-grant	0.00	no	operator-widened	прежнее правило: single-source (OpenSubtitles)
каплан	0	4	1	OpenSubtitles+Tatoeba	clean:CC-BY-2.0-FR	0.75	no	operator-widened	прежнее правило: proper-noun-evidence (cap_ratio=0.75>=0.50)
караганыгызны	0	4	2	OpenSubtitles+Tatoeba	clean:CC-BY-2.0-FR	0.00	no	two-corpora	OpenSubtitles+Tatoeba
карамыйсыз	0	4	2	OpenSubtitles+Tatoeba	clean:CC-BY-2.0-FR	0.00	no	two-corpora	OpenSubtitles+Tatoeba
карарым	0	4	1	OpenSubtitles+Tatoeba	clean:CC-BY-2.0-FR	0.00	no	two-corpora	OpenSubtitles+Tatoeba
кардиостимулятор	0	4	0	OpenSubtitles	risk-accepted:no-grant	0.00	no	operator-widened	прежнее правило: single-source (OpenSubtitles)
карын	0	4	3	OpenSubtitles+Tatoeba	clean:CC-BY-2.0-FR	0.00	no	two-corpora	OpenSubtitles+Tatoeba
катышым	0	4	0	OpenSubtitles	risk-accepted:no-grant	0.00	no	operator-widened	прежнее правило: single-source (OpenSubtitles)
качаргамы	0	4	0	OpenSubtitles	risk-accepted:no-grant	0.00	no	operator-widened	прежнее правило: single-source (OpenSubtitles)
квинджет	0	4	0	OpenSubtitles	risk-accepted:no-grant	0.00	no	operator-widened	прежнее правило: single-source (OpenSubtitles)
квинс	0	4	0	OpenSubtitles	risk-accepted:no-grant	1.00	no	operator-widened	прежнее правило: proper-noun-evidence (cap_ratio=1.00>=0.50)
кейста	0	4	0	OpenSubtitles	risk-accepted:no-grant	0.00	no	operator-widened	прежнее правило: single-source (OpenSubtitles)
керне	0	4	0	OpenSubtitles	risk-accepted:no-grant	0.00	no	operator-widened	прежнее правило: single-source (OpenSubtitles)
киборг	0	4	1	OpenSubtitles+Tatoeba	clean:CC-BY-2.0-FR	0.33	no	two-corpora	OpenSubtitles+Tatoeba
киемнәрегезне	0	4	3	OpenSubtitles+Tatoeba	clean:CC-BY-2.0-FR	0.00	no	two-corpora	OpenSubtitles+Tatoeba
кикерек	0	4	0	OpenSubtitles	risk-accepted:no-grant	0.33	no	operator-widened	прежнее правило: single-source (OpenSubtitles)
килештекме	0	4	1	OpenSubtitles+Tatoeba	clean:CC-BY-2.0-FR	0.00	no	two-corpora	OpenSubtitles+Tatoeba
килмәссең	0	4	2	OpenSubtitles+Tatoeba	clean:CC-BY-2.0-FR	0.00	no	two-corpora	OpenSubtitles+Tatoeba
киселдем	0	4	3	OpenSubtitles+Tatoeba	clean:CC-BY-2.0-FR	0.00	no	two-corpora	OpenSubtitles+Tatoeba
китмичәк	0	4	0	OpenSubtitles	risk-accepted:no-grant	0.00	no	operator-widened	прежнее правило: single-source (OpenSubtitles)
китмәдең	0	4	2	OpenSubtitles+Tatoeba	clean:CC-BY-2.0-FR	0.00	no	two-corpora	OpenSubtitles+Tatoeba
китмәссең	0	4	1	OpenSubtitles+Tatoeba	clean:CC-BY-2.0-FR	0.00	no	two-corpora	OpenSubtitles+Tatoeba
китмәсәң	0	4	1	OpenSubtitles+Tatoeba	clean:CC-BY-2.0-FR	0.00	no	two-corpora	OpenSubtitles+Tatoeba
китүегезне	0	4	2	OpenSubtitles+Tatoeba	clean:CC-BY-2.0-FR	0.00	no	two-corpora	OpenSubtitles+Tatoeba
китәсезме	0	4	1	OpenSubtitles+Tatoeba	clean:CC-BY-2.0-FR	0.00	no	two-corpora	OpenSubtitles+Tatoeba
кичердегез	0	4	0	OpenSubtitles	risk-accepted:no-grant	0.00	no	operator-widened	прежнее правило: single-source (OpenSubtitles)
кларнетта	0	4	4	Tatoeba	clean:CC-BY-2.0-FR	0.00	no	operator-widened	прежнее правило: single-source (Tatoeba)
койрыгында	0	4	1	OpenSubtitles+Tatoeba	clean:CC-BY-2.0-FR	0.00	no	two-corpora	OpenSubtitles+Tatoeba
колагым	0	4	2	OpenSubtitles+Tatoeba	clean:CC-BY-2.0-FR	0.00	no	two-corpora	OpenSubtitles+Tatoeba
комикслар	0	4	3	OpenSubtitles+Tatoeba	clean:CC-BY-2.0-FR	0.00	no	two-corpora	OpenSubtitles+Tatoeba
компьютерымны	0	4	4	Tatoeba	clean:CC-BY-2.0-FR	0.00	no	operator-widened	прежнее правило: single-source (Tatoeba)
корвет	0	4	0	OpenSubtitles	risk-accepted:no-grant	1.00	no	operator-widened	прежнее правило: proper-noun-evidence (cap_ratio=1.00>=0.50)
корги	0	4	0	OpenSubtitles	risk-accepted:no-grant	0.00	no	operator-widened	прежнее правило: single-source (OpenSubtitles)
кормас	0	4	4	Tatoeba	clean:CC-BY-2.0-FR	0.00	no	operator-widened	прежнее правило: single-source (Tatoeba)
коронавирус	0	4	4	Tatoeba	clean:CC-BY-2.0-FR	0.00	no	operator-widened	прежнее правило: single-source (Tatoeba)
коронавирустан	0	4	4	Tatoeba	clean:CC-BY-2.0-FR	0.00	no	operator-widened	прежнее правило: single-source (Tatoeba)
косасым	0	4	4	Tatoeba	clean:CC-BY-2.0-FR	0.00	no	operator-widened	прежнее правило: single-source (Tatoeba)
космопортка	0	4	0	OpenSubtitles	risk-accepted:no-grant	0.00	no	operator-widened	прежнее правило: single-source (OpenSubtitles)
коткармас	0	4	0	OpenSubtitles	risk-accepted:no-grant	0.00	no	operator-widened	прежнее правило: single-source (OpenSubtitles)
коткарсалар	0	4	0	OpenSubtitles	risk-accepted:no-grant	0.00	no	operator-widened	прежнее правило: single-source (OpenSubtitles)
коткарырсыз	0	4	0	OpenSubtitles	risk-accepted:no-grant	0.00	no	operator-widened	прежнее правило: single-source (OpenSubtitles)
коточыргыч	0	4	1	OpenSubtitles+Tatoeba	clean:CC-BY-2.0-FR	0.00	no	two-corpora	OpenSubtitles+Tatoeba
кофеин	0	4	1	OpenSubtitles+Tatoeba	clean:CC-BY-2.0-FR	0.00	no	two-corpora	OpenSubtitles+Tatoeba
кузгал	0	4	2	OpenSubtitles+Tatoeba	clean:CC-BY-2.0-FR	0.00	no	two-corpora	OpenSubtitles+Tatoeba
кулдаш	0	4	0	OpenSubtitles	risk-accepted:no-grant	0.00	no	operator-widened	прежнее правило: single-source (OpenSubtitles)
кулландыңмы	0	4	1	OpenSubtitles+Tatoeba	clean:CC-BY-2.0-FR	0.00	no	two-corpora	OpenSubtitles+Tatoeba
кулланыйк	0	4	0	OpenSubtitles	risk-accepted:no-grant	0.00	no	operator-widened	прежнее правило: single-source (OpenSubtitles)
кулчатырны	0	4	3	OpenSubtitles+Tatoeba	clean:CC-BY-2.0-FR	0.00	no	two-corpora	OpenSubtitles+Tatoeba
кунмас	0	4	4	Tatoeba	clean:CC-BY-2.0-FR	0.00	no	operator-widened	прежнее правило: single-source (Tatoeba)
куркакның	0	4	4	Tatoeba	clean:CC-BY-2.0-FR	0.00	no	operator-widened	прежнее правило: single-source (Tatoeba)
куркынычмы	0	4	2	OpenSubtitles+Tatoeba	clean:CC-BY-2.0-FR	0.00	no	two-corpora	OpenSubtitles+Tatoeba
курыкмыйсың	0	4	1	OpenSubtitles+Tatoeba	clean:CC-BY-2.0-FR	0.00	no	two-corpora	OpenSubtitles+Tatoeba
курыктыңмы	0	4	3	OpenSubtitles+Tatoeba	clean:CC-BY-2.0-FR	0.00	no	two-corpora	OpenSubtitles+Tatoeba
кызыңа	0	4	1	OpenSubtitles+Tatoeba	clean:CC-BY-2.0-FR	0.00	no	two-corpora	OpenSubtitles+Tatoeba
кыймылда	0	4	2	OpenSubtitles+Tatoeba	clean:CC-BY-2.0-FR	0.00	no	two-corpora	OpenSubtitles+Tatoeba
кыйнадым	0	4	0	OpenSubtitles	risk-accepted:no-grant	0.00	no	operator-widened	прежнее правило: single-source (OpenSubtitles)
кыны	0	4	2	OpenSubtitles+Tatoeba	clean:CC-BY-2.0-FR	0.00	no	two-corpora	OpenSubtitles+Tatoeba
кырынганда	0	4	2	OpenSubtitles+Tatoeba	clean:CC-BY-2.0-FR	0.00	no	two-corpora	OpenSubtitles+Tatoeba
кырынырга	0	4	2	OpenSubtitles+Tatoeba	clean:CC-BY-2.0-FR	0.00	no	two-corpora	OpenSubtitles+Tatoeba
кыскыч	0	4	0	OpenSubtitles	risk-accepted:no-grant	0.00	no	operator-widened	прежнее правило: single-source (OpenSubtitles)
кычкырдың	0	4	1	OpenSubtitles+Tatoeba	clean:CC-BY-2.0-FR	0.00	no	two-corpora	OpenSubtitles+Tatoeba
кычкырмагыз	0	4	2	OpenSubtitles+Tatoeba	clean:CC-BY-2.0-FR	0.00	no	two-corpora	OpenSubtitles+Tatoeba
кэн	0	4	4	Tatoeba	clean:CC-BY-2.0-FR	1.00	no	operator-widened	прежнее правило: proper-noun-evidence (cap_ratio=1.00>=0.50)
күкри	0	4	3	OpenSubtitles+Tatoeba	clean:CC-BY-2.0-FR	0.00	no	two-corpora	OpenSubtitles+Tatoeba
күпертмәне	0	4	0	OpenSubtitles	risk-accepted:no-grant	0.00	no	operator-widened	прежнее правило: single-source (OpenSubtitles)
күпмедә	0	4	4	Tatoeba	clean:CC-BY-2.0-FR	0.00	no	operator-widened	прежнее правило: single-source (Tatoeba)
күрек	0	4	3	OpenSubtitles+Tatoeba	clean:CC-BY-2.0-FR	0.00	no	two-corpora	OpenSubtitles+Tatoeba
күремем	0	4	4	Tatoeba	clean:CC-BY-2.0-FR	0.00	no	operator-widened	прежнее правило: single-source (Tatoeba)
күренешме	0	4	4	Tatoeba	clean:CC-BY-2.0-FR	0.00	no	operator-widened	прежнее правило: single-source (Tatoeba)
күрсәтәсеңме	0	4	1	OpenSubtitles+Tatoeba	clean:CC-BY-2.0-FR	0.00	no	two-corpora	OpenSubtitles+Tatoeba
күрүеңне	0	4	2	OpenSubtitles+Tatoeba	clean:CC-BY-2.0-FR	0.00	no	two-corpora	OpenSubtitles+Tatoeba
күрәчәксез	0	4	0	OpenSubtitles	risk-accepted:no-grant	0.00	no	operator-widened	прежнее правило: single-source (OpenSubtitles)
күрәчәксең	0	4	0	OpenSubtitles	risk-accepted:no-grant	0.00	no	operator-widened	прежнее правило: single-source (OpenSubtitles)
күчергеч	0	4	0	OpenSubtitles	risk-accepted:no-grant	0.00	no	operator-widened	прежнее правило: single-source (OpenSubtitles)
күчерәм	0	4	0	OpenSubtitles	risk-accepted:no-grant	0.00	no	operator-widened	прежнее правило: single-source (OpenSubtitles)
кәефеңне	0	4	0	OpenSubtitles	risk-accepted:no-grant	0.00	no	operator-widened	прежнее правило: single-source (OpenSubtitles)
көзгене	0	4	1	OpenSubtitles+Tatoeba	clean:CC-BY-2.0-FR	0.00	no	two-corpora	OpenSubtitles+Tatoeba
көлне	0	4	0	OpenSubtitles	risk-accepted:no-grant	0.00	no	operator-widened	прежнее правило: single-source (OpenSubtitles)
көтсен	0	4	2	OpenSubtitles+Tatoeba	clean:CC-BY-2.0-FR	0.00	no	two-corpora	OpenSubtitles+Tatoeba
лимбо	0	4	0	OpenSubtitles	risk-accepted:no-grant	0.00	no	operator-widened	прежнее правило: single-source (OpenSubtitles)
ллойд	0	4	0	OpenSubtitles	risk-accepted:no-grant	1.00	no	operator-widened	прежнее правило: proper-noun-evidence (cap_ratio=1.00>=0.50)
максны	0	4	0	OpenSubtitles	risk-accepted:no-grant	1.00	no	operator-widened	прежнее правило: proper-noun-evidence (cap_ratio=1.00>=0.50)
маллиган	0	4	0	OpenSubtitles	risk-accepted:no-grant	1.00	no	operator-widened	прежнее правило: proper-noun-evidence (cap_ratio=1.00>=0.50)
матурмы	0	4	3	OpenSubtitles+Tatoeba	clean:CC-BY-2.0-FR	0.00	no	two-corpora	OpenSubtitles+Tatoeba
минекендә	0	4	0	OpenSubtitles	risk-accepted:no-grant	0.00	no	operator-widened	прежнее правило: single-source (OpenSubtitles)
минутың	0	4	2	OpenSubtitles+Tatoeba	clean:CC-BY-2.0-FR	0.00	no	two-corpora	OpenSubtitles+Tatoeba
миттелос	0	4	0	OpenSubtitles	risk-accepted:no-grant	1.00	no	operator-widened	прежнее правило: proper-noun-evidence (cap_ratio=1.00>=0.50)
мондарак	0	4	0	OpenSubtitles	risk-accepted:no-grant	0.00	no	operator-widened	прежнее правило: single-source (OpenSubtitles)
моратка	0	4	4	Tatoeba	clean:CC-BY-2.0-FR	0.00	no	operator-widened	прежнее правило: single-source (Tatoeba)
моррис	0	4	0	OpenSubtitles	risk-accepted:no-grant	1.00	no	operator-widened	прежнее правило: proper-noun-evidence (cap_ratio=1.00>=0.50)
мыгырдаш	0	4	0	OpenSubtitles	risk-accepted:no-grant	1.00	no	operator-widened	прежнее правило: proper-noun-evidence (cap_ratio=1.00>=0.50)
мәеттән	0	4	0	OpenSubtitles	risk-accepted:no-grant	0.00	no	operator-widened	прежнее правило: single-source (OpenSubtitles)
мөнәсәбәтләрем	0	4	1	OpenSubtitles+Tatoeba	clean:CC-BY-2.0-FR	0.00	no	two-corpora	OpenSubtitles+Tatoeba
наданга	0	4	4	Tatoeba	clean:CC-BY-2.0-FR	0.00	no	operator-widened	прежнее правило: single-source (Tatoeba)
надин	0	4	0	OpenSubtitles	risk-accepted:no-grant	0.00	no	operator-widened	прежнее правило: single-source (OpenSubtitles)
начарракмы	0	4	1	OpenSubtitles+Tatoeba	clean:CC-BY-2.0-FR	0.25	no	two-corpora	OpenSubtitles+Tatoeba
нейрон	0	4	0	OpenSubtitles	risk-accepted:no-grant	0.00	no	operator-widened	прежнее правило: single-source (OpenSubtitles)
нинни	0	4	0	OpenSubtitles	risk-accepted:no-grant	1.00	no	operator-widened	прежнее правило: proper-noun-evidence (cap_ratio=1.00>=0.50)
нихәлләрдә	0	4	0	OpenSubtitles	risk-accepted:no-grant	0.00	no	operator-widened	прежнее правило: single-source (OpenSubtitles)
нишләгәннәрен	0	4	0	OpenSubtitles	risk-accepted:no-grant	0.00	no	operator-widened	прежнее правило: single-source (OpenSubtitles)
нортон	0	4	0	OpenSubtitles	risk-accepted:no-grant	1.00	no	operator-widened	прежнее правило: proper-noun-evidence (cap_ratio=1.00>=0.50)
нәрсәгез	0	4	4	Tatoeba	clean:CC-BY-2.0-FR	0.00	no	operator-widened	прежнее правило: single-source (Tatoeba)
нәрсәмне	0	4	0	OpenSubtitles	risk-accepted:no-grant	0.00	no	operator-widened	прежнее правило: single-source (OpenSubtitles)
нәрсәңне	0	4	0	OpenSubtitles	risk-accepted:no-grant	0.00	no	operator-widened	прежнее правило: single-source (OpenSubtitles)
озатам	0	4	1	OpenSubtitles+Tatoeba	clean:CC-BY-2.0-FR	0.00	no	two-corpora	OpenSubtitles+Tatoeba
оксфордта	0	4	0	OpenSubtitles	risk-accepted:no-grant	1.00	no	operator-widened	прежнее правило: proper-noun-evidence (cap_ratio=1.00>=0.50)
октавиус	0	4	0	OpenSubtitles	risk-accepted:no-grant	1.00	no	operator-widened	прежнее правило: proper-noun-evidence (cap_ratio=1.00>=0.50)
окти	0	4	0	OpenSubtitles	risk-accepted:no-grant	1.00	no	operator-widened	прежнее правило: proper-noun-evidence (cap_ratio=1.00>=0.50)
омикрон	0	4	0	OpenSubtitles	risk-accepted:no-grant	0.33	no	operator-widened	прежнее правило: single-source (OpenSubtitles)
оныткандыр	0	4	3	OpenSubtitles+Tatoeba	clean:CC-BY-2.0-FR	0.00	no	two-corpora	OpenSubtitles+Tatoeba
онытмассың	0	4	1	OpenSubtitles+Tatoeba	clean:CC-BY-2.0-FR	0.00	no	two-corpora	OpenSubtitles+Tatoeba
онытырмын	0	4	0	OpenSubtitles	risk-accepted:no-grant	0.00	no	operator-widened	прежнее правило: single-source (OpenSubtitles)
остазын	0	4	0	OpenSubtitles	risk-accepted:no-grant	0.00	no	operator-widened	прежнее правило: single-source (OpenSubtitles)
очкынлы	0	4	0	OpenSubtitles	risk-accepted:no-grant	0.67	no	operator-widened	прежнее правило: proper-noun-evidence (cap_ratio=0.67>=0.50)
очратканда	0	4	1	OpenSubtitles+Tatoeba	clean:CC-BY-2.0-FR	0.00	no	two-corpora	OpenSubtitles+Tatoeba
очраштыгызмы	0	4	3	OpenSubtitles+Tatoeba	clean:CC-BY-2.0-FR	0.00	no	two-corpora	OpenSubtitles+Tatoeba
очрашуың	0	4	1	OpenSubtitles+Tatoeba	clean:CC-BY-2.0-FR	0.00	no	two-corpora	OpenSubtitles+Tatoeba
очышына	0	4	0	OpenSubtitles	risk-accepted:no-grant	0.00	no	operator-widened	прежнее правило: single-source (OpenSubtitles)
ошамаганын	0	4	4	Tatoeba	clean:CC-BY-2.0-FR	0.00	no	operator-widened	прежнее правило: single-source (Tatoeba)
ошатасың	0	4	4	Tatoeba	clean:CC-BY-2.0-FR	0.00	no	operator-widened	прежнее правило: single-source (Tatoeba)
папайя	0	4	0	OpenSubtitles	risk-accepted:no-grant	0.00	no	operator-widened	прежнее правило: single-source (OpenSubtitles)
патфайндер	0	4	0	OpenSubtitles	risk-accepted:no-grant	1.00	no	operator-widened	прежнее правило: proper-noun-evidence (cap_ratio=1.00>=0.50)
пейзажы	0	4	4	Tatoeba	clean:CC-BY-2.0-FR	0.00	no	operator-widened	прежнее правило: single-source (Tatoeba)
пешерермен	0	4	2	OpenSubtitles+Tatoeba	clean:CC-BY-2.0-FR	0.00	no	two-corpora	OpenSubtitles+Tatoeba
пианистка	0	4	4	Tatoeba	clean:CC-BY-2.0-FR	0.00	no	operator-widened	прежнее правило: single-source (Tatoeba)
планыгыз	0	4	4	Tatoeba	clean:CC-BY-2.0-FR	0.00	no	operator-widened	прежнее правило: single-source (Tatoeba)
проблемаларыңны	0	4	3	OpenSubtitles+Tatoeba	clean:CC-BY-2.0-FR	0.00	no	two-corpora	OpenSubtitles+Tatoeba
пунш	0	4	0	OpenSubtitles	risk-accepted:no-grant	0.00	no	operator-widened	прежнее правило: single-source (OpenSubtitles)
пычакларны	0	4	3	OpenSubtitles+Tatoeba	clean:CC-BY-2.0-FR	0.00	no	two-corpora	OpenSubtitles+Tatoeba
пәрдәләрне	0	4	3	OpenSubtitles+Tatoeba	clean:CC-BY-2.0-FR	0.00	no	two-corpora	OpenSubtitles+Tatoeba
радары	0	4	1	OpenSubtitles+Tatoeba	clean:CC-BY-2.0-FR	0.00	no	two-corpora	OpenSubtitles+Tatoeba
ричардка	0	4	0	OpenSubtitles	risk-accepted:no-grant	1.00	no	operator-widened	прежнее правило: proper-noun-evidence (cap_ratio=1.00>=0.50)
рәхәтме	0	4	2	OpenSubtitles+Tatoeba	clean:CC-BY-2.0-FR	0.00	no	two-corpora	OpenSubtitles+Tatoeba
сагынасыз	0	4	3	OpenSubtitles+Tatoeba	clean:CC-BY-2.0-FR	0.00	no	two-corpora	OpenSubtitles+Tatoeba
сайладыгызмы	0	4	1	OpenSubtitles+Tatoeba	clean:CC-BY-2.0-FR	0.00	no	two-corpora	OpenSubtitles+Tatoeba
сакалыңны	0	4	3	OpenSubtitles+Tatoeba	clean:CC-BY-2.0-FR	0.00	no	two-corpora	OpenSubtitles+Tatoeba
салдан	0	4	0	OpenSubtitles	risk-accepted:no-grant	0.00	no	operator-widened	прежнее правило: single-source (OpenSubtitles)
салдыр	0	4	0	OpenSubtitles	risk-accepted:no-grant	0.00	no	operator-widened	прежнее правило: single-source (OpenSubtitles)
салкынмы	0	4	4	Tatoeba	clean:CC-BY-2.0-FR	0.00	no	operator-widened	прежнее правило: single-source (Tatoeba)
санакларны	0	4	2	OpenSubtitles+Tatoeba	clean:CC-BY-2.0-FR	0.00	no	two-corpora	OpenSubtitles+Tatoeba
сандал	0	4	4	Tatoeba	clean:CC-BY-2.0-FR	0.00	no	operator-widened	прежнее правило: single-source (Tatoeba)
санжей	0	4	0	OpenSubtitles	risk-accepted:no-grant	1.00	no	operator-widened	прежнее правило: proper-noun-evidence (cap_ratio=1.00>=0.50)
сатасыз	0	4	1	OpenSubtitles+Tatoeba	clean:CC-BY-2.0-FR	0.00	no	two-corpora	OpenSubtitles+Tatoeba
секундың	0	4	0	OpenSubtitles	risk-accepted:no-grant	0.00	no	operator-widened	прежнее правило: single-source (OpenSubtitles)
серемне	0	4	2	OpenSubtitles+Tatoeba	clean:CC-BY-2.0-FR	0.00	no	two-corpora	OpenSubtitles+Tatoeba
сиздеңме	0	4	2	OpenSubtitles+Tatoeba	clean:CC-BY-2.0-FR	0.00	no	two-corpora	OpenSubtitles+Tatoeba
сихерләргә	0	4	0	OpenSubtitles	risk-accepted:no-grant	0.00	no	operator-widened	прежнее правило: single-source (OpenSubtitles)
сихерчелек	0	4	0	OpenSubtitles	risk-accepted:no-grant	0.00	no	operator-widened	прежнее правило: single-source (OpenSubtitles)
сияргә	0	4	0	OpenSubtitles	risk-accepted:no-grant	0.00	no	operator-widened	прежнее правило: single-source (OpenSubtitles)
сказал	0	4	4	Tatoeba	clean:CC-BY-2.0-FR	0.00	no	operator-widened	прежнее правило: single-source (Tatoeba)
скафандр	0	4	0	OpenSubtitles	risk-accepted:no-grant	0.50	no	operator-widened	прежнее правило: proper-noun-evidence (cap_ratio=0.50>=0.50)
скраффи	0	4	0	OpenSubtitles	risk-accepted:no-grant	1.00	no	operator-widened	прежнее правило: proper-noun-evidence (cap_ratio=1.00>=0.50)
снитчны	0	4	0	OpenSubtitles	risk-accepted:no-grant	0.00	no	operator-widened	прежнее правило: single-source (OpenSubtitles)
сойерның	0	4	0	OpenSubtitles	risk-accepted:no-grant	1.00	no	operator-widened	прежнее правило: proper-noun-evidence (cap_ratio=1.00>=0.50)
сонар	0	4	0	OpenSubtitles	risk-accepted:no-grant	0.00	no	operator-widened	прежнее правило: single-source (OpenSubtitles)
сорадыгызмы	0	4	2	OpenSubtitles+Tatoeba	clean:CC-BY-2.0-FR	0.00	no	two-corpora	OpenSubtitles+Tatoeba
сорыйсыз	0	4	1	OpenSubtitles+Tatoeba	clean:CC-BY-2.0-FR	0.00	no	two-corpora	OpenSubtitles+Tatoeba
суалчаннарга	0	4	0	OpenSubtitles	risk-accepted:no-grant	0.00	no	operator-widened	прежнее правило: single-source (OpenSubtitles)
сугасың	0	4	0	OpenSubtitles	risk-accepted:no-grant	0.00	no	operator-widened	прежнее правило: single-source (OpenSubtitles)
сузма	0	4	3	OpenSubtitles+Tatoeba	clean:CC-BY-2.0-FR	0.00	no	two-corpora	OpenSubtitles+Tatoeba
суктым	0	4	1	OpenSubtitles+Tatoeba	clean:CC-BY-2.0-FR	0.00	no	two-corpora	OpenSubtitles+Tatoeba
сулыймы	0	4	1	OpenSubtitles+Tatoeba	clean:CC-BY-2.0-FR	0.00	no	two-corpora	OpenSubtitles+Tatoeba
сунарчысы	0	4	0	OpenSubtitles	risk-accepted:no-grant	0.00	no	operator-widened	прежнее правило: single-source (OpenSubtitles)
супермаркетка	0	4	4	Tatoeba	clean:CC-BY-2.0-FR	0.00	no	operator-widened	прежнее правило: single-source (Tatoeba)
сызгырды	0	4	3	OpenSubtitles+Tatoeba	clean:CC-BY-2.0-FR	0.00	no	two-corpora	OpenSubtitles+Tatoeba
сыйланыгыз	0	4	3	OpenSubtitles+Tatoeba	clean:CC-BY-2.0-FR	0.00	no	two-corpora	OpenSubtitles+Tatoeba
сыртлы	0	4	1	OpenSubtitles+Tatoeba	clean:CC-BY-2.0-FR	0.00	no	two-corpora	OpenSubtitles+Tatoeba
сүзләреңчә	0	4	0	OpenSubtitles	risk-accepted:no-grant	0.00	no	operator-widened	прежнее правило: single-source (OpenSubtitles)
сүндермә	0	4	2	OpenSubtitles+Tatoeba	clean:CC-BY-2.0-FR	0.25	no	two-corpora	OpenSubtitles+Tatoeba
сәгатегез	0	4	2	OpenSubtitles+Tatoeba	clean:CC-BY-2.0-FR	0.00	no	two-corpora	OpenSubtitles+Tatoeba
сөйкемлем	0	4	0	OpenSubtitles	risk-accepted:no-grant	0.00	no	operator-widened	прежнее правило: single-source (OpenSubtitles)
сөйләвеңне	0	4	3	OpenSubtitles+Tatoeba	clean:CC-BY-2.0-FR	0.00	no	two-corpora	OpenSubtitles+Tatoeba
сөйләдемме	0	4	0	OpenSubtitles	risk-accepted:no-grant	0.00	no	operator-widened	прежнее правило: single-source (OpenSubtitles)
сөйләшкәнеңне	0	4	1	OpenSubtitles+Tatoeba	clean:CC-BY-2.0-FR	0.00	no	two-corpora	OpenSubtitles+Tatoeba
сөйләшләрдә	0	4	4	Tatoeba	clean:CC-BY-2.0-FR	0.00	no	operator-widened	прежнее правило: single-source (Tatoeba)
сөйләшмәделәр	0	4	3	OpenSubtitles+Tatoeba	clean:CC-BY-2.0-FR	0.00	no	two-corpora	OpenSubtitles+Tatoeba
сөйләшүеңне	0	4	2	OpenSubtitles+Tatoeba	clean:CC-BY-2.0-FR	0.00	no	two-corpora	OpenSubtitles+Tatoeba
сөймәс	0	4	4	Tatoeba	clean:CC-BY-2.0-FR	0.00	no	operator-widened	прежнее правило: single-source (Tatoeba)
табтым	0	4	0	OpenSubtitles	risk-accepted:no-grant	0.33	no	operator-widened	прежнее правило: single-source (OpenSubtitles)
тавышлану	0	4	0	OpenSubtitles	risk-accepted:no-grant	1.00	no	operator-widened	прежнее правило: proper-noun-evidence (cap_ratio=1.00>=0.50)
тайянг	0	4	0	OpenSubtitles	risk-accepted:no-grant	1.00	no	operator-widened	прежнее правило: proper-noun-evidence (cap_ratio=1.00>=0.50)
тапканнарын	0	4	2	OpenSubtitles+Tatoeba	clean:CC-BY-2.0-FR	0.00	no	two-corpora	OpenSubtitles+Tatoeba
тапмадың	0	4	0	OpenSubtitles	risk-accepted:no-grant	0.00	no	operator-widened	прежнее правило: single-source (OpenSubtitles)
тартасыңмы	0	4	1	OpenSubtitles+Tatoeba	clean:CC-BY-2.0-FR	0.00	no	two-corpora	OpenSubtitles+Tatoeba
тартмам	0	4	1	OpenSubtitles+Tatoeba	clean:CC-BY-2.0-FR	0.00	no	two-corpora	OpenSubtitles+Tatoeba
тартуым	0	4	4	Tatoeba	clean:CC-BY-2.0-FR	0.00	no	operator-widened	прежнее правило: single-source (Tatoeba)
тартынмагыз	0	4	3	OpenSubtitles+Tatoeba	clean:CC-BY-2.0-FR	0.00	no	two-corpora	OpenSubtitles+Tatoeba
тартышы	0	4	1	OpenSubtitles+Tatoeba	clean:CC-BY-2.0-FR	0.00	no	two-corpora	OpenSubtitles+Tatoeba
таянма	0	4	4	Tatoeba	clean:CC-BY-2.0-FR	0.00	no	operator-widened	прежнее правило: single-source (Tatoeba)
теккәндә	0	4	1	OpenSubtitles+Tatoeba	clean:CC-BY-2.0-FR	0.00	no	two-corpora	OpenSubtitles+Tatoeba
теләвеңә	0	4	2	OpenSubtitles+Tatoeba	clean:CC-BY-2.0-FR	0.00	no	two-corpora	OpenSubtitles+Tatoeba
теләмисеңдер	0	4	0	OpenSubtitles	risk-accepted:no-grant	0.00	no	operator-widened	прежнее правило: single-source (OpenSubtitles)
тессеракт	0	4	0	OpenSubtitles	risk-accepted:no-grant	0.00	no	operator-widened	прежнее правило: single-source (OpenSubtitles)
тиделәр	0	4	0	OpenSubtitles	risk-accepted:no-grant	0.00	no	operator-widened	прежнее правило: single-source (OpenSubtitles)
тизәккә	0	4	2	OpenSubtitles+Tatoeba	clean:CC-BY-2.0-FR	0.00	no	two-corpora	OpenSubtitles+Tatoeba
тили	0	4	0	OpenSubtitles	risk-accepted:no-grant	0.00	no	operator-widened	прежнее правило: single-source (OpenSubtitles)
торуымны	0	4	4	Tatoeba	clean:CC-BY-2.0-FR	0.00	no	operator-widened	прежнее правило: single-source (Tatoeba)
тотынма	0	4	4	Tatoeba	clean:CC-BY-2.0-FR	0.00	no	operator-widened	прежнее правило: single-source (Tatoeba)
тролльне	0	4	0	OpenSubtitles	risk-accepted:no-grant	0.00	no	operator-widened	прежнее правило: single-source (OpenSubtitles)
трон	0	4	0	OpenSubtitles	risk-accepted:no-grant	1.00	no	operator-widened	прежнее правило: proper-noun-evidence (cap_ratio=1.00>=0.50)
туганыңны	0	4	2	OpenSubtitles+Tatoeba	clean:CC-BY-2.0-FR	0.00	no	two-corpora	OpenSubtitles+Tatoeba
туегыз	0	4	1	OpenSubtitles+Tatoeba	clean:CC-BY-2.0-FR	0.00	no	two-corpora	OpenSubtitles+Tatoeba
туктадыгыз	0	4	2	OpenSubtitles+Tatoeba	clean:CC-BY-2.0-FR	0.00	no	two-corpora	OpenSubtitles+Tatoeba
туктадымы	0	4	1	OpenSubtitles+Tatoeba	clean:CC-BY-2.0-FR	0.00	no	two-corpora	OpenSubtitles+Tatoeba
туктарбыз	0	4	0	OpenSubtitles	risk-accepted:no-grant	0.00	no	operator-widened	прежнее правило: single-source (OpenSubtitles)
туктармын	0	4	0	OpenSubtitles	risk-accepted:no-grant	0.00	no	operator-widened	прежнее правило: single-source (OpenSubtitles)
туктатмасаң	0	4	1	OpenSubtitles+Tatoeba	clean:CC-BY-2.0-FR	0.00	no	two-corpora	OpenSubtitles+Tatoeba
туктаттыгыз	0	4	0	OpenSubtitles	risk-accepted:no-grant	0.00	no	operator-widened	прежнее правило: single-source (OpenSubtitles)
туктыйчак	0	4	0	OpenSubtitles	risk-accepted:no-grant	0.00	no	operator-widened	прежнее правило: single-source (OpenSubtitles)
тулгаклар	0	4	0	OpenSubtitles	risk-accepted:no-grant	0.00	no	operator-widened	прежнее правило: single-source (OpenSubtitles)
тыкшынма	0	4	3	OpenSubtitles+Tatoeba	clean:CC-BY-2.0-FR	0.00	no	two-corpora	OpenSubtitles+Tatoeba
тынычланабыз	0	4	1	OpenSubtitles+Tatoeba	clean:CC-BY-2.0-FR	0.00	no	two-corpora	OpenSubtitles+Tatoeba
тырышканын	0	4	0	OpenSubtitles	risk-accepted:no-grant	0.00	no	operator-widened	прежнее правило: single-source (OpenSubtitles)
тырышмаска	0	4	2	OpenSubtitles+Tatoeba	clean:CC-BY-2.0-FR	0.00	no	two-corpora	OpenSubtitles+Tatoeba
тычканнарны	0	4	3	OpenSubtitles+Tatoeba	clean:CC-BY-2.0-FR	0.00	no	two-corpora	OpenSubtitles+Tatoeba
тыңламагыз	0	4	2	OpenSubtitles+Tatoeba	clean:CC-BY-2.0-FR	0.00	no	two-corpora	OpenSubtitles+Tatoeba
тыңлармын	0	4	1	OpenSubtitles+Tatoeba	clean:CC-BY-2.0-FR	0.00	no	two-corpora	OpenSubtitles+Tatoeba
тәмамламадык	0	4	0	OpenSubtitles	risk-accepted:no-grant	0.00	no	operator-widened	прежнее правило: single-source (OpenSubtitles)
төрегез	0	4	4	Tatoeba	clean:CC-BY-2.0-FR	0.00	no	operator-widened	прежнее правило: single-source (Tatoeba)
төшерерсең	0	4	0	OpenSubtitles	risk-accepted:no-grant	0.00	no	operator-widened	прежнее правило: single-source (OpenSubtitles)
төшмә	0	4	2	OpenSubtitles+Tatoeba	clean:CC-BY-2.0-FR	0.00	no	two-corpora	OpenSubtitles+Tatoeba
уилер	0	4	0	OpenSubtitles	risk-accepted:no-grant	1.00	no	operator-widened	прежнее правило: proper-noun-evidence (cap_ratio=1.00>=0.50)
уйларсыз	0	4	1	OpenSubtitles+Tatoeba	clean:CC-BY-2.0-FR	0.00	no	two-corpora	OpenSubtitles+Tatoeba
уйлыйммы	0	4	1	OpenSubtitles+Tatoeba	clean:CC-BY-2.0-FR	0.00	no	two-corpora	OpenSubtitles+Tatoeba
уйныйсызмы	0	4	3	OpenSubtitles+Tatoeba	clean:CC-BY-2.0-FR	0.00	no	two-corpora	OpenSubtitles+Tatoeba
укытучымы	0	4	3	OpenSubtitles+Tatoeba	clean:CC-BY-2.0-FR	0.00	no	two-corpora	OpenSubtitles+Tatoeba
укыячакмын	0	4	2	OpenSubtitles+Tatoeba	clean:CC-BY-2.0-FR	0.00	no	two-corpora	OpenSubtitles+Tatoeba
улыммы	0	4	0	OpenSubtitles	risk-accepted:no-grant	0.00	no	operator-widened	прежнее правило: single-source (OpenSubtitles)
уолтер	0	4	0	OpenSubtitles	risk-accepted:no-grant	1.00	no	operator-widened	прежнее правило: proper-noun-evidence (cap_ratio=1.00>=0.50)
усрак	0	4	0	OpenSubtitles	risk-accepted:no-grant	0.00	no	operator-widened	прежнее правило: single-source (OpenSubtitles)
утырдыгыз	0	4	1	OpenSubtitles+Tatoeba	clean:CC-BY-2.0-FR	0.00	no	two-corpora	OpenSubtitles+Tatoeba
утырттың	0	4	2	OpenSubtitles+Tatoeba	clean:CC-BY-2.0-FR	0.00	no	two-corpora	OpenSubtitles+Tatoeba
учагым	0	4	4	Tatoeba	clean:CC-BY-2.0-FR	0.00	no	operator-widened	прежнее правило: single-source (Tatoeba)
уянасың	0	4	1	OpenSubtitles+Tatoeba	clean:CC-BY-2.0-FR	0.00	no	two-corpora	OpenSubtitles+Tatoeba
уяндымы	0	4	1	OpenSubtitles+Tatoeba	clean:CC-BY-2.0-FR	0.00	no	two-corpora	OpenSubtitles+Tatoeba
уяндыңмы	0	4	0	OpenSubtitles	risk-accepted:no-grant	0.00	no	operator-widened	прежнее правило: single-source (OpenSubtitles)
уяттым	0	4	1	OpenSubtitles+Tatoeba	clean:CC-BY-2.0-FR	0.00	no	two-corpora	OpenSubtitles+Tatoeba
фазалауны	0	4	0	OpenSubtitles	risk-accepted:no-grant	0.00	no	operator-widened	прежнее правило: single-source (OpenSubtitles)
файлларын	0	4	1	OpenSubtitles+Tatoeba	clean:CC-BY-2.0-FR	0.00	no	two-corpora	OpenSubtitles+Tatoeba
феннек	0	4	0	OpenSubtitles	risk-accepted:no-grant	1.00	no	operator-widened	прежнее правило: proper-noun-evidence (cap_ratio=1.00>=0.50)
флинт	0	4	0	OpenSubtitles	risk-accepted:no-grant	1.00	no	operator-widened	прежнее правило: proper-noun-evidence (cap_ratio=1.00>=0.50)
флирт	0	4	4	Tatoeba	clean:CC-BY-2.0-FR	0.00	no	operator-widened	прежнее правило: single-source (Tatoeba)
фрайны	0	4	0	OpenSubtitles	risk-accepted:no-grant	1.00	no	operator-widened	прежнее правило: proper-noun-evidence (cap_ratio=1.00>=0.50)
фудзи	0	4	4	Tatoeba	clean:CC-BY-2.0-FR	1.00	no	operator-widened	прежнее правило: proper-noun-evidence (cap_ratio=1.00>=0.50)
фюзеляж	0	4	0	OpenSubtitles	risk-accepted:no-grant	0.00	no	operator-widened	прежнее правило: single-source (OpenSubtitles)
харитадан	0	4	4	Tatoeba	clean:CC-BY-2.0-FR	0.00	no	operator-widened	прежнее правило: single-source (Tatoeba)
хатам	0	4	4	Tatoeba	clean:CC-BY-2.0-FR	0.00	no	operator-widened	прежнее правило: single-source (Tatoeba)
хатамны	0	4	2	OpenSubtitles+Tatoeba	clean:CC-BY-2.0-FR	0.00	no	two-corpora	OpenSubtitles+Tatoeba
хатаң	0	4	2	OpenSubtitles+Tatoeba	clean:CC-BY-2.0-FR	0.00	no	two-corpora	OpenSubtitles+Tatoeba
хатыныгызга	0	4	1	OpenSubtitles+Tatoeba	clean:CC-BY-2.0-FR	0.00	no	two-corpora	OpenSubtitles+Tatoeba
ходайларга	0	4	0	OpenSubtitles	risk-accepted:no-grant	0.50	no	operator-widened	прежнее правило: proper-noun-evidence (cap_ratio=0.50>=0.50)
хыяллан	0	4	0	OpenSubtitles	risk-accepted:no-grant	0.00	no	operator-widened	прежнее правило: single-source (OpenSubtitles)
хәтерләтәсең	0	4	1	OpenSubtitles+Tatoeba	clean:CC-BY-2.0-FR	0.00	no	two-corpora	OpenSubtitles+Tatoeba
чакырасың	0	4	0	OpenSubtitles	risk-accepted:no-grant	0.00	no	operator-widened	прежнее правило: single-source (OpenSubtitles)
чао	0	4	0	OpenSubtitles	risk-accepted:no-grant	0.00	no	operator-widened	прежнее правило: single-source (OpenSubtitles)
чарам	0	4	3	OpenSubtitles+Tatoeba	clean:CC-BY-2.0-FR	0.00	no	two-corpora	OpenSubtitles+Tatoeba
чемоданымны	0	4	2	OpenSubtitles+Tatoeba	clean:CC-BY-2.0-FR	0.00	no	two-corpora	OpenSubtitles+Tatoeba
чиплары	0	4	0	OpenSubtitles	risk-accepted:no-grant	0.00	no	operator-widened	прежнее правило: single-source (OpenSubtitles)
чирләдем	0	4	0	OpenSubtitles	risk-accepted:no-grant	0.00	no	operator-widened	прежнее правило: single-source (OpenSubtitles)
читлекне	0	4	1	OpenSubtitles+Tatoeba	clean:CC-BY-2.0-FR	0.00	no	two-corpora	OpenSubtitles+Tatoeba
чукымас	0	4	4	Tatoeba	clean:CC-BY-2.0-FR	0.00	no	operator-widened	прежнее правило: single-source (Tatoeba)
чум	0	4	2	OpenSubtitles+Tatoeba	clean:CC-BY-2.0-FR	0.00	no	two-corpora	OpenSubtitles+Tatoeba
чыгарырсың	0	4	4	Tatoeba	clean:CC-BY-2.0-FR	0.00	no	operator-widened	прежнее правило: single-source (Tatoeba)
чыгуымны	0	4	4	Tatoeba	clean:CC-BY-2.0-FR	0.00	no	operator-widened	прежнее правило: single-source (Tatoeba)
чыгышың	0	4	0	OpenSubtitles	risk-accepted:no-grant	0.00	no	operator-widened	прежнее правило: single-source (OpenSubtitles)
чыкмыйсың	0	4	1	OpenSubtitles+Tatoeba	clean:CC-BY-2.0-FR	0.00	no	two-corpora	OpenSubtitles+Tatoeba
чынаяктан	0	4	4	Tatoeba	clean:CC-BY-2.0-FR	0.00	no	operator-widened	прежнее правило: single-source (Tatoeba)
чыпчыкка	0	4	4	Tatoeba	clean:CC-BY-2.0-FR	0.00	no	operator-widened	прежнее правило: single-source (Tatoeba)
чәнечкеләре	0	4	4	Tatoeba	clean:CC-BY-2.0-FR	0.00	no	operator-widened	прежнее правило: single-source (Tatoeba)
шалтыратмагыз	0	4	2	OpenSubtitles+Tatoeba	clean:CC-BY-2.0-FR	0.00	no	two-corpora	OpenSubtitles+Tatoeba
шалтыратырсың	0	4	2	OpenSubtitles+Tatoeba	clean:CC-BY-2.0-FR	0.00	no	two-corpora	OpenSubtitles+Tatoeba
шарлавыгы	0	4	1	OpenSubtitles+Tatoeba	clean:CC-BY-2.0-FR	0.00	no	two-corpora	OpenSubtitles+Tatoeba
шартламас	0	4	0	OpenSubtitles	risk-accepted:no-grant	0.00	no	operator-widened	прежнее правило: single-source (OpenSubtitles)
шартлатабыз	0	4	0	OpenSubtitles	risk-accepted:no-grant	0.00	no	operator-widened	прежнее правило: single-source (OpenSubtitles)
шашу	0	4	0	OpenSubtitles	risk-accepted:no-grant	0.00	no	operator-widened	прежнее правило: single-source (OpenSubtitles)
шаяртмыйм	0	4	0	OpenSubtitles	risk-accepted:no-grant	0.00	no	operator-widened	прежнее правило: single-source (OpenSubtitles)
шаяртуны	0	4	3	OpenSubtitles+Tatoeba	clean:CC-BY-2.0-FR	0.00	no	two-corpora	OpenSubtitles+Tatoeba
швабра	0	4	0	OpenSubtitles	risk-accepted:no-grant	0.00	no	operator-widened	прежнее правило: single-source (OpenSubtitles)
шерлок	0	4	4	Tatoeba	clean:CC-BY-2.0-FR	1.00	no	operator-widened	прежнее правило: proper-noun-evidence (cap_ratio=1.00>=0.50)
шыңшына	0	4	0	OpenSubtitles	risk-accepted:no-grant	1.00	no	operator-widened	прежнее правило: proper-noun-evidence (cap_ratio=1.00>=0.50)
шәмне	0	4	4	Tatoeba	clean:CC-BY-2.0-FR	0.00	no	operator-widened	прежнее правило: single-source (Tatoeba)
ыргытыгыз	0	4	2	OpenSubtitles+Tatoeba	clean:CC-BY-2.0-FR	0.00	no	two-corpora	OpenSubtitles+Tatoeba
ышаначак	0	4	0	OpenSubtitles	risk-accepted:no-grant	0.00	no	operator-widened	прежнее правило: single-source (OpenSubtitles)
эзлик	0	4	1	OpenSubtitles+Tatoeba	clean:CC-BY-2.0-FR	0.00	no	two-corpora	OpenSubtitles+Tatoeba
эзләгәнен	0	4	2	OpenSubtitles+Tatoeba	clean:CC-BY-2.0-FR	0.00	no	two-corpora	OpenSubtitles+Tatoeba
эзләгәнеңне	0	4	3	OpenSubtitles+Tatoeba	clean:CC-BY-2.0-FR	0.00	no	two-corpora	OpenSubtitles+Tatoeba
эзләдең	0	4	0	OpenSubtitles	risk-accepted:no-grant	0.00	no	operator-widened	прежнее правило: single-source (OpenSubtitles)
эзләмим	0	4	1	OpenSubtitles+Tatoeba	clean:CC-BY-2.0-FR	0.00	no	two-corpora	OpenSubtitles+Tatoeba
эйри	0	4	0	OpenSubtitles	risk-accepted:no-grant	1.00	no	operator-widened	прежнее правило: proper-noun-evidence (cap_ratio=1.00>=0.50)
элдем	0	4	2	OpenSubtitles+Tatoeba	clean:CC-BY-2.0-FR	0.00	no	two-corpora	OpenSubtitles+Tatoeba
электромагнитизм	0	4	0	OpenSubtitles	risk-accepted:no-grant	0.00	no	operator-widened	прежнее правило: single-source (OpenSubtitles)
эләгәчәксең	0	4	0	OpenSubtitles	risk-accepted:no-grant	0.00	no	operator-widened	прежнее правило: single-source (OpenSubtitles)
эләккәнеңне	0	4	0	OpenSubtitles	risk-accepted:no-grant	0.00	no	operator-widened	прежнее правило: single-source (OpenSubtitles)
эсперантоны	0	4	4	Tatoeba	clean:CC-BY-2.0-FR	0.50	no	operator-widened	прежнее правило: proper-noun-evidence (cap_ratio=0.50>=0.50)
этәбез	0	4	0	OpenSubtitles	risk-accepted:no-grant	0.00	no	operator-widened	прежнее правило: single-source (OpenSubtitles)
эчемдә	0	4	2	OpenSubtitles+Tatoeba	clean:CC-BY-2.0-FR	0.00	no	two-corpora	OpenSubtitles+Tatoeba
эчтеңме	0	4	1	OpenSubtitles+Tatoeba	clean:CC-BY-2.0-FR	0.00	no	two-corpora	OpenSubtitles+Tatoeba
эшличәкбез	0	4	0	OpenSubtitles	risk-accepted:no-grant	0.00	no	operator-widened	прежнее правило: single-source (OpenSubtitles)
эшличәксең	0	4	0	OpenSubtitles	risk-accepted:no-grant	0.00	no	operator-widened	прежнее правило: single-source (OpenSubtitles)
эшләмәдегез	0	4	2	OpenSubtitles+Tatoeba	clean:CC-BY-2.0-FR	0.00	no	two-corpora	OpenSubtitles+Tatoeba
эшләмәячәкбез	0	4	3	OpenSubtitles+Tatoeba	clean:CC-BY-2.0-FR	0.00	no	two-corpora	OpenSubtitles+Tatoeba
эшләячәгемне	0	4	4	Tatoeba	clean:CC-BY-2.0-FR	0.00	no	operator-widened	прежнее правило: single-source (Tatoeba)
эшләячәксеңме	0	4	1	OpenSubtitles+Tatoeba	clean:CC-BY-2.0-FR	0.00	no	two-corpora	OpenSubtitles+Tatoeba
югаласың	0	4	0	OpenSubtitles	risk-accepted:no-grant	0.00	no	operator-widened	прежнее правило: single-source (OpenSubtitles)
югалтмадың	0	4	0	OpenSubtitles	risk-accepted:no-grant	0.00	no	operator-widened	прежнее правило: single-source (OpenSubtitles)
югалтмам	0	4	0	OpenSubtitles	risk-accepted:no-grant	0.00	no	operator-widened	прежнее правило: single-source (OpenSubtitles)
юджин	0	4	0	OpenSubtitles	risk-accepted:no-grant	1.00	no	operator-widened	прежнее правило: proper-noun-evidence (cap_ratio=1.00>=0.50)
юлбарысны	0	4	2	OpenSubtitles+Tatoeba	clean:CC-BY-2.0-FR	0.00	no	two-corpora	OpenSubtitles+Tatoeba
юын	0	4	2	OpenSubtitles+Tatoeba	clean:CC-BY-2.0-FR	0.00	no	two-corpora	OpenSubtitles+Tatoeba
юююк	0	4	0	OpenSubtitles	risk-accepted:no-grant	0.00	no	operator-widened	прежнее правило: single-source (OpenSubtitles)
ябалактан	0	4	3	OpenSubtitles+Tatoeba	clean:CC-BY-2.0-FR	0.00	no	two-corpora	OpenSubtitles+Tatoeba
ябаргамы	0	4	4	Tatoeba	clean:CC-BY-2.0-FR	0.00	no	operator-widened	прежнее правило: single-source (Tatoeba)
ябыкты	0	4	3	OpenSubtitles+Tatoeba	clean:CC-BY-2.0-FR	0.00	no	two-corpora	OpenSubtitles+Tatoeba
ягың	0	4	1	OpenSubtitles+Tatoeba	clean:CC-BY-2.0-FR	0.00	no	two-corpora	OpenSubtitles+Tatoeba
язасызмы	0	4	4	Tatoeba	clean:CC-BY-2.0-FR	0.00	no	operator-widened	прежнее правило: single-source (Tatoeba)
язылмадым	0	4	0	OpenSubtitles	risk-accepted:no-grant	0.00	no	operator-widened	прежнее правило: single-source (OpenSubtitles)
яклаусыз	0	4	0	OpenSubtitles	risk-accepted:no-grant	0.00	no	operator-widened	прежнее правило: single-source (OpenSubtitles)
ялганлыйсыз	0	4	4	Tatoeba	clean:CC-BY-2.0-FR	0.00	no	operator-widened	прежнее правило: single-source (Tatoeba)
ялганлыйсың	0	4	4	Tatoeba	clean:CC-BY-2.0-FR	0.00	no	operator-widened	прежнее правило: single-source (Tatoeba)
ялгышсаң	0	4	0	OpenSubtitles	risk-accepted:no-grant	0.00	no	operator-widened	прежнее правило: single-source (OpenSubtitles)
яндырдым	0	4	1	OpenSubtitles+Tatoeba	clean:CC-BY-2.0-FR	0.00	no	two-corpora	OpenSubtitles+Tatoeba
япмаган	0	4	2	OpenSubtitles+Tatoeba	clean:CC-BY-2.0-FR	0.00	no	two-corpora	OpenSubtitles+Tatoeba
яптың	0	4	2	OpenSubtitles+Tatoeba	clean:CC-BY-2.0-FR	0.00	no	two-corpora	OpenSubtitles+Tatoeba
яралымы	0	4	0	OpenSubtitles	risk-accepted:no-grant	0.00	no	operator-widened	прежнее правило: single-source (OpenSubtitles)
ярам	0	4	1	OpenSubtitles+Tatoeba	clean:CC-BY-2.0-FR	0.00	no	two-corpora	OpenSubtitles+Tatoeba
яратмыйсыз	0	4	3	OpenSubtitles+Tatoeba	clean:CC-BY-2.0-FR	0.00	no	two-corpora	OpenSubtitles+Tatoeba
яраттың	0	4	1	OpenSubtitles+Tatoeba	clean:CC-BY-2.0-FR	0.00	no	two-corpora	OpenSubtitles+Tatoeba
яхшыракны	0	4	2	OpenSubtitles+Tatoeba	clean:CC-BY-2.0-FR	0.00	no	two-corpora	OpenSubtitles+Tatoeba
яшердек	0	4	0	OpenSubtitles	risk-accepted:no-grant	0.00	no	operator-widened	прежнее правило: single-source (OpenSubtitles)
яшерәсез	0	4	1	OpenSubtitles+Tatoeba	clean:CC-BY-2.0-FR	0.00	no	two-corpora	OpenSubtitles+Tatoeba
җайладым	0	4	1	OpenSubtitles+Tatoeba	clean:CC-BY-2.0-FR	0.00	no	two-corpora	OpenSubtitles+Tatoeba
җаный	0	4	4	Tatoeba	clean:CC-BY-2.0-FR	0.00	no	operator-widened	прежнее правило: single-source (Tatoeba)
җибәрәсез	0	4	0	OpenSubtitles	risk-accepted:no-grant	0.00	no	operator-widened	прежнее правило: single-source (OpenSubtitles)
җилкәңне	0	4	0	OpenSubtitles	risk-accepted:no-grant	0.00	no	operator-widened	прежнее правило: single-source (OpenSubtitles)
җимерелгәнче	0	4	1	OpenSubtitles+Tatoeba	clean:CC-BY-2.0-FR	0.00	no	two-corpora	OpenSubtitles+Tatoeba
җитдиме	0	4	1	OpenSubtitles+Tatoeba	clean:CC-BY-2.0-FR	0.00	no	two-corpora	OpenSubtitles+Tatoeba
җитәчәкме	0	4	0	OpenSubtitles	risk-accepted:no-grant	0.00	no	operator-widened	прежнее правило: single-source (OpenSubtitles)
җиңсәң	0	4	1	OpenSubtitles+Tatoeba	clean:CC-BY-2.0-FR	0.00	no	two-corpora	OpenSubtitles+Tatoeba
җиңу	0	4	0	OpenSubtitles	risk-accepted:no-grant	0.00	no	operator-widened	прежнее правило: single-source (OpenSubtitles)
җыенмадым	0	4	3	OpenSubtitles+Tatoeba	clean:CC-BY-2.0-FR	0.00	no	two-corpora	OpenSubtitles+Tatoeba
җылыханә	0	4	4	Tatoeba	clean:CC-BY-2.0-FR	0.00	no	operator-widened	прежнее правило: single-source (Tatoeba)
үзгәрмәдеме	0	4	0	OpenSubtitles	risk-accepted:no-grant	0.00	no	operator-widened	прежнее правило: single-source (OpenSubtitles)
үзгәрттең	0	4	1	OpenSubtitles+Tatoeba	clean:CC-BY-2.0-FR	0.00	no	two-corpora	OpenSubtitles+Tatoeba
үзәннәреңә	0	4	4	Tatoeba	clean:CC-BY-2.0-FR	0.00	no	operator-widened	прежнее правило: single-source (Tatoeba)
үкенәчәксең	0	4	0	OpenSubtitles	risk-accepted:no-grant	0.00	no	operator-widened	прежнее правило: single-source (OpenSubtitles)
үлдегез	0	4	0	OpenSubtitles	risk-accepted:no-grant	0.00	no	operator-widened	прежнее правило: single-source (OpenSubtitles)
үлегез	0	4	1	OpenSubtitles+Tatoeba	clean:CC-BY-2.0-FR	0.00	no	two-corpora	OpenSubtitles+Tatoeba
үлемеңне	0	4	0	OpenSubtitles	risk-accepted:no-grant	0.00	no	operator-widened	прежнее правило: single-source (OpenSubtitles)
үлемкылычы	0	4	0	OpenSubtitles	risk-accepted:no-grant	1.00	no	operator-widened	прежнее правило: proper-noun-evidence (cap_ratio=1.00>=0.50)
үлчәнешендә	0	4	0	OpenSubtitles	risk-accepted:no-grant	0.00	no	operator-widened	прежнее правило: single-source (OpenSubtitles)
үлчәнешенә	0	4	0	OpenSubtitles	risk-accepted:no-grant	0.00	no	operator-widened	прежнее правило: single-source (OpenSubtitles)
үлүдән	0	4	2	OpenSubtitles+Tatoeba	clean:CC-BY-2.0-FR	0.00	no	two-corpora	OpenSubtitles+Tatoeba
үпкән	0	4	2	OpenSubtitles+Tatoeba	clean:CC-BY-2.0-FR	0.00	no	two-corpora	OpenSubtitles+Tatoeba
үптем	0	4	2	OpenSubtitles+Tatoeba	clean:CC-BY-2.0-FR	0.00	no	two-corpora	OpenSubtitles+Tatoeba
үптең	0	4	3	OpenSubtitles+Tatoeba	clean:CC-BY-2.0-FR	0.00	no	two-corpora	OpenSubtitles+Tatoeba
үстең	0	4	2	OpenSubtitles+Tatoeba	clean:CC-BY-2.0-FR	0.00	no	two-corpora	OpenSubtitles+Tatoeba
үтерербез	0	4	1	OpenSubtitles+Tatoeba	clean:CC-BY-2.0-FR	0.00	no	two-corpora	OpenSubtitles+Tatoeba
үтерәчәкбез	0	4	2	OpenSubtitles+Tatoeba	clean:CC-BY-2.0-FR	0.00	no	two-corpora	OpenSubtitles+Tatoeba
үтерәчәксез	0	4	0	OpenSubtitles	risk-accepted:no-grant	0.00	no	operator-widened	прежнее правило: single-source (OpenSubtitles)
үткәрсәм	0	4	1	OpenSubtitles+Tatoeba	clean:CC-BY-2.0-FR	0.00	no	two-corpora	OpenSubtitles+Tatoeba
үткәрәсем	0	4	0	OpenSubtitles	risk-accepted:no-grant	0.00	no	operator-widened	прежнее правило: single-source (OpenSubtitles)
һайван	0	4	0	OpenSubtitles	risk-accepted:no-grant	0.00	no	operator-widened	прежнее правило: single-source (OpenSubtitles)
әйләндер	0	4	0	OpenSubtitles	risk-accepted:no-grant	0.00	no	operator-widened	прежнее правило: single-source (OpenSubtitles)
әйтергәме	0	4	2	OpenSubtitles+Tatoeba	clean:CC-BY-2.0-FR	0.00	no	two-corpora	OpenSubtitles+Tatoeba
әйткәнең	0	4	3	OpenSubtitles+Tatoeba	clean:CC-BY-2.0-FR	0.00	no	two-corpora	OpenSubtitles+Tatoeba
әйтүемә	0	4	4	Tatoeba	clean:CC-BY-2.0-FR	0.00	no	operator-widened	прежнее правило: single-source (Tatoeba)
әрәмтамаклар	0	4	2	OpenSubtitles+Tatoeba	clean:CC-BY-2.0-FR	0.00	no	two-corpora	OpenSubtitles+Tatoeba
әтәчнең	0	4	4	Tatoeba	clean:CC-BY-2.0-FR	0.00	no	operator-widened	прежнее правило: single-source (Tatoeba)
әфсеннәр	0	4	0	OpenSubtitles	risk-accepted:no-grant	0.00	no	operator-widened	прежнее правило: single-source (OpenSubtitles)
өйрәндегез	0	4	3	OpenSubtitles+Tatoeba	clean:CC-BY-2.0-FR	0.00	no	two-corpora	OpenSubtitles+Tatoeba
өлгерермен	0	4	3	OpenSubtitles+Tatoeba	clean:CC-BY-2.0-FR	0.00	no	two-corpora	OpenSubtitles+Tatoeba
өметсезләнмәгез	0	4	0	OpenSubtitles	risk-accepted:no-grant	0.00	no	operator-widened	прежнее правило: single-source (OpenSubtitles)
өрәкле	0	4	1	OpenSubtitles+Tatoeba	clean:CC-BY-2.0-FR	0.00	no	two-corpora	OpenSubtitles+Tatoeba
аааа	0	3	0	OpenSubtitles	risk-accepted:no-grant	0.00	no	operator-widened	прежнее правило: single-source (OpenSubtitles)
автомобилем	0	3	3	Tatoeba	clean:CC-BY-2.0-FR	0.00	no	operator-widened	прежнее правило: single-source (Tatoeba)
авырлыгым	0	3	3	Tatoeba	clean:CC-BY-2.0-FR	0.00	no	operator-widened	прежнее правило: single-source (Tatoeba)
авырлыгымны	0	3	3	Tatoeba	clean:CC-BY-2.0-FR	0.00	no	operator-widened	прежнее правило: single-source (Tatoeba)
авыртадыр	0	3	0	OpenSubtitles	risk-accepted:no-grant	0.00	no	operator-widened	прежнее правило: single-source (OpenSubtitles)
агулаган	0	3	1	OpenSubtitles+Tatoeba	clean:CC-BY-2.0-FR	0.00	no	two-corpora	OpenSubtitles+Tatoeba
агулады	0	3	2	OpenSubtitles+Tatoeba	clean:CC-BY-2.0-FR	0.00	no	two-corpora	OpenSubtitles+Tatoeba
агыз	0	3	0	OpenSubtitles	risk-accepted:no-grant	0.00	no	operator-widened	прежнее правило: single-source (OpenSubtitles)
адресымны	0	3	3	Tatoeba	clean:CC-BY-2.0-FR	0.00	no	operator-widened	прежнее правило: single-source (Tatoeba)
аер	0	3	0	OpenSubtitles	risk-accepted:no-grant	0.00	no	operator-widened	прежнее правило: single-source (OpenSubtitles)
айбалта	0	3	1	OpenSubtitles+Tatoeba	clean:CC-BY-2.0-FR	0.00	no	two-corpora	OpenSubtitles+Tatoeba
акылыгызны	0	3	0	OpenSubtitles	risk-accepted:no-grant	0.00	no	operator-widened	прежнее правило: single-source (OpenSubtitles)
акылымны	0	3	1	OpenSubtitles+Tatoeba	clean:CC-BY-2.0-FR	0.00	no	two-corpora	OpenSubtitles+Tatoeba
акырырга	0	3	2	OpenSubtitles+Tatoeba	clean:CC-BY-2.0-FR	0.00	no	two-corpora	OpenSubtitles+Tatoeba
алачакбызмы	0	3	0	OpenSubtitles	risk-accepted:no-grant	0.00	no	operator-widened	прежнее правило: single-source (OpenSubtitles)
албастыдан	0	3	0	OpenSubtitles	risk-accepted:no-grant	0.00	no	operator-widened	прежнее правило: single-source (OpenSubtitles)
алганыңа	0	3	0	OpenSubtitles	risk-accepted:no-grant	0.00	no	operator-widened	прежнее правило: single-source (OpenSubtitles)
алдавың	0	3	0	OpenSubtitles	risk-accepted:no-grant	0.00	no	operator-widened	прежнее правило: single-source (OpenSubtitles)
алдаганымны	0	3	1	OpenSubtitles+Tatoeba	clean:CC-BY-2.0-FR	0.00	no	two-corpora	OpenSubtitles+Tatoeba
алдаганын	0	3	1	OpenSubtitles+Tatoeba	clean:CC-BY-2.0-FR	0.00	no	two-corpora	OpenSubtitles+Tatoeba
алдаганыңны	0	3	0	OpenSubtitles	risk-accepted:no-grant	0.00	no	operator-widened	прежнее правило: single-source (OpenSubtitles)
алдамас	0	3	3	Tatoeba	clean:CC-BY-2.0-FR	0.00	no	operator-widened	прежнее правило: single-source (Tatoeba)
алекстан	0	3	2	OpenSubtitles+Tatoeba	clean:CC-BY-2.0-FR	0.00	no	two-corpora	OpenSubtitles+Tatoeba
алиби	0	3	1	OpenSubtitles+Tatoeba	clean:CC-BY-2.0-FR	0.00	no	two-corpora	OpenSubtitles+Tatoeba
алкушымчасы	0	3	3	Tatoeba	clean:CC-BY-2.0-FR	0.00	no	operator-widened	прежнее правило: single-source (Tatoeba)
алкышлагыз	0	3	2	OpenSubtitles+Tatoeba	clean:CC-BY-2.0-FR	0.00	no	two-corpora	OpenSubtitles+Tatoeba
аллахның	0	3	0	OpenSubtitles	risk-accepted:no-grant	0.00	no	operator-widened	прежнее правило: single-source (OpenSubtitles)
алоһомора	0	3	0	OpenSubtitles	risk-accepted:no-grant	0.00	no	operator-widened	прежнее правило: single-source (OpenSubtitles)
алперт	0	3	0	OpenSubtitles	risk-accepted:no-grant	1.00	no	operator-widened	прежнее правило: proper-noun-evidence (cap_ratio=1.00>=0.50)
алтмышта	0	3	3	Tatoeba	clean:CC-BY-2.0-FR	0.00	no	operator-widened	прежнее правило: single-source (Tatoeba)
алыштырдың	0	3	1	OpenSubtitles+Tatoeba	clean:CC-BY-2.0-FR	0.00	no	two-corpora	OpenSubtitles+Tatoeba
альдо	0	3	0	OpenSubtitles	risk-accepted:no-grant	1.00	no	operator-widened	прежнее правило: proper-noun-evidence (cap_ratio=1.00>=0.50)
америкалымы	0	3	3	Tatoeba	clean:CC-BY-2.0-FR	0.00	no	operator-widened	прежнее правило: single-source (Tatoeba)
амнезия	0	3	0	OpenSubtitles	risk-accepted:no-grant	0.00	no	operator-widened	прежнее правило: single-source (OpenSubtitles)
аназонның	0	3	0	OpenSubtitles	risk-accepted:no-grant	1.00	no	operator-widened	прежнее правило: proper-noun-evidence (cap_ratio=1.00>=0.50)
аныңда	0	3	0	OpenSubtitles	risk-accepted:no-grant	0.00	no	operator-widened	прежнее правило: single-source (OpenSubtitles)
апагызны	0	3	2	OpenSubtitles+Tatoeba	clean:CC-BY-2.0-FR	0.00	no	two-corpora	OpenSubtitles+Tatoeba
апаңның	0	3	1	OpenSubtitles+Tatoeba	clean:CC-BY-2.0-FR	0.00	no	two-corpora	OpenSubtitles+Tatoeba
аптечканы	0	3	0	OpenSubtitles	risk-accepted:no-grant	0.00	no	operator-widened	прежнее правило: single-source (OpenSubtitles)
арттагыларын	0	3	3	Tatoeba	clean:CC-BY-2.0-FR	0.00	no	operator-widened	прежнее правило: single-source (Tatoeba)
арттырам	0	3	0	OpenSubtitles	risk-accepted:no-grant	0.00	no	operator-widened	прежнее правило: single-source (OpenSubtitles)
артыңны	0	3	0	OpenSubtitles	risk-accepted:no-grant	0.00	no	operator-widened	прежнее правило: single-source (OpenSubtitles)
арыгансың	0	3	3	Tatoeba	clean:CC-BY-2.0-FR	0.00	no	operator-widened	прежнее правило: single-source (Tatoeba)
арымадым	0	3	3	Tatoeba	clean:CC-BY-2.0-FR	0.00	no	operator-widened	прежнее правило: single-source (Tatoeba)
арымас	0	3	3	Tatoeba	clean:CC-BY-2.0-FR	0.00	no	operator-widened	прежнее правило: single-source (Tatoeba)
аслыгы	0	3	0	OpenSubtitles	risk-accepted:no-grant	0.00	no	operator-widened	прежнее правило: single-source (OpenSubtitles)
асс	0	3	0	OpenSubtitles	risk-accepted:no-grant	1.00	no	operator-widened	прежнее правило: proper-noun-evidence (cap_ratio=1.00>=0.50)
астыгызга	0	3	2	OpenSubtitles+Tatoeba	clean:CC-BY-2.0-FR	0.00	no	two-corpora	OpenSubtitles+Tatoeba
атадың	0	3	0	OpenSubtitles	risk-accepted:no-grant	0.00	no	operator-widened	прежнее правило: single-source (OpenSubtitles)
атамагыз	0	3	2	OpenSubtitles+Tatoeba	clean:CC-BY-2.0-FR	0.00	no	two-corpora	OpenSubtitles+Tatoeba
атамы	0	3	1	OpenSubtitles+Tatoeba	clean:CC-BY-2.0-FR	0.00	no	two-corpora	OpenSubtitles+Tatoeba
атмассың	0	3	0	OpenSubtitles	risk-accepted:no-grant	0.00	no	operator-widened	прежнее правило: single-source (OpenSubtitles)
атмыйчаксың	0	3	0	OpenSubtitles	risk-accepted:no-grant	0.00	no	operator-widened	прежнее правило: single-source (OpenSubtitles)
атучыны	0	3	0	OpenSubtitles	risk-accepted:no-grant	0.00	no	operator-widened	прежнее правило: single-source (OpenSubtitles)
аучыдан	0	3	3	Tatoeba	clean:CC-BY-2.0-FR	0.00	no	operator-widened	прежнее правило: single-source (Tatoeba)
афтавыз	0	3	0	OpenSubtitles	risk-accepted:no-grant	0.00	no	operator-widened	прежнее правило: single-source (OpenSubtitles)
ахмакмы	0	3	2	OpenSubtitles+Tatoeba	clean:CC-BY-2.0-FR	0.00	no	two-corpora	OpenSubtitles+Tatoeba
ахырның	0	3	0	OpenSubtitles	risk-accepted:no-grant	0.33	no	operator-widened	прежнее правило: single-source (OpenSubtitles)
ахырың	0	3	1	OpenSubtitles+Tatoeba	clean:CC-BY-2.0-FR	0.00	no	two-corpora	OpenSubtitles+Tatoeba
ацидалий	0	3	0	OpenSubtitles	risk-accepted:no-grant	1.00	no	operator-widened	прежнее правило: proper-noun-evidence (cap_ratio=1.00>=0.50)
ачабызмы	0	3	0	OpenSubtitles	risk-accepted:no-grant	0.00	no	operator-widened	прежнее правило: single-source (OpenSubtitles)
ачара	0	3	0	OpenSubtitles	risk-accepted:no-grant	1.00	no	operator-widened	прежнее правило: proper-noun-evidence (cap_ratio=1.00>=0.50)
ачасызмы	0	3	1	OpenSubtitles+Tatoeba	clean:CC-BY-2.0-FR	0.00	no	two-corpora	OpenSubtitles+Tatoeba
ачуландырырга	0	3	3	Tatoeba	clean:CC-BY-2.0-FR	0.00	no	operator-widened	прежнее правило: single-source (Tatoeba)
ачуланмас	0	3	3	Tatoeba	clean:CC-BY-2.0-FR	0.00	no	operator-widened	прежнее правило: single-source (Tatoeba)
ачуланмыйм	0	3	2	OpenSubtitles+Tatoeba	clean:CC-BY-2.0-FR	0.00	no	two-corpora	OpenSubtitles+Tatoeba
ачыктым	0	3	3	Tatoeba	clean:CC-BY-2.0-FR	0.00	no	operator-widened	прежнее правило: single-source (Tatoeba)
ачыктыңмы	0	3	3	Tatoeba	clean:CC-BY-2.0-FR	0.00	no	operator-widened	прежнее правило: single-source (Tatoeba)
ашаганчы	0	3	3	Tatoeba	clean:CC-BY-2.0-FR	0.00	no	operator-widened	прежнее правило: single-source (Tatoeba)
ашаттык	0	3	1	OpenSubtitles+Tatoeba	clean:CC-BY-2.0-FR	0.00	no	two-corpora	OpenSubtitles+Tatoeba
ашым	0	3	3	Tatoeba	clean:CC-BY-2.0-FR	0.00	no	operator-widened	прежнее правило: single-source (Tatoeba)
аюларның	0	3	1	OpenSubtitles+Tatoeba	clean:CC-BY-2.0-FR	0.00	no	two-corpora	OpenSubtitles+Tatoeba
аюсын	0	3	0	OpenSubtitles	risk-accepted:no-grant	0.00	no	operator-widened	прежнее правило: single-source (OpenSubtitles)
аңкау	0	3	3	Tatoeba	clean:CC-BY-2.0-FR	0.00	no	operator-widened	прежнее правило: single-source (Tatoeba)
аңлаганыңны	0	3	0	OpenSubtitles	risk-accepted:no-grant	0.00	no	operator-widened	прежнее правило: single-source (OpenSubtitles)
аңламассыз	0	3	3	Tatoeba	clean:CC-BY-2.0-FR	0.00	no	operator-widened	прежнее правило: single-source (Tatoeba)
аңланда	0	3	0	OpenSubtitles	risk-accepted:no-grant	0.00	no	operator-widened	прежнее правило: single-source (OpenSubtitles)
аңлатасым	0	3	0	OpenSubtitles	risk-accepted:no-grant	0.00	no	operator-widened	прежнее правило: single-source (OpenSubtitles)
аңлыйчакмын	0	3	0	OpenSubtitles	risk-accepted:no-grant	0.00	no	operator-widened	прежнее правило: single-source (OpenSubtitles)
аңлыйчаксың	0	3	0	OpenSubtitles	risk-accepted:no-grant	0.00	no	operator-widened	прежнее правило: single-source (OpenSubtitles)
багаждан	0	3	0	OpenSubtitles	risk-accepted:no-grant	0.00	no	operator-widened	прежнее правило: single-source (OpenSubtitles)
базык	0	3	3	Tatoeba	clean:CC-BY-2.0-FR	0.00	no	operator-widened	прежнее правило: single-source (Tatoeba)
бакага	0	3	2	OpenSubtitles+Tatoeba	clean:CC-BY-2.0-FR	0.00	no	two-corpora	OpenSubtitles+Tatoeba
бакырны	0	3	2	OpenSubtitles+Tatoeba	clean:CC-BY-2.0-FR	0.00	no	two-corpora	OpenSubtitles+Tatoeba
баламы	0	3	1	OpenSubtitles+Tatoeba	clean:CC-BY-2.0-FR	0.00	no	two-corpora	OpenSubtitles+Tatoeba
балкышка	0	3	0	OpenSubtitles	risk-accepted:no-grant	0.00	no	operator-widened	прежнее правило: single-source (OpenSubtitles)
балтага	0	3	1	OpenSubtitles+Tatoeba	clean:CC-BY-2.0-FR	0.00	no	two-corpora	OpenSubtitles+Tatoeba
барганыбызны	0	3	1	OpenSubtitles+Tatoeba	clean:CC-BY-2.0-FR	0.00	no	two-corpora	OpenSubtitles+Tatoeba
барлыгымны	0	3	3	Tatoeba	clean:CC-BY-2.0-FR	0.00	no	operator-widened	прежнее правило: single-source (Tatoeba)
бармагымны	0	3	0	OpenSubtitles	risk-accepted:no-grant	0.00	no	operator-widened	прежнее правило: single-source (OpenSubtitles)
бармагына	0	3	1	OpenSubtitles+Tatoeba	clean:CC-BY-2.0-FR	0.00	no	two-corpora	OpenSubtitles+Tatoeba
бармагыңны	0	3	2	OpenSubtitles+Tatoeba	clean:CC-BY-2.0-FR	0.00	no	two-corpora	OpenSubtitles+Tatoeba
барчагыз	0	3	0	OpenSubtitles	risk-accepted:no-grant	0.00	no	operator-widened	прежнее правило: single-source (OpenSubtitles)
басмасаң	0	3	0	OpenSubtitles	risk-accepted:no-grant	0.00	no	operator-widened	прежнее правило: single-source (OpenSubtitles)
бассагыз	0	3	1	OpenSubtitles+Tatoeba	clean:CC-BY-2.0-FR	0.00	no	two-corpora	OpenSubtitles+Tatoeba
бастырылулар	0	3	0	OpenSubtitles	risk-accepted:no-grant	0.00	no	operator-widened	прежнее правило: single-source (OpenSubtitles)
бат	0	3	2	OpenSubtitles+Tatoeba	clean:CC-BY-2.0-FR	0.00	no	two-corpora	OpenSubtitles+Tatoeba
бауларың	0	3	0	OpenSubtitles	risk-accepted:no-grant	0.00	no	operator-widened	прежнее правило: single-source (OpenSubtitles)
баффалода	0	3	0	OpenSubtitles	risk-accepted:no-grant	1.00	no	operator-widened	прежнее правило: proper-noun-evidence (cap_ratio=1.00>=0.50)
башламагыз	0	3	0	OpenSubtitles	risk-accepted:no-grant	0.00	no	operator-widened	прежнее правило: single-source (OpenSubtitles)
башландымы	0	3	1	OpenSubtitles+Tatoeba	clean:CC-BY-2.0-FR	0.00	no	two-corpora	OpenSubtitles+Tatoeba
башлыйчакбыз	0	3	0	OpenSubtitles	risk-accepted:no-grant	0.00	no	operator-widened	прежнее правило: single-source (OpenSubtitles)
башмы	0	3	0	OpenSubtitles	risk-accepted:no-grant	0.00	no	operator-widened	прежнее правило: single-source (OpenSubtitles)
башыгызда	0	3	2	OpenSubtitles+Tatoeba	clean:CC-BY-2.0-FR	0.00	no	two-corpora	OpenSubtitles+Tatoeba
белгертүче	0	3	3	Tatoeba	clean:CC-BY-2.0-FR	0.00	no	operator-widened	прежнее правило: single-source (Tatoeba)
белгәнең	0	3	1	OpenSubtitles+Tatoeba	clean:CC-BY-2.0-FR	0.00	no	two-corpora	OpenSubtitles+Tatoeba
белгәннәрдән	0	3	1	OpenSubtitles+Tatoeba	clean:CC-BY-2.0-FR	0.00	no	two-corpora	OpenSubtitles+Tatoeba
белмәгәнне	0	3	3	Tatoeba	clean:CC-BY-2.0-FR	0.00	no	operator-widened	прежнее правило: single-source (Tatoeba)
беләзәкләр	0	3	0	OpenSubtitles	risk-accepted:no-grant	0.00	no	operator-widened	прежнее правило: single-source (OpenSubtitles)
беләмсең	0	3	1	OpenSubtitles+Tatoeba	clean:CC-BY-2.0-FR	0.00	no	two-corpora	OpenSubtitles+Tatoeba
беркетегез	0	3	0	OpenSubtitles	risk-accepted:no-grant	0.00	no	operator-widened	прежнее правило: single-source (OpenSubtitles)
бернардны	0	3	0	OpenSubtitles	risk-accepted:no-grant	1.00	no	operator-widened	прежнее правило: proper-noun-evidence (cap_ratio=1.00>=0.50)
бернәрсәм	0	3	3	Tatoeba	clean:CC-BY-2.0-FR	0.00	no	operator-widened	прежнее правило: single-source (Tatoeba)
бета	0	3	1	OpenSubtitles+Tatoeba	clean:CC-BY-2.0-FR	0.33	no	two-corpora	OpenSubtitles+Tatoeba
бетермә	0	3	3	Tatoeba	clean:CC-BY-2.0-FR	0.00	no	operator-widened	прежнее правило: single-source (Tatoeba)
бетерәчәкмен	0	3	0	OpenSubtitles	risk-accepted:no-grant	0.00	no	operator-widened	прежнее правило: single-source (OpenSubtitles)
бетешкән	0	3	2	OpenSubtitles+Tatoeba	clean:CC-BY-2.0-FR	0.00	no	two-corpora	OpenSubtitles+Tatoeba
беткәнсең	0	3	1	OpenSubtitles+Tatoeba	clean:CC-BY-2.0-FR	0.00	no	two-corpora	OpenSubtitles+Tatoeba
биврёст	0	3	0	OpenSubtitles	risk-accepted:no-grant	1.00	no	operator-widened	прежнее правило: proper-noun-evidence (cap_ratio=1.00>=0.50)
биге	0	3	0	OpenSubtitles	risk-accepted:no-grant	0.00	no	operator-widened	прежнее правило: single-source (OpenSubtitles)
бизәдем	0	3	2	OpenSubtitles+Tatoeba	clean:CC-BY-2.0-FR	0.00	no	two-corpora	OpenSubtitles+Tatoeba
бикләделәр	0	3	0	OpenSubtitles	risk-accepted:no-grant	0.00	no	operator-widened	прежнее правило: single-source (OpenSubtitles)
билетым	0	3	2	OpenSubtitles+Tatoeba	clean:CC-BY-2.0-FR	0.00	no	two-corpora	OpenSubtitles+Tatoeba
бинар	0	3	2	OpenSubtitles+Tatoeba	clean:CC-BY-2.0-FR	0.00	no	two-corpora	OpenSubtitles+Tatoeba
биргәнемне	0	3	2	OpenSubtitles+Tatoeba	clean:CC-BY-2.0-FR	0.00	no	two-corpora	OpenSubtitles+Tatoeba
биргәнең	0	3	2	OpenSubtitles+Tatoeba	clean:CC-BY-2.0-FR	0.00	no	two-corpora	OpenSubtitles+Tatoeba
бирелмә	0	3	2	OpenSubtitles+Tatoeba	clean:CC-BY-2.0-FR	0.00	no	two-corpora	OpenSubtitles+Tatoeba
биреш	0	3	0	OpenSubtitles	risk-accepted:no-grant	0.00	no	operator-widened	прежнее правило: single-source (OpenSubtitles)
бирмәссең	0	3	1	OpenSubtitles+Tatoeba	clean:CC-BY-2.0-FR	0.00	no	two-corpora	OpenSubtitles+Tatoeba
бирәле	0	3	0	OpenSubtitles	risk-accepted:no-grant	0.00	no	operator-widened	прежнее правило: single-source (OpenSubtitles)
бирәчәксез	0	3	0	OpenSubtitles	risk-accepted:no-grant	0.00	no	operator-widened	прежнее правило: single-source (OpenSubtitles)
битең	0	3	1	OpenSubtitles+Tatoeba	clean:CC-BY-2.0-FR	0.00	no	two-corpora	OpenSubtitles+Tatoeba
бичкрафт	0	3	0	OpenSubtitles	risk-accepted:no-grant	1.00	no	operator-widened	прежнее правило: proper-noun-evidence (cap_ratio=1.00>=0.50)
бичә	0	3	3	Tatoeba	clean:CC-BY-2.0-FR	0.00	no	operator-widened	прежнее правило: single-source (Tatoeba)
бишбармакны	0	3	0	OpenSubtitles	risk-accepted:no-grant	0.00	no	operator-widened	прежнее правило: single-source (OpenSubtitles)
бияләйләрем	0	3	3	Tatoeba	clean:CC-BY-2.0-FR	0.00	no	operator-widened	прежнее правило: single-source (Tatoeba)
блаттерның	0	3	3	Tatoeba	clean:CC-BY-2.0-FR	1.00	no	operator-widened	прежнее правило: proper-noun-evidence (cap_ratio=1.00>=0.50)
богаулардан	0	3	1	OpenSubtitles+Tatoeba	clean:CC-BY-2.0-FR	0.00	no	two-corpora	OpenSubtitles+Tatoeba
богауларым	0	3	0	OpenSubtitles	risk-accepted:no-grant	0.00	no	operator-widened	прежнее правило: single-source (OpenSubtitles)
боланны	0	3	0	OpenSubtitles	risk-accepted:no-grant	0.00	no	operator-widened	прежнее правило: single-source (OpenSubtitles)
борсаң	0	3	1	OpenSubtitles+Tatoeba	clean:CC-BY-2.0-FR	0.00	no	two-corpora	OpenSubtitles+Tatoeba
борчалар	0	3	0	OpenSubtitles	risk-accepted:no-grant	0.00	no	operator-widened	прежнее правило: single-source (OpenSubtitles)
борчыласыз	0	3	1	OpenSubtitles+Tatoeba	clean:CC-BY-2.0-FR	0.00	no	two-corpora	OpenSubtitles+Tatoeba
борчылмыйсыңмы	0	3	0	OpenSubtitles	risk-accepted:no-grant	0.00	no	operator-widened	прежнее правило: single-source (OpenSubtitles)
борчымыйм	0	3	3	Tatoeba	clean:CC-BY-2.0-FR	0.00	no	operator-widened	прежнее правило: single-source (Tatoeba)
борылабыз	0	3	2	OpenSubtitles+Tatoeba	clean:CC-BY-2.0-FR	0.00	no	two-corpora	OpenSubtitles+Tatoeba
ботаниклар	0	3	0	OpenSubtitles	risk-accepted:no-grant	0.00	no	operator-widened	прежнее правило: single-source (OpenSubtitles)
ботинкаларындагы	0	3	3	Tatoeba	clean:CC-BY-2.0-FR	0.00	no	operator-widened	прежнее правило: single-source (Tatoeba)
ботинкаларың	0	3	3	Tatoeba	clean:CC-BY-2.0-FR	0.00	no	operator-widened	прежнее правило: single-source (Tatoeba)
бразилиялеләр	0	3	3	Tatoeba	clean:CC-BY-2.0-FR	0.00	no	operator-widened	прежнее правило: single-source (Tatoeba)
бридж	0	3	1	OpenSubtitles+Tatoeba	clean:CC-BY-2.0-FR	0.50	no	operator-widened	прежнее правило: proper-noun-evidence (cap_ratio=0.50>=0.50)
брокка	0	3	0	OpenSubtitles	risk-accepted:no-grant	1.00	no	operator-widened	прежнее правило: proper-noun-evidence (cap_ratio=1.00>=0.50)
брук	0	3	0	OpenSubtitles	risk-accepted:no-grant	1.00	no	operator-widened	прежнее правило: proper-noun-evidence (cap_ratio=1.00>=0.50)
брукфилд	0	3	0	OpenSubtitles	risk-accepted:no-grant	1.00	no	operator-widened	прежнее правило: proper-noun-evidence (cap_ratio=1.00>=0.50)
брюси	0	3	0	OpenSubtitles	risk-accepted:no-grant	1.00	no	operator-widened	прежнее правило: proper-noun-evidence (cap_ratio=1.00>=0.50)
буйсынасың	0	3	0	OpenSubtitles	risk-accepted:no-grant	0.00	no	operator-widened	прежнее правило: single-source (OpenSubtitles)
букка	0	3	2	OpenSubtitles+Tatoeba	clean:CC-BY-2.0-FR	0.00	no	two-corpora	OpenSubtitles+Tatoeba
букчамда	0	3	1	OpenSubtitles+Tatoeba	clean:CC-BY-2.0-FR	0.00	no	two-corpora	OpenSubtitles+Tatoeba
булабызмы	0	3	0	OpenSubtitles	risk-accepted:no-grant	0.00	no	operator-widened	прежнее правило: single-source (OpenSubtitles)
булмаганыңны	0	3	1	OpenSubtitles+Tatoeba	clean:CC-BY-2.0-FR	0.00	no	two-corpora	OpenSubtitles+Tatoeba
булырсыңмы	0	3	2	OpenSubtitles+Tatoeba	clean:CC-BY-2.0-FR	0.00	no	two-corpora	OpenSubtitles+Tatoeba
булыштымы	0	3	1	OpenSubtitles+Tatoeba	clean:CC-BY-2.0-FR	0.00	no	two-corpora	OpenSubtitles+Tatoeba
булыштыңмы	0	3	1	OpenSubtitles+Tatoeba	clean:CC-BY-2.0-FR	0.00	no	two-corpora	OpenSubtitles+Tatoeba
булышыйммы	0	3	1	OpenSubtitles+Tatoeba	clean:CC-BY-2.0-FR	0.00	no	two-corpora	OpenSubtitles+Tatoeba
бункердагы	0	3	0	OpenSubtitles	risk-accepted:no-grant	0.00	no	operator-widened	прежнее правило: single-source (OpenSubtitles)
бурсыкны	0	3	1	OpenSubtitles+Tatoeba	clean:CC-BY-2.0-FR	0.00	no	two-corpora	OpenSubtitles+Tatoeba
бурсыкның	0	3	3	Tatoeba	clean:CC-BY-2.0-FR	0.00	no	operator-widened	прежнее правило: single-source (Tatoeba)
бутадың	0	3	0	OpenSubtitles	risk-accepted:no-grant	0.00	no	operator-widened	прежнее правило: single-source (OpenSubtitles)
бутербродлар	0	3	2	OpenSubtitles+Tatoeba	clean:CC-BY-2.0-FR	0.00	no	two-corpora	OpenSubtitles+Tatoeba
буэнос	0	3	0	OpenSubtitles	risk-accepted:no-grant	0.00	no	operator-widened	прежнее правило: single-source (OpenSubtitles)
быкылдау	0	3	0	OpenSubtitles	risk-accepted:no-grant	1.00	no	operator-widened	прежнее правило: proper-noun-evidence (cap_ratio=1.00>=0.50)
бьйорн	0	3	0	OpenSubtitles	risk-accepted:no-grant	0.00	no	operator-widened	прежнее правило: single-source (OpenSubtitles)
бьюгл	0	3	0	OpenSubtitles	risk-accepted:no-grant	1.00	no	operator-widened	прежнее правило: proper-noun-evidence (cap_ratio=1.00>=0.50)
бэйн	0	3	0	OpenSubtitles	risk-accepted:no-grant	1.00	no	operator-widened	прежнее правило: proper-noun-evidence (cap_ratio=1.00>=0.50)
бүлмәгезне	0	3	3	Tatoeba	clean:CC-BY-2.0-FR	0.00	no	operator-widened	прежнее правило: single-source (Tatoeba)
бүлмәң	0	3	1	OpenSubtitles+Tatoeba	clean:CC-BY-2.0-FR	0.00	no	two-corpora	OpenSubtitles+Tatoeba
бүлмәңә	0	3	0	OpenSubtitles	risk-accepted:no-grant	0.00	no	operator-widened	прежнее правило: single-source (OpenSubtitles)
бүрәнкә	0	3	1	OpenSubtitles+Tatoeba	clean:CC-BY-2.0-FR	0.00	no	two-corpora	OpenSubtitles+Tatoeba
бүтәнгә	0	3	1	OpenSubtitles+Tatoeba	clean:CC-BY-2.0-FR	0.00	no	two-corpora	OpenSubtitles+Tatoeba
бәйләвеч	0	3	0	OpenSubtitles	risk-accepted:no-grant	0.00	no	operator-widened	прежнее правило: single-source (OpenSubtitles)
бәйләнгәнен	0	3	0	OpenSubtitles	risk-accepted:no-grant	0.00	no	operator-widened	прежнее правило: single-source (OpenSubtitles)
бәрелгәндә	0	3	0	OpenSubtitles	risk-accepted:no-grant	0.00	no	operator-widened	прежнее правило: single-source (OpenSubtitles)
бәрәм	0	3	0	OpenSubtitles	risk-accepted:no-grant	0.00	no	operator-widened	прежнее правило: single-source (OpenSubtitles)
бәхәсләшмәгез	0	3	1	OpenSubtitles+Tatoeba	clean:CC-BY-2.0-FR	0.00	no	two-corpora	OpenSubtitles+Tatoeba
бәхәсләшәм	0	3	3	Tatoeba	clean:CC-BY-2.0-FR	0.00	no	operator-widened	прежнее правило: single-source (Tatoeba)
бөҗәкне	0	3	1	OpenSubtitles+Tatoeba	clean:CC-BY-2.0-FR	0.00	no	two-corpora	OpenSubtitles+Tatoeba
вазага	0	3	3	Tatoeba	clean:CC-BY-2.0-FR	0.00	no	operator-widened	прежнее правило: single-source (Tatoeba)
вакандадан	0	3	0	OpenSubtitles	risk-accepted:no-grant	1.00	no	operator-widened	прежнее правило: proper-noun-evidence (cap_ratio=1.00>=0.50)
вакытмы	0	3	3	Tatoeba	clean:CC-BY-2.0-FR	0.00	no	operator-widened	прежнее правило: single-source (Tatoeba)
валхаллага	0	3	0	OpenSubtitles	risk-accepted:no-grant	1.00	no	operator-widened	прежнее правило: proper-noun-evidence (cap_ratio=1.00>=0.50)
ватанпәрвәрлеккә	0	3	3	Tatoeba	clean:CC-BY-2.0-FR	0.00	no	operator-widened	прежнее правило: single-source (Tatoeba)
ваттыңмы	0	3	2	OpenSubtitles+Tatoeba	clean:CC-BY-2.0-FR	0.00	no	two-corpora	OpenSubtitles+Tatoeba
веномга	0	3	0	OpenSubtitles	risk-accepted:no-grant	1.00	no	operator-widened	прежнее правило: proper-noun-evidence (cap_ratio=1.00>=0.50)
верандада	0	3	2	OpenSubtitles+Tatoeba	clean:CC-BY-2.0-FR	0.00	no	two-corpora	OpenSubtitles+Tatoeba
веспер	0	3	0	OpenSubtitles	risk-accepted:no-grant	0.00	no	operator-widened	прежнее правило: single-source (OpenSubtitles)
винберг	0	3	0	OpenSubtitles	risk-accepted:no-grant	1.00	no	operator-widened	прежнее правило: proper-noun-evidence (cap_ratio=1.00>=0.50)
вол	0	3	0	OpenSubtitles	risk-accepted:no-grant	0.00	no	operator-widened	прежнее правило: single-source (OpenSubtitles)
воу	0	3	0	OpenSubtitles	risk-accepted:no-grant	0.00	no	operator-widened	прежнее правило: single-source (OpenSubtitles)
вундагор	0	3	0	OpenSubtitles	risk-accepted:no-grant	0.00	no	operator-widened	прежнее правило: single-source (OpenSubtitles)
вәгъдәгезне	0	3	3	Tatoeba	clean:CC-BY-2.0-FR	0.00	no	operator-widened	прежнее правило: single-source (Tatoeba)
гаепләнәсез	0	3	1	OpenSubtitles+Tatoeba	clean:CC-BY-2.0-FR	0.00	no	two-corpora	OpenSubtitles+Tatoeba
гаепме	0	3	0	OpenSubtitles	risk-accepted:no-grant	0.00	no	operator-widened	прежнее правило: single-source (OpenSubtitles)
газапланырга	0	3	0	OpenSubtitles	risk-accepted:no-grant	0.00	no	operator-widened	прежнее правило: single-source (OpenSubtitles)
галстугын	0	3	3	Tatoeba	clean:CC-BY-2.0-FR	0.00	no	operator-widened	прежнее правило: single-source (Tatoeba)
гаррида	0	3	0	OpenSubtitles	risk-accepted:no-grant	1.00	no	operator-widened	прежнее правило: proper-noun-evidence (cap_ratio=1.00>=0.50)
гаҗит	0	3	0	OpenSubtitles	risk-accepted:no-grant	0.00	no	operator-widened	прежнее правило: single-source (OpenSubtitles)
гаҗәпләндең	0	3	0	OpenSubtitles	risk-accepted:no-grant	0.00	no	operator-widened	прежнее правило: single-source (OpenSubtitles)
гаҗәпләнмәдем	0	3	1	OpenSubtitles+Tatoeba	clean:CC-BY-2.0-FR	0.00	no	two-corpora	OpenSubtitles+Tatoeba
гаҗәпләнмәс	0	3	2	OpenSubtitles+Tatoeba	clean:CC-BY-2.0-FR	0.00	no	two-corpora	OpenSubtitles+Tatoeba
гвен	0	3	0	OpenSubtitles	risk-accepted:no-grant	1.00	no	operator-widened	прежнее правило: proper-noun-evidence (cap_ratio=1.00>=0.50)
где	0	3	3	Tatoeba	clean:CC-BY-2.0-FR	0.00	no	operator-widened	прежнее правило: single-source (Tatoeba)
гипертизлек	0	3	0	OpenSubtitles	risk-accepted:no-grant	0.00	no	operator-widened	прежнее правило: single-source (OpenSubtitles)
гитараңны	0	3	1	OpenSubtitles+Tatoeba	clean:CC-BY-2.0-FR	0.00	no	two-corpora	OpenSubtitles+Tatoeba
гойя	0	3	0	OpenSubtitles	risk-accepted:no-grant	0.00	no	operator-widened	прежнее правило: single-source (OpenSubtitles)
гырылдап	0	3	3	Tatoeba	clean:CC-BY-2.0-FR	0.00	no	operator-widened	прежнее правило: single-source (Tatoeba)
гүзәллектә	0	3	3	Tatoeba	clean:CC-BY-2.0-FR	0.00	no	operator-widened	прежнее правило: single-source (Tatoeba)
гәүдәсеннән	0	3	3	Tatoeba	clean:CC-BY-2.0-FR	0.00	no	operator-widened	прежнее правило: single-source (Tatoeba)
гөнаһмы	0	3	1	OpenSubtitles+Tatoeba	clean:CC-BY-2.0-FR	0.00	no	two-corpora	OpenSubtitles+Tatoeba
гөрҗе	0	3	3	Tatoeba	clean:CC-BY-2.0-FR	0.00	no	operator-widened	прежнее правило: single-source (Tatoeba)
даруларың	0	3	0	OpenSubtitles	risk-accepted:no-grant	0.00	no	operator-widened	прежнее правило: single-source (OpenSubtitles)
даруларыңны	0	3	0	OpenSubtitles	risk-accepted:no-grant	0.00	no	operator-widened	прежнее правило: single-source (OpenSubtitles)
делайла	0	3	0	OpenSubtitles	risk-accepted:no-grant	1.00	no	operator-widened	прежнее правило: proper-noun-evidence (cap_ratio=1.00>=0.50)
делорианга	0	3	0	OpenSubtitles	risk-accepted:no-grant	1.00	no	operator-widened	прежнее правило: proper-noun-evidence (cap_ratio=1.00>=0.50)
дефенестрациясе	0	3	3	Tatoeba	clean:CC-BY-2.0-FR	0.00	no	operator-widened	прежнее правило: single-source (Tatoeba)
джанетны	0	3	0	OpenSubtitles	risk-accepted:no-grant	1.00	no	operator-widened	прежнее правило: proper-noun-evidence (cap_ratio=1.00>=0.50)
джеймсны	0	3	1	OpenSubtitles+Tatoeba	clean:CC-BY-2.0-FR	1.00	no	operator-widened	прежнее правило: proper-noun-evidence (cap_ratio=1.00>=0.50)
дженторра	0	3	0	OpenSubtitles	risk-accepted:no-grant	1.00	no	operator-widened	прежнее правило: proper-noun-evidence (cap_ratio=1.00>=0.50)
джеронимо	0	3	0	OpenSubtitles	risk-accepted:no-grant	1.00	no	operator-widened	прежнее правило: proper-noun-evidence (cap_ratio=1.00>=0.50)
джинның	0	3	0	OpenSubtitles	risk-accepted:no-grant	1.00	no	operator-widened	прежнее правило: proper-noun-evidence (cap_ratio=1.00>=0.50)
джоанна	0	3	0	OpenSubtitles	risk-accepted:no-grant	1.00	no	operator-widened	прежнее правило: proper-noun-evidence (cap_ratio=1.00>=0.50)
джуб	0	3	0	OpenSubtitles	risk-accepted:no-grant	0.00	no	operator-widened	прежнее правило: single-source (OpenSubtitles)
дигәнемне	0	3	1	OpenSubtitles+Tatoeba	clean:CC-BY-2.0-FR	0.00	no	two-corpora	OpenSubtitles+Tatoeba
дияргәме	0	3	0	OpenSubtitles	risk-accepted:no-grant	0.00	no	operator-widened	прежнее правило: single-source (OpenSubtitles)
дог	0	3	0	OpenSubtitles	risk-accepted:no-grant	0.00	no	operator-widened	прежнее правило: single-source (OpenSubtitles)
доген	0	3	0	OpenSubtitles	risk-accepted:no-grant	1.00	no	operator-widened	прежнее правило: proper-noun-evidence (cap_ratio=1.00>=0.50)
дора	0	3	0	OpenSubtitles	risk-accepted:no-grant	1.00	no	operator-widened	прежнее правило: proper-noun-evidence (cap_ratio=1.00>=0.50)
дотракийлар	0	3	0	OpenSubtitles	risk-accepted:no-grant	0.00	no	operator-widened	прежнее правило: single-source (OpenSubtitles)
дройд	0	3	0	OpenSubtitles	risk-accepted:no-grant	0.00	no	operator-widened	прежнее правило: single-source (OpenSubtitles)
дроннарны	0	3	0	OpenSubtitles	risk-accepted:no-grant	0.00	no	operator-widened	прежнее правило: single-source (OpenSubtitles)
дроннары	0	3	0	OpenSubtitles	risk-accepted:no-grant	0.00	no	operator-widened	прежнее правило: single-source (OpenSubtitles)
дустан	0	3	3	Tatoeba	clean:CC-BY-2.0-FR	0.00	no	operator-widened	прежнее правило: single-source (Tatoeba)
дустымы	0	3	0	OpenSubtitles	risk-accepted:no-grant	0.00	no	operator-widened	прежнее правило: single-source (OpenSubtitles)
дәваладыгыз	0	3	0	OpenSubtitles	risk-accepted:no-grant	0.00	no	operator-widened	прежнее правило: single-source (OpenSubtitles)
дәвалыйк	0	3	0	OpenSubtitles	risk-accepted:no-grant	0.00	no	operator-widened	прежнее правило: single-source (OpenSubtitles)
дәвамлыгы	0	3	0	OpenSubtitles	risk-accepted:no-grant	0.00	no	operator-widened	прежнее правило: single-source (OpenSubtitles)
дәртне	0	3	2	OpenSubtitles+Tatoeba	clean:CC-BY-2.0-FR	0.00	no	two-corpora	OpenSubtitles+Tatoeba
дәш	0	3	1	OpenSubtitles+Tatoeba	clean:CC-BY-2.0-FR	0.00	no	two-corpora	OpenSubtitles+Tatoeba
дәшмәгез	0	3	2	OpenSubtitles+Tatoeba	clean:CC-BY-2.0-FR	0.00	no	two-corpora	OpenSubtitles+Tatoeba
дөресне	0	3	0	OpenSubtitles	risk-accepted:no-grant	0.00	no	operator-widened	прежнее правило: single-source (OpenSubtitles)
егетеңне	0	3	0	OpenSubtitles	risk-accepted:no-grant	0.00	no	operator-widened	прежнее правило: single-source (OpenSubtitles)
егетләрең	0	3	0	OpenSubtitles	risk-accepted:no-grant	0.00	no	operator-widened	прежнее правило: single-source (OpenSubtitles)
егылма	0	3	1	OpenSubtitles+Tatoeba	clean:CC-BY-2.0-FR	0.00	no	two-corpora	OpenSubtitles+Tatoeba
еламагыз	0	3	2	OpenSubtitles+Tatoeba	clean:CC-BY-2.0-FR	0.00	no	two-corpora	OpenSubtitles+Tatoeba
еланбалыклар	0	3	0	OpenSubtitles	risk-accepted:no-grant	0.00	no	operator-widened	прежнее правило: single-source (OpenSubtitles)
елаттым	0	3	3	Tatoeba	clean:CC-BY-2.0-FR	0.00	no	operator-widened	прежнее правило: single-source (Tatoeba)
елмайганын	0	3	2	OpenSubtitles+Tatoeba	clean:CC-BY-2.0-FR	0.00	no	two-corpora	OpenSubtitles+Tatoeba
елмаясыңмы	0	3	0	OpenSubtitles	risk-accepted:no-grant	0.00	no	operator-widened	прежнее правило: single-source (OpenSubtitles)
ераклыкны	0	3	3	Tatoeba	clean:CC-BY-2.0-FR	0.00	no	operator-widened	прежнее правило: single-source (Tatoeba)
ерттым	0	3	1	OpenSubtitles+Tatoeba	clean:CC-BY-2.0-FR	0.00	no	two-corpora	OpenSubtitles+Tatoeba
ешлыктагы	0	3	0	OpenSubtitles	risk-accepted:no-grant	0.00	no	operator-widened	прежнее правило: single-source (OpenSubtitles)
желе	0	3	0	OpenSubtitles	risk-accepted:no-grant	0.00	no	operator-widened	прежнее правило: single-source (OpenSubtitles)
заманәлиф	0	3	3	Tatoeba	clean:CC-BY-2.0-FR	0.00	no	operator-widened	прежнее правило: single-source (Tatoeba)
зарланма	0	3	2	OpenSubtitles+Tatoeba	clean:CC-BY-2.0-FR	0.00	no	two-corpora	OpenSubtitles+Tatoeba
зинасы	0	3	3	Tatoeba	clean:CC-BY-2.0-FR	0.00	no	operator-widened	прежнее правило: single-source (Tatoeba)
зиначы	0	3	1	OpenSubtitles+Tatoeba	clean:CC-BY-2.0-FR	0.00	no	two-corpora	OpenSubtitles+Tatoeba
зодның	0	3	0	OpenSubtitles	risk-accepted:no-grant	1.00	no	operator-widened	прежнее правило: proper-noun-evidence (cap_ratio=1.00>=0.50)
зомбилар	0	3	0	OpenSubtitles	risk-accepted:no-grant	0.00	no	operator-widened	прежнее правило: single-source (OpenSubtitles)
зоопарктан	0	3	2	OpenSubtitles+Tatoeba	clean:CC-BY-2.0-FR	0.00	no	two-corpora	OpenSubtitles+Tatoeba
зор	0	3	0	OpenSubtitles	risk-accepted:no-grant	1.00	no	operator-widened	прежнее правило: proper-noun-evidence (cap_ratio=1.00>=0.50)
зәвыкта	0	3	3	Tatoeba	clean:CC-BY-2.0-FR	0.00	no	operator-widened	прежнее правило: single-source (Tatoeba)
зәһәрле	0	3	3	Tatoeba	clean:CC-BY-2.0-FR	0.00	no	operator-widened	прежнее правило: single-source (Tatoeba)
икеме	0	3	3	Tatoeba	clean:CC-BY-2.0-FR	0.00	no	operator-widened	прежнее правило: single-source (Tatoeba)
икәнме	0	3	0	OpenSubtitles	risk-accepted:no-grant	0.00	no	operator-widened	прежнее правило: single-source (OpenSubtitles)
илтербез	0	3	0	OpenSubtitles	risk-accepted:no-grant	0.00	no	operator-widened	прежнее правило: single-source (OpenSubtitles)
илтермен	0	3	0	OpenSubtitles	risk-accepted:no-grant	0.00	no	operator-widened	прежнее правило: single-source (OpenSubtitles)
иләмән	0	3	3	Tatoeba	clean:CC-BY-2.0-FR	0.00	no	operator-widened	прежнее правило: single-source (Tatoeba)
иминле	0	3	0	OpenSubtitles	risk-accepted:no-grant	0.00	no	operator-widened	прежнее правило: single-source (OpenSubtitles)
импульсын	0	3	0	OpenSubtitles	risk-accepted:no-grant	0.00	no	operator-widened	прежнее правило: single-source (OpenSubtitles)
имралар	0	3	0	OpenSubtitles	risk-accepted:no-grant	0.00	no	operator-widened	прежнее правило: single-source (OpenSubtitles)
имчегә	0	3	1	OpenSubtitles+Tatoeba	clean:CC-BY-2.0-FR	0.00	no	two-corpora	OpenSubtitles+Tatoeba
имчеләр	0	3	1	OpenSubtitles+Tatoeba	clean:CC-BY-2.0-FR	0.00	no	two-corpora	OpenSubtitles+Tatoeba
имчене	0	3	0	OpenSubtitles	risk-accepted:no-grant	0.00	no	operator-widened	прежнее правило: single-source (OpenSubtitles)
инерт	0	3	1	OpenSubtitles+Tatoeba	clean:CC-BY-2.0-FR	0.00	no	two-corpora	OpenSubtitles+Tatoeba
инстинктив	0	3	2	OpenSubtitles+Tatoeba	clean:CC-BY-2.0-FR	0.00	no	two-corpora	OpenSubtitles+Tatoeba
инәләр	0	3	0	OpenSubtitles	risk-accepted:no-grant	0.00	no	operator-widened	прежнее правило: single-source (OpenSubtitles)
ирекләргә	0	3	3	Tatoeba	clean:CC-BY-2.0-FR	0.00	no	operator-widened	прежнее правило: single-source (Tatoeba)
исемнәребезне	0	3	2	OpenSubtitles+Tatoeba	clean:CC-BY-2.0-FR	0.00	no	two-corpora	OpenSubtitles+Tatoeba
искәрмәләре	0	3	3	Tatoeba	clean:CC-BY-2.0-FR	0.00	no	operator-widened	прежнее правило: single-source (Tatoeba)
иснә	0	3	1	OpenSubtitles+Tatoeba	clean:CC-BY-2.0-FR	0.00	no	two-corpora	OpenSubtitles+Tatoeba
ист	0	3	0	OpenSubtitles	risk-accepted:no-grant	1.00	no	operator-widened	прежнее правило: proper-noun-evidence (cap_ratio=1.00>=0.50)
истерия	0	3	1	OpenSubtitles+Tatoeba	clean:CC-BY-2.0-FR	0.00	no	two-corpora	OpenSubtitles+Tatoeba
истәме	0	3	0	OpenSubtitles	risk-accepted:no-grant	0.00	no	operator-widened	прежнее правило: single-source (OpenSubtitles)
исәнмә	0	3	0	OpenSubtitles	risk-accepted:no-grant	0.00	no	operator-widened	прежнее правило: single-source (OpenSubtitles)
итмәдеме	0	3	1	OpenSubtitles+Tatoeba	clean:CC-BY-2.0-FR	0.00	no	two-corpora	OpenSubtitles+Tatoeba
итмәссезме	0	3	2	OpenSubtitles+Tatoeba	clean:CC-BY-2.0-FR	0.00	no	two-corpora	OpenSubtitles+Tatoeba
итәгең	0	3	3	Tatoeba	clean:CC-BY-2.0-FR	0.00	no	operator-widened	прежнее правило: single-source (Tatoeba)
ихтыярым	0	3	0	OpenSubtitles	risk-accepted:no-grant	0.00	no	operator-widened	прежнее правило: single-source (OpenSubtitles)
ихтыярыңа	0	3	0	OpenSubtitles	risk-accepted:no-grant	0.00	no	operator-widened	прежнее правило: single-source (OpenSubtitles)
ишарәт	0	3	3	Tatoeba	clean:CC-BY-2.0-FR	0.00	no	operator-widened	прежнее правило: single-source (Tatoeba)
ишетеңме	0	3	0	OpenSubtitles	risk-accepted:no-grant	0.00	no	operator-widened	прежнее правило: single-source (OpenSubtitles)
ишеткәнсездер	0	3	0	OpenSubtitles	risk-accepted:no-grant	0.00	no	operator-widened	прежнее правило: single-source (OpenSubtitles)
ишеткәнсеңдер	0	3	0	OpenSubtitles	risk-accepted:no-grant	0.00	no	operator-widened	прежнее правило: single-source (OpenSubtitles)
ишетмәгәнгә	0	3	2	OpenSubtitles+Tatoeba	clean:CC-BY-2.0-FR	0.00	no	two-corpora	OpenSubtitles+Tatoeba
иялән	0	3	0	OpenSubtitles	risk-accepted:no-grant	0.00	no	operator-widened	прежнее правило: single-source (OpenSubtitles)
ияләшәчәксең	0	3	3	Tatoeba	clean:CC-BY-2.0-FR	0.00	no	operator-widened	прежнее правило: single-source (Tatoeba)
иярсез	0	3	3	Tatoeba	clean:CC-BY-2.0-FR	0.00	no	operator-widened	прежнее правило: single-source (Tatoeba)
иярүдән	0	3	1	OpenSubtitles+Tatoeba	clean:CC-BY-2.0-FR	0.00	no	two-corpora	OpenSubtitles+Tatoeba
йогынтылар	0	3	0	OpenSubtitles	risk-accepted:no-grant	0.00	no	operator-widened	прежнее правило: single-source (OpenSubtitles)
йодрыклады	0	3	3	Tatoeba	clean:CC-BY-2.0-FR	0.00	no	operator-widened	прежнее правило: single-source (Tatoeba)
йоклагыз	0	3	2	OpenSubtitles+Tatoeba	clean:CC-BY-2.0-FR	0.00	no	two-corpora	OpenSubtitles+Tatoeba
йокламады	0	3	3	Tatoeba	clean:CC-BY-2.0-FR	0.00	no	operator-widened	прежнее правило: single-source (Tatoeba)
йокламыйсың	0	3	1	OpenSubtitles+Tatoeba	clean:CC-BY-2.0-FR	0.00	no	two-corpora	OpenSubtitles+Tatoeba
йокларсың	0	3	1	OpenSubtitles+Tatoeba	clean:CC-BY-2.0-FR	0.00	no	two-corpora	OpenSubtitles+Tatoeba
йокласаң	0	3	2	OpenSubtitles+Tatoeba	clean:CC-BY-2.0-FR	0.00	no	two-corpora	OpenSubtitles+Tatoeba
йоклатырга	0	3	1	OpenSubtitles+Tatoeba	clean:CC-BY-2.0-FR	0.00	no	two-corpora	OpenSubtitles+Tatoeba
йоктыруга	0	3	0	OpenSubtitles	risk-accepted:no-grant	0.00	no	operator-widened	прежнее правило: single-source (OpenSubtitles)
йокыңнан	0	3	3	Tatoeba	clean:CC-BY-2.0-FR	0.00	no	operator-widened	прежнее правило: single-source (Tatoeba)
йолырга	0	3	1	OpenSubtitles+Tatoeba	clean:CC-BY-2.0-FR	0.00	no	two-corpora	OpenSubtitles+Tatoeba
йонлачым	0	3	0	OpenSubtitles	risk-accepted:no-grant	0.00	no	operator-widened	прежнее правило: single-source (OpenSubtitles)
йортчы	0	3	0	OpenSubtitles	risk-accepted:no-grant	0.00	no	operator-widened	прежнее правило: single-source (OpenSubtitles)
йортыгызмы	0	3	1	OpenSubtitles+Tatoeba	clean:CC-BY-2.0-FR	0.00	no	two-corpora	OpenSubtitles+Tatoeba
йотсаң	0	3	0	OpenSubtitles	risk-accepted:no-grant	0.00	no	operator-widened	прежнее правило: single-source (OpenSubtitles)
йөгердең	0	3	1	OpenSubtitles+Tatoeba	clean:CC-BY-2.0-FR	0.00	no	two-corpora	OpenSubtitles+Tatoeba
йөгердеңме	0	3	2	OpenSubtitles+Tatoeba	clean:CC-BY-2.0-FR	0.00	no	two-corpora	OpenSubtitles+Tatoeba
йөклеме	0	3	0	OpenSubtitles	risk-accepted:no-grant	0.00	no	operator-widened	прежнее правило: single-source (OpenSubtitles)
йөртүчем	0	3	1	OpenSubtitles+Tatoeba	clean:CC-BY-2.0-FR	0.00	no	two-corpora	OpenSubtitles+Tatoeba
йөртәсеңме	0	3	0	OpenSubtitles	risk-accepted:no-grant	0.00	no	operator-widened	прежнее правило: single-source (OpenSubtitles)
кабарды	0	3	3	Tatoeba	clean:CC-BY-2.0-FR	0.00	no	operator-widened	прежнее правило: single-source (Tatoeba)
кабатладым	0	3	0	OpenSubtitles	risk-accepted:no-grant	0.00	no	operator-widened	прежнее правило: single-source (OpenSubtitles)
кабызыйк	0	3	0	OpenSubtitles	risk-accepted:no-grant	0.00	no	operator-widened	прежнее правило: single-source (OpenSubtitles)
кабырчыкка	0	3	1	OpenSubtitles+Tatoeba	clean:CC-BY-2.0-FR	0.00	no	two-corpora	OpenSubtitles+Tatoeba
кадерлим	0	3	2	OpenSubtitles+Tatoeba	clean:CC-BY-2.0-FR	0.00	no	two-corpora	OpenSubtitles+Tatoeba
кадерләгән	0	3	3	Tatoeba	clean:CC-BY-2.0-FR	0.00	no	operator-widened	прежнее правило: single-source (Tatoeba)
кадерләде	0	3	2	OpenSubtitles+Tatoeba	clean:CC-BY-2.0-FR	0.00	no	two-corpora	OpenSubtitles+Tatoeba
казанханә	0	3	3	Tatoeba	clean:CC-BY-2.0-FR	0.00	no	operator-widened	прежнее правило: single-source (Tatoeba)
казымый	0	3	2	OpenSubtitles+Tatoeba	clean:CC-BY-2.0-FR	0.00	no	two-corpora	OpenSubtitles+Tatoeba
кайгырмас	0	3	3	Tatoeba	clean:CC-BY-2.0-FR	0.00	no	operator-widened	прежнее правило: single-source (Tatoeba)
кайгырмыйм	0	3	2	OpenSubtitles+Tatoeba	clean:CC-BY-2.0-FR	0.00	no	two-corpora	OpenSubtitles+Tatoeba
кайгыртачаклар	0	3	1	OpenSubtitles+Tatoeba	clean:CC-BY-2.0-FR	0.00	no	two-corpora	OpenSubtitles+Tatoeba
кайгыртуың	0	3	1	OpenSubtitles+Tatoeba	clean:CC-BY-2.0-FR	0.00	no	two-corpora	OpenSubtitles+Tatoeba
кайнаткычны	0	3	3	Tatoeba	clean:CC-BY-2.0-FR	0.00	no	operator-widened	прежнее правило: single-source (Tatoeba)
кайрый	0	3	1	OpenSubtitles+Tatoeba	clean:CC-BY-2.0-FR	0.33	no	two-corpora	OpenSubtitles+Tatoeba
кайтарасым	0	3	0	OpenSubtitles	risk-accepted:no-grant	0.00	no	operator-widened	прежнее правило: single-source (OpenSubtitles)
кайтачакмы	0	3	1	OpenSubtitles+Tatoeba	clean:CC-BY-2.0-FR	0.00	no	two-corpora	OpenSubtitles+Tatoeba
кайтмыйсыз	0	3	2	OpenSubtitles+Tatoeba	clean:CC-BY-2.0-FR	0.00	no	two-corpora	OpenSubtitles+Tatoeba
кайтмыйсың	0	3	0	OpenSubtitles	risk-accepted:no-grant	0.00	no	operator-widened	прежнее правило: single-source (OpenSubtitles)
кайтуыгыз	0	3	0	OpenSubtitles	risk-accepted:no-grant	0.00	no	operator-widened	прежнее правило: single-source (OpenSubtitles)
калгансың	0	3	2	OpenSubtitles+Tatoeba	clean:CC-BY-2.0-FR	0.00	no	two-corpora	OpenSubtitles+Tatoeba
калдырыйм	0	3	0	OpenSubtitles	risk-accepted:no-grant	0.00	no	operator-widened	прежнее правило: single-source (OpenSubtitles)
калдырырбыз	0	3	1	OpenSubtitles+Tatoeba	clean:CC-BY-2.0-FR	0.00	no	two-corpora	OpenSubtitles+Tatoeba
калмассың	0	3	0	OpenSubtitles	risk-accepted:no-grant	0.00	no	operator-widened	прежнее правило: single-source (OpenSubtitles)
калтырыйсың	0	3	0	OpenSubtitles	risk-accepted:no-grant	0.00	no	operator-widened	прежнее правило: single-source (OpenSubtitles)
калышма	0	3	0	OpenSubtitles	risk-accepted:no-grant	0.00	no	operator-widened	прежнее правило: single-source (OpenSubtitles)
камаучы	0	3	3	Tatoeba	clean:CC-BY-2.0-FR	0.00	no	operator-widened	прежнее правило: single-source (Tatoeba)
каньон	0	3	0	OpenSubtitles	risk-accepted:no-grant	1.00	no	operator-widened	прежнее правило: proper-noun-evidence (cap_ratio=1.00>=0.50)
капут	0	3	1	OpenSubtitles+Tatoeba	clean:CC-BY-2.0-FR	0.00	no	two-corpora	OpenSubtitles+Tatoeba
карабында	0	3	0	OpenSubtitles	risk-accepted:no-grant	0.00	no	operator-widened	прежнее правило: single-source (OpenSubtitles)
караватында	0	3	3	Tatoeba	clean:CC-BY-2.0-FR	0.00	no	operator-widened	прежнее правило: single-source (Tatoeba)
карада	0	3	0	OpenSubtitles	risk-accepted:no-grant	0.00	no	operator-widened	прежнее правило: single-source (OpenSubtitles)
каракатица	0	3	0	OpenSubtitles	risk-accepted:no-grant	0.00	no	operator-widened	прежнее правило: single-source (OpenSubtitles)
карамадыңмы	0	3	1	OpenSubtitles+Tatoeba	clean:CC-BY-2.0-FR	0.00	no	two-corpora	OpenSubtitles+Tatoeba
карарак	0	3	3	Tatoeba	clean:CC-BY-2.0-FR	0.00	no	operator-widened	прежнее правило: single-source (Tatoeba)
каргада	0	3	3	Tatoeba	clean:CC-BY-2.0-FR	0.00	no	operator-widened	прежнее правило: single-source (Tatoeba)
каргатырн	0	3	0	OpenSubtitles	risk-accepted:no-grant	1.00	no	operator-widened	прежнее правило: proper-noun-evidence (cap_ratio=1.00>=0.50)
кармавычлар	0	3	1	OpenSubtitles+Tatoeba	clean:CC-BY-2.0-FR	0.00	no	two-corpora	OpenSubtitles+Tatoeba
кармактан	0	3	3	Tatoeba	clean:CC-BY-2.0-FR	0.00	no	operator-widened	прежнее правило: single-source (Tatoeba)
картайса	0	3	3	Tatoeba	clean:CC-BY-2.0-FR	0.00	no	operator-widened	прежнее правило: single-source (Tatoeba)
карчыгасы	0	3	3	Tatoeba	clean:CC-BY-2.0-FR	0.00	no	operator-widened	прежнее правило: single-source (Tatoeba)
карыйлармы	0	3	1	OpenSubtitles+Tatoeba	clean:CC-BY-2.0-FR	0.00	no	two-corpora	OpenSubtitles+Tatoeba
карыннан	0	3	3	Tatoeba	clean:CC-BY-2.0-FR	0.00	no	operator-widened	прежнее правило: single-source (Tatoeba)
касетаны	0	3	0	OpenSubtitles	risk-accepted:no-grant	0.00	no	operator-widened	прежнее правило: single-source (OpenSubtitles)
катафалк	0	3	0	OpenSubtitles	risk-accepted:no-grant	0.00	no	operator-widened	прежнее правило: single-source (OpenSubtitles)
катыштырган	0	3	0	OpenSubtitles	risk-accepted:no-grant	0.00	no	operator-widened	прежнее правило: single-source (OpenSubtitles)
качасыңмы	0	3	2	OpenSubtitles+Tatoeba	clean:CC-BY-2.0-FR	0.00	no	two-corpora	OpenSubtitles+Tatoeba
качачакбыз	0	3	0	OpenSubtitles	risk-accepted:no-grant	0.00	no	operator-widened	прежнее правило: single-source (OpenSubtitles)
качмыйм	0	3	1	OpenSubtitles+Tatoeba	clean:CC-BY-2.0-FR	0.00	no	two-corpora	OpenSubtitles+Tatoeba
качтыгыз	0	3	2	OpenSubtitles+Tatoeba	clean:CC-BY-2.0-FR	0.00	no	two-corpora	OpenSubtitles+Tatoeba
качудан	0	3	0	OpenSubtitles	risk-accepted:no-grant	0.00	no	operator-widened	прежнее правило: single-source (OpenSubtitles)
качыйк	0	3	0	OpenSubtitles	risk-accepted:no-grant	0.00	no	operator-widened	прежнее правило: single-source (OpenSubtitles)
каһәргә	0	3	1	OpenSubtitles+Tatoeba	clean:CC-BY-2.0-FR	0.00	no	two-corpora	OpenSubtitles+Tatoeba
квил	0	3	0	OpenSubtitles	risk-accepted:no-grant	0.00	no	operator-widened	прежнее правило: single-source (OpenSubtitles)
квинзель	0	3	0	OpenSubtitles	risk-accepted:no-grant	1.00	no	operator-widened	прежнее правило: proper-noun-evidence (cap_ratio=1.00>=0.50)
кейсны	0	3	0	OpenSubtitles	risk-accepted:no-grant	0.00	no	operator-widened	прежнее правило: single-source (OpenSubtitles)
кекслар	0	3	1	OpenSubtitles+Tatoeba	clean:CC-BY-2.0-FR	0.00	no	two-corpora	OpenSubtitles+Tatoeba
келәшчәсе	0	3	0	OpenSubtitles	risk-accepted:no-grant	0.00	no	operator-widened	прежнее правило: single-source (OpenSubtitles)
керербез	0	3	2	OpenSubtitles+Tatoeba	clean:CC-BY-2.0-FR	0.00	no	two-corpora	OpenSubtitles+Tatoeba
керешербез	0	3	1	OpenSubtitles+Tatoeba	clean:CC-BY-2.0-FR	0.00	no	two-corpora	OpenSubtitles+Tatoeba
керләрне	0	3	3	Tatoeba	clean:CC-BY-2.0-FR	0.00	no	operator-widened	прежнее правило: single-source (Tatoeba)
керпесенә	0	3	0	OpenSubtitles	risk-accepted:no-grant	0.00	no	operator-widened	прежнее правило: single-source (OpenSubtitles)
кертсәгез	0	3	0	OpenSubtitles	risk-accepted:no-grant	0.00	no	operator-widened	прежнее правило: single-source (OpenSubtitles)
керттеңме	0	3	2	OpenSubtitles+Tatoeba	clean:CC-BY-2.0-FR	0.00	no	two-corpora	OpenSubtitles+Tatoeba
кечкенәне	0	3	0	OpenSubtitles	risk-accepted:no-grant	0.33	no	operator-widened	прежнее правило: single-source (OpenSubtitles)
кешеләрсез	0	3	0	OpenSubtitles	risk-accepted:no-grant	0.00	no	operator-widened	прежнее правило: single-source (OpenSubtitles)
кигәнсең	0	3	3	Tatoeba	clean:CC-BY-2.0-FR	0.00	no	operator-widened	прежнее правило: single-source (Tatoeba)
киенәм	0	3	2	OpenSubtitles+Tatoeba	clean:CC-BY-2.0-FR	0.00	no	two-corpora	OpenSubtitles+Tatoeba
килдемме	0	3	1	OpenSubtitles+Tatoeba	clean:CC-BY-2.0-FR	0.00	no	two-corpora	OpenSubtitles+Tatoeba
килешербез	0	3	0	OpenSubtitles	risk-accepted:no-grant	0.00	no	operator-widened	прежнее правило: single-source (OpenSubtitles)
килмешәкләрне	0	3	1	OpenSubtitles+Tatoeba	clean:CC-BY-2.0-FR	0.00	no	two-corpora	OpenSubtitles+Tatoeba
килмәсәң	0	3	0	OpenSubtitles	risk-accepted:no-grant	0.00	no	operator-widened	прежнее правило: single-source (OpenSubtitles)
кимсеттеләр	0	3	2	OpenSubtitles+Tatoeba	clean:CC-BY-2.0-FR	0.00	no	two-corpora	OpenSubtitles+Tatoeba
кирәктән	0	3	0	OpenSubtitles	risk-accepted:no-grant	0.00	no	operator-widened	прежнее правило: single-source (OpenSubtitles)
кисмә	0	3	1	OpenSubtitles+Tatoeba	clean:CC-BY-2.0-FR	0.00	no	two-corpora	OpenSubtitles+Tatoeba
кисәкчәләрен	0	3	0	OpenSubtitles	risk-accepted:no-grant	0.00	no	operator-widened	прежнее правило: single-source (OpenSubtitles)
китапмы	0	3	2	OpenSubtitles+Tatoeba	clean:CC-BY-2.0-FR	0.00	no	two-corpora	OpenSubtitles+Tatoeba
китерегә	0	3	0	OpenSubtitles	risk-accepted:no-grant	0.00	no	operator-widened	прежнее правило: single-source (OpenSubtitles)
китермәсәң	0	3	0	OpenSubtitles	risk-accepted:no-grant	0.00	no	operator-widened	прежнее правило: single-source (OpenSubtitles)
китертмим	0	3	0	OpenSubtitles	risk-accepted:no-grant	0.00	no	operator-widened	прежнее правило: single-source (OpenSubtitles)
китәргәме	0	3	1	OpenSubtitles+Tatoeba	clean:CC-BY-2.0-FR	0.00	no	two-corpora	OpenSubtitles+Tatoeba
кичерербез	0	3	1	OpenSubtitles+Tatoeba	clean:CC-BY-2.0-FR	0.00	no	two-corpora	OpenSubtitles+Tatoeba
кичерермен	0	3	1	OpenSubtitles+Tatoeba	clean:CC-BY-2.0-FR	0.00	no	two-corpora	OpenSubtitles+Tatoeba
кичми	0	3	3	Tatoeba	clean:CC-BY-2.0-FR	0.00	no	operator-widened	прежнее правило: single-source (Tatoeba)
кичтем	0	3	2	OpenSubtitles+Tatoeba	clean:CC-BY-2.0-FR	0.00	no	two-corpora	OpenSubtitles+Tatoeba
киярмен	0	3	2	OpenSubtitles+Tatoeba	clean:CC-BY-2.0-FR	0.00	no	two-corpora	OpenSubtitles+Tatoeba
клараны	0	3	0	OpenSubtitles	risk-accepted:no-grant	1.00	no	operator-widened	прежнее правило: proper-noun-evidence (cap_ratio=1.00>=0.50)
клиентларыбыз	0	3	0	OpenSubtitles	risk-accepted:no-grant	0.00	no	operator-widened	прежнее правило: single-source (OpenSubtitles)
кмги	0	3	0	OpenSubtitles	risk-accepted:no-grant	1.00	no	operator-widened	прежнее правило: proper-noun-evidence (cap_ratio=1.00>=0.50)
коенам	0	3	3	Tatoeba	clean:CC-BY-2.0-FR	0.00	no	operator-widened	прежнее правило: single-source (Tatoeba)
коктейлен	0	3	1	OpenSubtitles+Tatoeba	clean:CC-BY-2.0-FR	0.00	no	two-corpora	OpenSubtitles+Tatoeba
колакларыгызны	0	3	0	OpenSubtitles	risk-accepted:no-grant	0.00	no	operator-widened	прежнее правило: single-source (OpenSubtitles)
комачауладыммы	0	3	1	OpenSubtitles+Tatoeba	clean:CC-BY-2.0-FR	0.00	no	two-corpora	OpenSubtitles+Tatoeba
комачауламадыммы	0	3	1	OpenSubtitles+Tatoeba	clean:CC-BY-2.0-FR	0.00	no	two-corpora	OpenSubtitles+Tatoeba
комачауламыйм	0	3	1	OpenSubtitles+Tatoeba	clean:CC-BY-2.0-FR	0.00	no	two-corpora	OpenSubtitles+Tatoeba
комачаулыйбыз	0	3	1	OpenSubtitles+Tatoeba	clean:CC-BY-2.0-FR	0.00	no	two-corpora	OpenSubtitles+Tatoeba
комбинация	0	3	1	OpenSubtitles+Tatoeba	clean:CC-BY-2.0-FR	0.00	no	two-corpora	OpenSubtitles+Tatoeba
конвей	0	3	0	OpenSubtitles	risk-accepted:no-grant	1.00	no	operator-widened	прежнее правило: proper-noun-evidence (cap_ratio=1.00>=0.50)
координатлар	0	3	0	OpenSubtitles	risk-accepted:no-grant	0.00	no	operator-widened	прежнее правило: single-source (OpenSubtitles)
коплар	0	3	0	OpenSubtitles	risk-accepted:no-grant	0.00	no	operator-widened	прежнее правило: single-source (OpenSubtitles)
корабмы	0	3	1	OpenSubtitles+Tatoeba	clean:CC-BY-2.0-FR	0.00	no	two-corpora	OpenSubtitles+Tatoeba
корабтамы	0	3	1	OpenSubtitles+Tatoeba	clean:CC-BY-2.0-FR	0.00	no	two-corpora	OpenSubtitles+Tatoeba
коралланыгыз	0	3	0	OpenSubtitles	risk-accepted:no-grant	0.00	no	operator-widened	прежнее правило: single-source (OpenSubtitles)
коралым	0	3	0	OpenSubtitles	risk-accepted:no-grant	0.00	no	operator-widened	прежнее правило: single-source (OpenSubtitles)
корсагым	0	3	3	Tatoeba	clean:CC-BY-2.0-FR	0.00	no	operator-widened	прежнее правило: single-source (Tatoeba)
корсакта	0	3	1	OpenSubtitles+Tatoeba	clean:CC-BY-2.0-FR	0.00	no	two-corpora	OpenSubtitles+Tatoeba
кортес	0	3	0	OpenSubtitles	risk-accepted:no-grant	1.00	no	operator-widened	прежнее правило: proper-noun-evidence (cap_ratio=1.00>=0.50)
кортының	0	3	3	Tatoeba	clean:CC-BY-2.0-FR	0.00	no	operator-widened	прежнее правило: single-source (Tatoeba)
костюмыңны	0	3	1	OpenSubtitles+Tatoeba	clean:CC-BY-2.0-FR	0.00	no	two-corpora	OpenSubtitles+Tatoeba
косып	0	3	3	Tatoeba	clean:CC-BY-2.0-FR	0.00	no	operator-widened	прежнее правило: single-source (Tatoeba)
коткарасы	0	3	0	OpenSubtitles	risk-accepted:no-grant	0.00	no	operator-widened	прежнее правило: single-source (OpenSubtitles)
коткарганнарын	0	3	0	OpenSubtitles	risk-accepted:no-grant	0.00	no	operator-widened	прежнее правило: single-source (OpenSubtitles)
коткаручыны	0	3	0	OpenSubtitles	risk-accepted:no-grant	0.33	no	operator-widened	прежнее правило: single-source (OpenSubtitles)
коткарырбыз	0	3	2	OpenSubtitles+Tatoeba	clean:CC-BY-2.0-FR	0.00	no	two-corpora	OpenSubtitles+Tatoeba
коткарырлар	0	3	0	OpenSubtitles	risk-accepted:no-grant	0.00	no	operator-widened	прежнее правило: single-source (OpenSubtitles)
коточыргычлар	0	3	0	OpenSubtitles	risk-accepted:no-grant	0.00	no	operator-widened	прежнее правило: single-source (OpenSubtitles)
котыл	0	3	1	OpenSubtitles+Tatoeba	clean:CC-BY-2.0-FR	0.00	no	two-corpora	OpenSubtitles+Tatoeba
котылам	0	3	1	OpenSubtitles+Tatoeba	clean:CC-BY-2.0-FR	0.00	no	two-corpora	OpenSubtitles+Tatoeba
котылыгыз	0	3	2	OpenSubtitles+Tatoeba	clean:CC-BY-2.0-FR	0.00	no	two-corpora	OpenSubtitles+Tatoeba
кочаклый	0	3	2	OpenSubtitles+Tatoeba	clean:CC-BY-2.0-FR	0.00	no	two-corpora	OpenSubtitles+Tatoeba
кояшлар	0	3	1	OpenSubtitles+Tatoeba	clean:CC-BY-2.0-FR	0.00	no	two-corpora	OpenSubtitles+Tatoeba
крайлар	0	3	0	OpenSubtitles	risk-accepted:no-grant	1.00	no	operator-widened	прежнее правило: proper-noun-evidence (cap_ratio=1.00>=0.50)
кретин	0	3	1	OpenSubtitles+Tatoeba	clean:CC-BY-2.0-FR	0.00	no	two-corpora	OpenSubtitles+Tatoeba
куакка	0	3	1	OpenSubtitles+Tatoeba	clean:CC-BY-2.0-FR	0.00	no	two-corpora	OpenSubtitles+Tatoeba
кубны	0	3	0	OpenSubtitles	risk-accepted:no-grant	0.00	no	operator-widened	прежнее правило: single-source (OpenSubtitles)
кудың	0	3	0	OpenSubtitles	risk-accepted:no-grant	0.00	no	operator-widened	прежнее правило: single-source (OpenSubtitles)
кузгалма	0	3	0	OpenSubtitles	risk-accepted:no-grant	0.00	no	operator-widened	прежнее правило: single-source (OpenSubtitles)
куиммы	0	3	0	OpenSubtitles	risk-accepted:no-grant	0.00	no	operator-widened	прежнее правило: single-source (OpenSubtitles)
кулланачакмын	0	3	1	OpenSubtitles+Tatoeba	clean:CC-BY-2.0-FR	0.00	no	two-corpora	OpenSubtitles+Tatoeba
кулланмадың	0	3	0	OpenSubtitles	risk-accepted:no-grant	0.00	no	operator-widened	прежнее правило: single-source (OpenSubtitles)
кулланучылык	0	3	3	Tatoeba	clean:CC-BY-2.0-FR	0.00	no	operator-widened	прежнее правило: single-source (Tatoeba)
кулларымнан	0	3	0	OpenSubtitles	risk-accepted:no-grant	0.00	no	operator-widened	прежнее правило: single-source (OpenSubtitles)
кулларыңда	0	3	1	OpenSubtitles+Tatoeba	clean:CC-BY-2.0-FR	0.00	no	two-corpora	OpenSubtitles+Tatoeba
кунык	0	3	0	OpenSubtitles	risk-accepted:no-grant	0.00	no	operator-widened	прежнее правило: single-source (OpenSubtitles)
куркытабыз	0	3	0	OpenSubtitles	risk-accepted:no-grant	0.00	no	operator-widened	прежнее правило: single-source (OpenSubtitles)
курыкмасаң	0	3	0	OpenSubtitles	risk-accepted:no-grant	0.00	no	operator-widened	прежнее правило: single-source (OpenSubtitles)
курыктыгызмы	0	3	1	OpenSubtitles+Tatoeba	clean:CC-BY-2.0-FR	0.00	no	two-corpora	OpenSubtitles+Tatoeba
кушсам	0	3	0	OpenSubtitles	risk-accepted:no-grant	0.00	no	operator-widened	прежнее правило: single-source (OpenSubtitles)
куштыңмы	0	3	0	OpenSubtitles	risk-accepted:no-grant	0.00	no	operator-widened	прежнее правило: single-source (OpenSubtitles)
кушырган	0	3	3	Tatoeba	clean:CC-BY-2.0-FR	0.00	no	operator-widened	прежнее правило: single-source (Tatoeba)
куярсың	0	3	0	OpenSubtitles	risk-accepted:no-grant	0.00	no	operator-widened	прежнее правило: single-source (OpenSubtitles)
кызарынды	0	3	3	Tatoeba	clean:CC-BY-2.0-FR	0.00	no	operator-widened	прежнее правило: single-source (Tatoeba)
кызарыр	0	3	3	Tatoeba	clean:CC-BY-2.0-FR	0.00	no	operator-widened	прежнее правило: single-source (Tatoeba)
кызганды	0	3	0	OpenSubtitles	risk-accepted:no-grant	0.00	no	operator-widened	прежнее правило: single-source (OpenSubtitles)
кызыксынуың	0	3	1	OpenSubtitles+Tatoeba	clean:CC-BY-2.0-FR	0.00	no	two-corpora	OpenSubtitles+Tatoeba
кызыңның	0	3	0	OpenSubtitles	risk-accepted:no-grant	0.00	no	operator-widened	прежнее правило: single-source (OpenSubtitles)
кыйна	0	3	0	OpenSubtitles	risk-accepted:no-grant	0.00	no	operator-widened	прежнее правило: single-source (OpenSubtitles)
кыландың	0	3	0	OpenSubtitles	risk-accepted:no-grant	0.00	no	operator-widened	прежнее правило: single-source (OpenSubtitles)
кылма	0	3	1	OpenSubtitles+Tatoeba	clean:CC-BY-2.0-FR	0.00	no	two-corpora	OpenSubtitles+Tatoeba
кылмадым	0	3	2	OpenSubtitles+Tatoeba	clean:CC-BY-2.0-FR	0.00	no	two-corpora	OpenSubtitles+Tatoeba
кылычымны	0	3	0	OpenSubtitles	risk-accepted:no-grant	0.00	no	operator-widened	прежнее правило: single-source (OpenSubtitles)
кычкырдыгыз	0	3	1	OpenSubtitles+Tatoeba	clean:CC-BY-2.0-FR	0.00	no	two-corpora	OpenSubtitles+Tatoeba
кышының	0	3	3	Tatoeba	clean:CC-BY-2.0-FR	0.00	no	operator-widened	прежнее правило: single-source (Tatoeba)
кыяк	0	3	0	OpenSubtitles	risk-accepted:no-grant	0.00	no	operator-widened	прежнее правило: single-source (OpenSubtitles)
кэтны	0	3	0	OpenSubtitles	risk-accepted:no-grant	1.00	no	operator-widened	прежнее правило: proper-noun-evidence (cap_ratio=1.00>=0.50)
күзлексез	0	3	3	Tatoeba	clean:CC-BY-2.0-FR	0.00	no	operator-widened	прежнее правило: single-source (Tatoeba)
күзәтми	0	3	1	OpenSubtitles+Tatoeba	clean:CC-BY-2.0-FR	0.00	no	two-corpora	OpenSubtitles+Tatoeba
күзәттең	0	3	0	OpenSubtitles	risk-accepted:no-grant	0.00	no	operator-widened	прежнее правило: single-source (OpenSubtitles)
күзәтәсез	0	3	0	OpenSubtitles	risk-accepted:no-grant	0.00	no	operator-widened	прежнее правило: single-source (OpenSubtitles)
күзәтәсезме	0	3	0	OpenSubtitles	risk-accepted:no-grant	0.00	no	operator-widened	прежнее правило: single-source (OpenSubtitles)
күзәтәчәксез	0	3	0	OpenSubtitles	risk-accepted:no-grant	0.00	no	operator-widened	прежнее правило: single-source (OpenSubtitles)
күләгәсеннән	0	3	2	OpenSubtitles+Tatoeba	clean:CC-BY-2.0-FR	0.00	no	two-corpora	OpenSubtitles+Tatoeba
күмегез	0	3	1	OpenSubtitles+Tatoeba	clean:CC-BY-2.0-FR	0.00	no	two-corpora	OpenSubtitles+Tatoeba
күндердең	0	3	0	OpenSubtitles	risk-accepted:no-grant	0.00	no	operator-widened	прежнее правило: single-source (OpenSubtitles)
күрекле	0	3	3	Tatoeba	clean:CC-BY-2.0-FR	0.00	no	operator-widened	прежнее правило: single-source (Tatoeba)
күренүдән	0	3	2	OpenSubtitles+Tatoeba	clean:CC-BY-2.0-FR	0.00	no	two-corpora	OpenSubtitles+Tatoeba
күрмисеңмени	0	3	2	OpenSubtitles+Tatoeba	clean:CC-BY-2.0-FR	0.00	no	two-corpora	OpenSubtitles+Tatoeba
күрсәттегезме	0	3	3	Tatoeba	clean:CC-BY-2.0-FR	0.00	no	operator-widened	прежнее правило: single-source (Tatoeba)
күрсәтәчәкмен	0	3	0	OpenSubtitles	risk-accepted:no-grant	0.00	no	operator-widened	прежнее правило: single-source (OpenSubtitles)
күрүемне	0	3	2	OpenSubtitles+Tatoeba	clean:CC-BY-2.0-FR	0.00	no	two-corpora	OpenSubtitles+Tatoeba
күтәрдең	0	3	0	OpenSubtitles	risk-accepted:no-grant	0.00	no	operator-widened	прежнее правило: single-source (OpenSubtitles)
күченүдә	0	3	3	Tatoeba	clean:CC-BY-2.0-FR	0.00	no	operator-widened	прежнее правило: single-source (Tatoeba)
күчердең	0	3	0	OpenSubtitles	risk-accepted:no-grant	0.00	no	operator-widened	прежнее правило: single-source (OpenSubtitles)
күңелсезлектән	0	3	2	OpenSubtitles+Tatoeba	clean:CC-BY-2.0-FR	0.00	no	two-corpora	OpenSubtitles+Tatoeba
күңелсезләнмә	0	3	1	OpenSubtitles+Tatoeba	clean:CC-BY-2.0-FR	0.00	no	two-corpora	OpenSubtitles+Tatoeba
кәвеш	0	3	0	OpenSubtitles	risk-accepted:no-grant	0.00	no	operator-widened	прежнее правило: single-source (OpenSubtitles)
кәсәбә	0	3	3	Tatoeba	clean:CC-BY-2.0-FR	0.00	no	operator-widened	прежнее правило: single-source (Tatoeba)
кәүсәсендә	0	3	1	OpenSubtitles+Tatoeba	clean:CC-BY-2.0-FR	0.00	no	two-corpora	OpenSubtitles+Tatoeba
көбәне	0	3	0	OpenSubtitles	risk-accepted:no-grant	0.00	no	operator-widened	прежнее правило: single-source (OpenSubtitles)
көбәсе	0	3	1	OpenSubtitles+Tatoeba	clean:CC-BY-2.0-FR	0.00	no	two-corpora	OpenSubtitles+Tatoeba
көзме	0	3	3	Tatoeba	clean:CC-BY-2.0-FR	0.00	no	operator-widened	прежнее правило: single-source (Tatoeba)
көймәң	0	3	0	OpenSubtitles	risk-accepted:no-grant	0.00	no	operator-widened	прежнее правило: single-source (OpenSubtitles)
көлдер	0	3	0	OpenSubtitles	risk-accepted:no-grant	0.00	no	operator-widened	прежнее правило: single-source (OpenSubtitles)
көлмәгез	0	3	3	Tatoeba	clean:CC-BY-2.0-FR	0.00	no	operator-widened	прежнее правило: single-source (Tatoeba)
көлмәс	0	3	3	Tatoeba	clean:CC-BY-2.0-FR	0.00	no	operator-widened	прежнее правило: single-source (Tatoeba)
көлмәскә	0	3	3	Tatoeba	clean:CC-BY-2.0-FR	0.00	no	operator-widened	прежнее правило: single-source (Tatoeba)
көнләштерергә	0	3	3	Tatoeba	clean:CC-BY-2.0-FR	0.00	no	operator-widened	прежнее правило: single-source (Tatoeba)
көнләшәсеңме	0	3	1	OpenSubtitles+Tatoeba	clean:CC-BY-2.0-FR	0.00	no	two-corpora	OpenSubtitles+Tatoeba
көннәремне	0	3	1	OpenSubtitles+Tatoeba	clean:CC-BY-2.0-FR	0.00	no	two-corpora	OpenSubtitles+Tatoeba
көтсәк	0	3	0	OpenSubtitles	risk-accepted:no-grant	0.00	no	operator-widened	прежнее правило: single-source (OpenSubtitles)
көттеңме	0	3	1	OpenSubtitles+Tatoeba	clean:CC-BY-2.0-FR	0.00	no	two-corpora	OpenSubtitles+Tatoeba
көтәрлек	0	3	3	Tatoeba	clean:CC-BY-2.0-FR	0.00	no	operator-widened	прежнее правило: single-source (Tatoeba)
көтәрләр	0	3	2	OpenSubtitles+Tatoeba	clean:CC-BY-2.0-FR	0.50	no	operator-widened	прежнее правило: proper-noun-evidence (cap_ratio=0.50>=0.50)
көтәсем	0	3	1	OpenSubtitles+Tatoeba	clean:CC-BY-2.0-FR	0.00	no	two-corpora	OpenSubtitles+Tatoeba
көчеге	0	3	2	OpenSubtitles+Tatoeba	clean:CC-BY-2.0-FR	0.00	no	two-corpora	OpenSubtitles+Tatoeba
лабарбара	0	3	0	OpenSubtitles	risk-accepted:no-grant	1.00	no	operator-widened	прежнее правило: proper-noun-evidence (cap_ratio=1.00>=0.50)
лабораториядән	0	3	0	OpenSubtitles	risk-accepted:no-grant	0.00	no	operator-widened	прежнее правило: single-source (OpenSubtitles)
лайм	0	3	0	OpenSubtitles	risk-accepted:no-grant	0.00	no	operator-widened	прежнее правило: single-source (OpenSubtitles)
лакей	0	3	0	OpenSubtitles	risk-accepted:no-grant	0.00	no	operator-widened	прежнее правило: single-source (OpenSubtitles)
ланнистерлар	0	3	0	OpenSubtitles	risk-accepted:no-grant	1.00	no	operator-widened	прежнее правило: proper-noun-evidence (cap_ratio=1.00>=0.50)
лафлёрны	0	3	0	OpenSubtitles	risk-accepted:no-grant	1.00	no	operator-widened	прежнее правило: proper-noun-evidence (cap_ratio=1.00>=0.50)
лашад	0	3	0	OpenSubtitles	risk-accepted:no-grant	1.00	no	operator-widened	прежнее правило: proper-noun-evidence (cap_ratio=1.00>=0.50)
лилага	0	3	0	OpenSubtitles	risk-accepted:no-grant	1.00	no	operator-widened	прежнее правило: proper-noun-evidence (cap_ratio=1.00>=0.50)
линд	0	3	0	OpenSubtitles	risk-accepted:no-grant	1.00	no	operator-widened	прежнее правило: proper-noun-evidence (cap_ratio=1.00>=0.50)
лонг	0	3	0	OpenSubtitles	risk-accepted:no-grant	1.00	no	operator-widened	прежнее правило: proper-noun-evidence (cap_ratio=1.00>=0.50)
лонгботтом	0	3	0	OpenSubtitles	risk-accepted:no-grant	1.00	no	operator-widened	прежнее правило: proper-noun-evidence (cap_ratio=1.00>=0.50)
лыгырдады	0	3	3	Tatoeba	clean:CC-BY-2.0-FR	0.00	no	operator-widened	прежнее правило: single-source (Tatoeba)
маггл	0	3	0	OpenSubtitles	risk-accepted:no-grant	0.00	no	operator-widened	прежнее правило: single-source (OpenSubtitles)
магнитарның	0	3	0	OpenSubtitles	risk-accepted:no-grant	0.00	no	operator-widened	прежнее правило: single-source (OpenSubtitles)
майами	0	3	0	OpenSubtitles	risk-accepted:no-grant	1.00	no	operator-widened	прежнее правило: proper-noun-evidence (cap_ratio=1.00>=0.50)
майклның	0	3	1	OpenSubtitles+Tatoeba	clean:CC-BY-2.0-FR	1.00	no	operator-widened	прежнее правило: proper-noun-evidence (cap_ratio=1.00>=0.50)
макароннар	0	3	1	OpenSubtitles+Tatoeba	clean:CC-BY-2.0-FR	0.00	no	two-corpora	OpenSubtitles+Tatoeba
макдугал	0	3	0	OpenSubtitles	risk-accepted:no-grant	1.00	no	operator-widened	прежнее правило: proper-noun-evidence (cap_ratio=1.00>=0.50)
максатмы	0	3	0	OpenSubtitles	risk-accepted:no-grant	0.00	no	operator-widened	прежнее правило: single-source (OpenSubtitles)
мактан	0	3	3	Tatoeba	clean:CC-BY-2.0-FR	0.00	no	operator-widened	прежнее правило: single-source (Tatoeba)
малайларың	0	3	0	OpenSubtitles	risk-accepted:no-grant	0.00	no	operator-widened	прежнее правило: single-source (OpenSubtitles)
мандалор	0	3	0	OpenSubtitles	risk-accepted:no-grant	0.33	no	operator-widened	прежнее правило: single-source (OpenSubtitles)
мансон	0	3	0	OpenSubtitles	risk-accepted:no-grant	1.00	no	operator-widened	прежнее правило: proper-noun-evidence (cap_ratio=1.00>=0.50)
мантыйгын	0	3	3	Tatoeba	clean:CC-BY-2.0-FR	0.00	no	operator-widened	прежнее правило: single-source (Tatoeba)
маршалның	0	3	0	OpenSubtitles	risk-accepted:no-grant	0.00	no	operator-widened	прежнее правило: single-source (OpenSubtitles)
марҗамы	0	3	3	Tatoeba	clean:CC-BY-2.0-FR	0.00	no	operator-widened	прежнее правило: single-source (Tatoeba)
матай	0	3	0	OpenSubtitles	risk-accepted:no-grant	0.00	no	operator-widened	прежнее правило: single-source (OpenSubtitles)
машинагыз	0	3	3	Tatoeba	clean:CC-BY-2.0-FR	0.00	no	operator-widened	прежнее правило: single-source (Tatoeba)
медуза	0	3	1	OpenSubtitles+Tatoeba	clean:CC-BY-2.0-FR	0.33	no	two-corpora	OpenSubtitles+Tatoeba
медузалар	0	3	3	Tatoeba	clean:CC-BY-2.0-FR	0.00	no	operator-widened	прежнее правило: single-source (Tatoeba)
мембата	0	3	0	OpenSubtitles	risk-accepted:no-grant	1.00	no	operator-widened	прежнее правило: proper-noun-evidence (cap_ratio=1.00>=0.50)
мемфис	0	3	0	OpenSubtitles	risk-accepted:no-grant	1.00	no	operator-widened	прежнее правило: proper-noun-evidence (cap_ratio=1.00>=0.50)
мескенне	0	3	1	OpenSubtitles+Tatoeba	clean:CC-BY-2.0-FR	0.00	no	two-corpora	OpenSubtitles+Tatoeba
метастазлар	0	3	0	OpenSubtitles	risk-accepted:no-grant	0.00	no	operator-widened	прежнее правило: single-source (OpenSubtitles)
миегез	0	3	1	OpenSubtitles+Tatoeba	clean:CC-BY-2.0-FR	0.00	no	two-corpora	OpenSubtitles+Tatoeba
миеңне	0	3	2	OpenSubtitles+Tatoeba	clean:CC-BY-2.0-FR	0.00	no	two-corpora	OpenSubtitles+Tatoeba
мик	0	3	0	OpenSubtitles	risk-accepted:no-grant	1.00	no	operator-widened	прежнее правило: proper-noun-evidence (cap_ratio=1.00>=0.50)
микрокомпьютер	0	3	0	OpenSubtitles	risk-accepted:no-grant	0.00	no	operator-widened	прежнее правило: single-source (OpenSubtitles)
мильдә	0	3	0	OpenSubtitles	risk-accepted:no-grant	0.00	no	operator-widened	прежнее правило: single-source (OpenSubtitles)
минди	0	3	0	OpenSubtitles	risk-accepted:no-grant	1.00	no	operator-widened	прежнее правило: proper-noun-evidence (cap_ratio=1.00>=0.50)
минекеләре	0	3	0	OpenSubtitles	risk-accepted:no-grant	0.00	no	operator-widened	прежнее правило: single-source (OpenSubtitles)
мистериога	0	3	0	OpenSubtitles	risk-accepted:no-grant	0.00	no	operator-widened	прежнее правило: single-source (OpenSubtitles)
мияу	0	3	2	OpenSubtitles+Tatoeba	clean:CC-BY-2.0-FR	0.00	no	two-corpora	OpenSubtitles+Tatoeba
молчановский	0	3	0	OpenSubtitles	risk-accepted:no-grant	1.00	no	operator-widened	прежнее правило: proper-noun-evidence (cap_ratio=1.00>=0.50)
монтан	0	3	0	OpenSubtitles	risk-accepted:no-grant	1.00	no	operator-widened	прежнее правило: proper-noun-evidence (cap_ratio=1.00>=0.50)
монымы	0	3	0	OpenSubtitles	risk-accepted:no-grant	0.00	no	operator-widened	прежнее правило: single-source (OpenSubtitles)
мораг	0	3	0	OpenSubtitles	risk-accepted:no-grant	0.00	no	operator-widened	прежнее правило: single-source (OpenSubtitles)
морбо	0	3	0	OpenSubtitles	risk-accepted:no-grant	1.00	no	operator-widened	прежнее правило: proper-noun-evidence (cap_ratio=1.00>=0.50)
мордо	0	3	0	OpenSubtitles	risk-accepted:no-grant	1.00	no	operator-widened	прежнее правило: proper-noun-evidence (cap_ratio=1.00>=0.50)
мориарти	0	3	0	OpenSubtitles	risk-accepted:no-grant	1.00	no	operator-widened	прежнее правило: proper-noun-evidence (cap_ratio=1.00>=0.50)
моторны	0	3	3	Tatoeba	clean:CC-BY-2.0-FR	0.00	no	operator-widened	прежнее правило: single-source (Tatoeba)
муенсасын	0	3	1	OpenSubtitles+Tatoeba	clean:CC-BY-2.0-FR	0.00	no	two-corpora	OpenSubtitles+Tatoeba
музыкачы	0	3	3	Tatoeba	clean:CC-BY-2.0-FR	0.00	no	operator-widened	прежнее правило: single-source (Tatoeba)
мускуллы	0	3	1	OpenSubtitles+Tatoeba	clean:CC-BY-2.0-FR	0.00	no	two-corpora	OpenSubtitles+Tatoeba
мыжык	0	3	0	OpenSubtitles	risk-accepted:no-grant	0.00	no	operator-widened	прежнее правило: single-source (OpenSubtitles)
мэнди	0	3	0	OpenSubtitles	risk-accepted:no-grant	1.00	no	operator-widened	прежнее правило: proper-noun-evidence (cap_ratio=1.00>=0.50)
мэнтис	0	3	0	OpenSubtitles	risk-accepted:no-grant	1.00	no	operator-widened	прежнее правило: proper-noun-evidence (cap_ratio=1.00>=0.50)
мәгарәләрдән	0	3	0	OpenSubtitles	risk-accepted:no-grant	0.00	no	operator-widened	прежнее правило: single-source (OpenSubtitles)
мәчкәйләргә	0	3	0	OpenSubtitles	risk-accepted:no-grant	0.00	no	operator-widened	прежнее правило: single-source (OpenSubtitles)
мәчкәйнең	0	3	0	OpenSubtitles	risk-accepted:no-grant	0.00	no	operator-widened	прежнее правило: single-source (OpenSubtitles)
мөгамәләне	0	3	2	OpenSubtitles+Tatoeba	clean:CC-BY-2.0-FR	0.00	no	two-corpora	OpenSubtitles+Tatoeba
мөгезенә	0	3	2	OpenSubtitles+Tatoeba	clean:CC-BY-2.0-FR	0.00	no	two-corpora	OpenSubtitles+Tatoeba
мөгәен	0	3	0	OpenSubtitles	risk-accepted:no-grant	0.00	no	operator-widened	прежнее правило: single-source (OpenSubtitles)
мөмкинлектә	0	3	0	OpenSubtitles	risk-accepted:no-grant	0.00	no	operator-widened	прежнее правило: single-source (OpenSubtitles)
мөһимрәкме	0	3	0	OpenSubtitles	risk-accepted:no-grant	0.00	no	operator-widened	прежнее правило: single-source (OpenSubtitles)
наданнарга	0	3	2	OpenSubtitles+Tatoeba	clean:CC-BY-2.0-FR	0.00	no	two-corpora	OpenSubtitles+Tatoeba
намастэ	0	3	0	OpenSubtitles	risk-accepted:no-grant	0.00	no	operator-widened	прежнее правило: single-source (OpenSubtitles)
намусыңны	0	3	3	Tatoeba	clean:CC-BY-2.0-FR	0.00	no	operator-widened	прежнее правило: single-source (Tatoeba)
нейроннар	0	3	1	OpenSubtitles+Tatoeba	clean:CC-BY-2.0-FR	0.00	no	two-corpora	OpenSubtitles+Tatoeba
неоны	0	3	0	OpenSubtitles	risk-accepted:no-grant	1.00	no	operator-widened	прежнее правило: proper-noun-evidence (cap_ratio=1.00>=0.50)
нефрит	0	3	0	OpenSubtitles	risk-accepted:no-grant	0.00	no	operator-widened	прежнее правило: single-source (OpenSubtitles)
никотинлы	0	3	0	OpenSubtitles	risk-accepted:no-grant	0.00	no	operator-widened	прежнее правило: single-source (OpenSubtitles)
нимбуска	0	3	0	OpenSubtitles	risk-accepted:no-grant	1.00	no	operator-widened	прежнее правило: proper-noun-evidence (cap_ratio=1.00>=0.50)
ничәне	0	3	0	OpenSubtitles	risk-accepted:no-grant	0.00	no	operator-widened	прежнее правило: single-source (OpenSubtitles)
нишлиячәксең	0	3	0	OpenSubtitles	risk-accepted:no-grant	0.00	no	operator-widened	прежнее правило: single-source (OpenSubtitles)
номерым	0	3	3	Tatoeba	clean:CC-BY-2.0-FR	0.00	no	operator-widened	прежнее правило: single-source (Tatoeba)
норвуд	0	3	0	OpenSubtitles	risk-accepted:no-grant	1.00	no	operator-widened	прежнее правило: proper-noun-evidence (cap_ratio=1.00>=0.50)
нормальме	0	3	3	Tatoeba	clean:CC-BY-2.0-FR	0.00	no	operator-widened	прежнее правило: single-source (Tatoeba)
норск	0	3	0	OpenSubtitles	risk-accepted:no-grant	1.00	no	operator-widened	прежнее правило: proper-noun-evidence (cap_ratio=1.00>=0.50)
ныгыт	0	3	0	OpenSubtitles	risk-accepted:no-grant	0.00	no	operator-widened	прежнее правило: single-source (OpenSubtitles)
нэтны	0	3	0	OpenSubtitles	risk-accepted:no-grant	1.00	no	operator-widened	прежнее правило: proper-noun-evidence (cap_ratio=1.00>=0.50)
нәмәзмәте	0	3	0	OpenSubtitles	risk-accepted:no-grant	0.00	no	operator-widened	прежнее правило: single-source (OpenSubtitles)
обручевны	0	3	0	OpenSubtitles	risk-accepted:no-grant	1.00	no	operator-widened	прежнее правило: proper-noun-evidence (cap_ratio=1.00>=0.50)
оеды	0	3	2	OpenSubtitles+Tatoeba	clean:CC-BY-2.0-FR	0.00	no	two-corpora	OpenSubtitles+Tatoeba
омега	0	3	1	OpenSubtitles+Tatoeba	clean:CC-BY-2.0-FR	0.00	no	two-corpora	OpenSubtitles+Tatoeba
онытмасам	0	3	1	OpenSubtitles+Tatoeba	clean:CC-BY-2.0-FR	0.50	no	operator-widened	прежнее правило: proper-noun-evidence (cap_ratio=0.50>=0.50)
онытчак	0	3	3	Tatoeba	clean:CC-BY-2.0-FR	0.00	no	operator-widened	прежнее правило: single-source (Tatoeba)
ооп	0	3	0	OpenSubtitles	risk-accepted:no-grant	0.00	no	operator-widened	прежнее правило: single-source (OpenSubtitles)
оп	0	3	0	OpenSubtitles	risk-accepted:no-grant	0.50	no	operator-widened	прежнее правило: proper-noun-evidence (cap_ratio=0.50>=0.50)
операциясез	0	3	0	OpenSubtitles	risk-accepted:no-grant	0.00	no	operator-widened	прежнее правило: single-source (OpenSubtitles)
оптимус	0	3	0	OpenSubtitles	risk-accepted:no-grant	1.00	no	operator-widened	прежнее правило: proper-noun-evidence (cap_ratio=1.00>=0.50)
орбитасына	0	3	0	OpenSubtitles	risk-accepted:no-grant	0.00	no	operator-widened	прежнее правило: single-source (OpenSubtitles)
оргокорпның	0	3	0	OpenSubtitles	risk-accepted:no-grant	1.00	no	operator-widened	прежнее правило: proper-noun-evidence (cap_ratio=1.00>=0.50)
остадан	0	3	3	Tatoeba	clean:CC-BY-2.0-FR	0.00	no	operator-widened	прежнее правило: single-source (Tatoeba)
остамы	0	3	1	OpenSubtitles+Tatoeba	clean:CC-BY-2.0-FR	0.00	no	two-corpora	OpenSubtitles+Tatoeba
остинны	0	3	0	OpenSubtitles	risk-accepted:no-grant	1.00	no	operator-widened	прежнее правило: proper-noun-evidence (cap_ratio=1.00>=0.50)
оттырдың	0	3	1	OpenSubtitles+Tatoeba	clean:CC-BY-2.0-FR	0.00	no	two-corpora	OpenSubtitles+Tatoeba
отчетны	0	3	3	Tatoeba	clean:CC-BY-2.0-FR	0.00	no	operator-widened	прежнее правило: single-source (Tatoeba)
официантны	0	3	0	OpenSubtitles	risk-accepted:no-grant	0.00	no	operator-widened	прежнее правило: single-source (OpenSubtitles)
охшаганмын	0	3	1	OpenSubtitles+Tatoeba	clean:CC-BY-2.0-FR	0.00	no	two-corpora	OpenSubtitles+Tatoeba
очмас	0	3	2	OpenSubtitles+Tatoeba	clean:CC-BY-2.0-FR	0.00	no	two-corpora	OpenSubtitles+Tatoeba
очратканымны	0	3	3	Tatoeba	clean:CC-BY-2.0-FR	0.00	no	operator-widened	прежнее правило: single-source (Tatoeba)
очраттың	0	3	1	OpenSubtitles+Tatoeba	clean:CC-BY-2.0-FR	0.00	no	two-corpora	OpenSubtitles+Tatoeba
очрашасым	0	3	2	OpenSubtitles+Tatoeba	clean:CC-BY-2.0-FR	0.00	no	two-corpora	OpenSubtitles+Tatoeba
очрашмадым	0	3	2	OpenSubtitles+Tatoeba	clean:CC-BY-2.0-FR	0.00	no	two-corpora	OpenSubtitles+Tatoeba
очраштың	0	3	3	Tatoeba	clean:CC-BY-2.0-FR	0.00	no	operator-widened	прежнее правило: single-source (Tatoeba)
очуга	0	3	0	OpenSubtitles	risk-accepted:no-grant	0.00	no	operator-widened	прежнее правило: single-source (OpenSubtitles)
очыгыз	0	3	1	OpenSubtitles+Tatoeba	clean:CC-BY-2.0-FR	0.00	no	two-corpora	OpenSubtitles+Tatoeba
ошадым	0	3	2	OpenSubtitles+Tatoeba	clean:CC-BY-2.0-FR	0.00	no	two-corpora	OpenSubtitles+Tatoeba
ошадың	0	3	0	OpenSubtitles	risk-accepted:no-grant	0.00	no	operator-widened	прежнее правило: single-source (OpenSubtitles)
ошамыйм	0	3	1	OpenSubtitles+Tatoeba	clean:CC-BY-2.0-FR	0.00	no	two-corpora	OpenSubtitles+Tatoeba
ошарлык	0	3	2	OpenSubtitles+Tatoeba	clean:CC-BY-2.0-FR	0.00	no	two-corpora	OpenSubtitles+Tatoeba
ошыйсыз	0	3	0	OpenSubtitles	risk-accepted:no-grant	0.00	no	operator-widened	прежнее правило: single-source (OpenSubtitles)
оялмаган	0	3	3	Tatoeba	clean:CC-BY-2.0-FR	0.00	no	operator-widened	прежнее правило: single-source (Tatoeba)
оялмыйм	0	3	1	OpenSubtitles+Tatoeba	clean:CC-BY-2.0-FR	0.00	no	two-corpora	OpenSubtitles+Tatoeba
оятсызның	0	3	3	Tatoeba	clean:CC-BY-2.0-FR	0.00	no	operator-widened	прежнее правило: single-source (Tatoeba)
оҗмахы	0	3	0	OpenSubtitles	risk-accepted:no-grant	0.00	no	operator-widened	прежнее правило: single-source (OpenSubtitles)
пальм	0	3	0	OpenSubtitles	risk-accepted:no-grant	1.00	no	operator-widened	прежнее правило: proper-noun-evidence (cap_ratio=1.00>=0.50)
пальтоңны	0	3	3	Tatoeba	clean:CC-BY-2.0-FR	0.00	no	operator-widened	прежнее правило: single-source (Tatoeba)
папкада	0	3	0	OpenSubtitles	risk-accepted:no-grant	0.00	no	operator-widened	прежнее правило: single-source (OpenSubtitles)
парадоксы	0	3	0	OpenSubtitles	risk-accepted:no-grant	0.00	no	operator-widened	прежнее правило: single-source (OpenSubtitles)
паркерга	0	3	0	OpenSubtitles	risk-accepted:no-grant	1.00	no	operator-widened	прежнее правило: proper-noun-evidence (cap_ratio=1.00>=0.50)
патшалыкны	0	3	0	OpenSubtitles	risk-accepted:no-grant	0.67	no	operator-widened	прежнее правило: proper-noun-evidence (cap_ratio=0.67>=0.50)
паундер	0	3	0	OpenSubtitles	risk-accepted:no-grant	0.00	no	operator-widened	прежнее правило: single-source (OpenSubtitles)
пеннига	0	3	0	OpenSubtitles	risk-accepted:no-grant	1.00	no	operator-widened	прежнее правило: proper-noun-evidence (cap_ratio=1.00>=0.50)
перси	0	3	1	OpenSubtitles+Tatoeba	clean:CC-BY-2.0-FR	1.00	no	operator-widened	прежнее правило: proper-noun-evidence (cap_ratio=1.00>=0.50)
пештем	0	3	1	OpenSubtitles+Tatoeba	clean:CC-BY-2.0-FR	0.00	no	two-corpora	OpenSubtitles+Tatoeba
пешәр	0	3	3	Tatoeba	clean:CC-BY-2.0-FR	0.00	no	operator-widened	прежнее правило: single-source (Tatoeba)
пикникка	0	3	0	OpenSubtitles	risk-accepted:no-grant	0.00	no	operator-widened	прежнее правило: single-source (OpenSubtitles)
пинг	0	3	0	OpenSubtitles	risk-accepted:no-grant	0.50	no	operator-widened	прежнее правило: proper-noun-evidence (cap_ratio=0.50>=0.50)
пирс	0	3	0	OpenSubtitles	risk-accepted:no-grant	1.00	no	operator-widened	прежнее правило: proper-noun-evidence (cap_ratio=1.00>=0.50)
планетабыздагы	0	3	1	OpenSubtitles+Tatoeba	clean:CC-BY-2.0-FR	0.00	no	two-corpora	OpenSubtitles+Tatoeba
планетасыннан	0	3	0	OpenSubtitles	risk-accepted:no-grant	0.00	no	operator-widened	прежнее правило: single-source (OpenSubtitles)
планнарың	0	3	3	Tatoeba	clean:CC-BY-2.0-FR	0.00	no	operator-widened	прежнее правило: single-source (Tatoeba)
планым	0	3	3	Tatoeba	clean:CC-BY-2.0-FR	0.00	no	operator-widened	прежнее правило: single-source (Tatoeba)
платиналы	0	3	0	OpenSubtitles	risk-accepted:no-grant	0.00	no	operator-widened	прежнее правило: single-source (OpenSubtitles)
портсигар	0	3	0	OpenSubtitles	risk-accepted:no-grant	0.00	no	operator-widened	прежнее правило: single-source (OpenSubtitles)
пошкырып	0	3	3	Tatoeba	clean:CC-BY-2.0-FR	0.00	no	operator-widened	прежнее правило: single-source (Tatoeba)
прайс	0	3	0	OpenSubtitles	risk-accepted:no-grant	1.00	no	operator-widened	прежнее правило: proper-noun-evidence (cap_ratio=1.00>=0.50)
принцессаны	0	3	3	Tatoeba	clean:CC-BY-2.0-FR	0.00	no	operator-widened	прежнее правило: single-source (Tatoeba)
проблемнарың	0	3	3	Tatoeba	clean:CC-BY-2.0-FR	0.00	no	operator-widened	прежнее правило: single-source (Tatoeba)
процессорына	0	3	0	OpenSubtitles	risk-accepted:no-grant	0.00	no	operator-widened	прежнее правило: single-source (OpenSubtitles)
пудинг	0	3	0	OpenSubtitles	risk-accepted:no-grant	1.00	no	operator-widened	прежнее правило: proper-noun-evidence (cap_ratio=1.00>=0.50)
пычранса	0	3	2	OpenSubtitles+Tatoeba	clean:CC-BY-2.0-FR	0.00	no	two-corpora	OpenSubtitles+Tatoeba
пэп	0	3	0	OpenSubtitles	risk-accepted:no-grant	1.00	no	operator-widened	прежнее правило: proper-noun-evidence (cap_ratio=1.00>=0.50)
пәрәвезен	0	3	2	OpenSubtitles+Tatoeba	clean:CC-BY-2.0-FR	0.00	no	two-corpora	OpenSubtitles+Tatoeba
расс	0	3	0	OpenSubtitles	risk-accepted:no-grant	1.00	no	operator-widened	прежнее правило: proper-noun-evidence (cap_ratio=1.00>=0.50)
реймонд	0	3	0	OpenSubtitles	risk-accepted:no-grant	1.00	no	operator-widened	прежнее правило: proper-noun-evidence (cap_ratio=1.00>=0.50)
рейсында	0	3	0	OpenSubtitles	risk-accepted:no-grant	0.00	no	operator-widened	прежнее правило: single-source (OpenSubtitles)
ресторандагы	0	3	1	OpenSubtitles+Tatoeba	clean:CC-BY-2.0-FR	0.00	no	two-corpora	OpenSubtitles+Tatoeba
розен	0	3	0	OpenSubtitles	risk-accepted:no-grant	0.00	no	operator-widened	прежнее правило: single-source (OpenSubtitles)
ройс	0	3	0	OpenSubtitles	risk-accepted:no-grant	0.00	no	operator-widened	прежнее правило: single-source (OpenSubtitles)
рухларны	0	3	1	OpenSubtitles+Tatoeba	clean:CC-BY-2.0-FR	0.00	no	two-corpora	OpenSubtitles+Tatoeba
рәнҗетәсең	0	3	2	OpenSubtitles+Tatoeba	clean:CC-BY-2.0-FR	0.00	no	two-corpora	OpenSubtitles+Tatoeba
рөхсәтегез	0	3	2	OpenSubtitles+Tatoeba	clean:CC-BY-2.0-FR	0.00	no	two-corpora	OpenSubtitles+Tatoeba
сабырлыгым	0	3	2	OpenSubtitles+Tatoeba	clean:CC-BY-2.0-FR	0.00	no	two-corpora	OpenSubtitles+Tatoeba
савыгыр	0	3	1	OpenSubtitles+Tatoeba	clean:CC-BY-2.0-FR	0.00	no	two-corpora	OpenSubtitles+Tatoeba
савыгырга	0	3	0	OpenSubtitles	risk-accepted:no-grant	0.00	no	operator-widened	прежнее правило: single-source (OpenSubtitles)
сагынасың	0	3	0	OpenSubtitles	risk-accepted:no-grant	0.00	no	operator-widened	прежнее правило: single-source (OpenSubtitles)
сагынды	0	3	1	OpenSubtitles+Tatoeba	clean:CC-BY-2.0-FR	0.00	no	two-corpora	OpenSubtitles+Tatoeba
сазын	0	3	2	OpenSubtitles+Tatoeba	clean:CC-BY-2.0-FR	0.00	no	two-corpora	OpenSubtitles+Tatoeba
сайланганның	0	3	0	OpenSubtitles	risk-accepted:no-grant	0.00	no	operator-widened	прежнее правило: single-source (OpenSubtitles)
сайларлык	0	3	1	OpenSubtitles+Tatoeba	clean:CC-BY-2.0-FR	0.00	no	two-corpora	OpenSubtitles+Tatoeba
сайлыйсыз	0	3	0	OpenSubtitles	risk-accepted:no-grant	0.00	no	operator-widened	прежнее правило: single-source (OpenSubtitles)
сайлыкка	0	3	0	OpenSubtitles	risk-accepted:no-grant	0.00	no	operator-widened	прежнее правило: single-source (OpenSubtitles)
сайлыкта	0	3	1	OpenSubtitles+Tatoeba	clean:CC-BY-2.0-FR	0.00	no	two-corpora	OpenSubtitles+Tatoeba
сайонара	0	3	0	OpenSubtitles	risk-accepted:no-grant	0.00	no	operator-widened	прежнее правило: single-source (OpenSubtitles)
сайрамый	0	3	3	Tatoeba	clean:CC-BY-2.0-FR	0.00	no	operator-widened	прежнее правило: single-source (Tatoeba)
салдырдым	0	3	0	OpenSubtitles	risk-accepted:no-grant	0.00	no	operator-widened	прежнее правило: single-source (OpenSubtitles)
салдыңмы	0	3	1	OpenSubtitles+Tatoeba	clean:CC-BY-2.0-FR	0.00	no	two-corpora	OpenSubtitles+Tatoeba
салы	0	3	1	OpenSubtitles+Tatoeba	clean:CC-BY-2.0-FR	0.00	no	two-corpora	OpenSubtitles+Tatoeba
салышмагыз	0	3	3	Tatoeba	clean:CC-BY-2.0-FR	0.00	no	operator-widened	прежнее правило: single-source (Tatoeba)
санаганны	0	3	3	Tatoeba	clean:CC-BY-2.0-FR	0.00	no	operator-widened	прежнее правило: single-source (Tatoeba)
сантаның	0	3	0	OpenSubtitles	risk-accepted:no-grant	1.00	no	operator-widened	прежнее правило: proper-noun-evidence (cap_ratio=1.00>=0.50)
саным	0	3	2	OpenSubtitles+Tatoeba	clean:CC-BY-2.0-FR	0.00	no	two-corpora	OpenSubtitles+Tatoeba
сарыкылыч	0	3	3	Tatoeba	clean:CC-BY-2.0-FR	1.00	no	operator-widened	прежнее правило: proper-noun-evidence (cap_ratio=1.00>=0.50)
саташтым	0	3	1	OpenSubtitles+Tatoeba	clean:CC-BY-2.0-FR	0.00	no	two-corpora	OpenSubtitles+Tatoeba
сато	0	3	1	OpenSubtitles+Tatoeba	clean:CC-BY-2.0-FR	0.00	no	two-corpora	OpenSubtitles+Tatoeba
сатырның	0	3	0	OpenSubtitles	risk-accepted:no-grant	1.00	no	operator-widened	прежнее правило: proper-noun-evidence (cap_ratio=1.00>=0.50)
сафсатаны	0	3	2	OpenSubtitles+Tatoeba	clean:CC-BY-2.0-FR	0.00	no	two-corpora	OpenSubtitles+Tatoeba
сафсатасы	0	3	1	OpenSubtitles+Tatoeba	clean:CC-BY-2.0-FR	0.00	no	two-corpora	OpenSubtitles+Tatoeba
свитерын	0	3	3	Tatoeba	clean:CC-BY-2.0-FR	0.00	no	operator-widened	прежнее правило: single-source (Tatoeba)
сезнекеннән	0	3	2	OpenSubtitles+Tatoeba	clean:CC-BY-2.0-FR	0.00	no	two-corpora	OpenSubtitles+Tatoeba
селкен	0	3	2	OpenSubtitles+Tatoeba	clean:CC-BY-2.0-FR	0.00	no	two-corpora	OpenSubtitles+Tatoeba
сенсоры	0	3	0	OpenSubtitles	risk-accepted:no-grant	0.00	no	operator-widened	прежнее правило: single-source (OpenSubtitles)
серең	0	3	1	OpenSubtitles+Tatoeba	clean:CC-BY-2.0-FR	0.00	no	two-corpora	OpenSubtitles+Tatoeba
серләреңне	0	3	2	OpenSubtitles+Tatoeba	clean:CC-BY-2.0-FR	0.00	no	two-corpora	OpenSubtitles+Tatoeba
серсүзең	0	3	0	OpenSubtitles	risk-accepted:no-grant	0.00	no	operator-widened	прежнее правило: single-source (OpenSubtitles)
сеңлегез	0	3	0	OpenSubtitles	risk-accepted:no-grant	0.00	no	operator-widened	прежнее правило: single-source (OpenSubtitles)
сигән	0	3	0	OpenSubtitles	risk-accepted:no-grant	0.00	no	operator-widened	прежнее правило: single-source (OpenSubtitles)
сикерегез	0	3	2	OpenSubtitles+Tatoeba	clean:CC-BY-2.0-FR	0.00	no	two-corpora	OpenSubtitles+Tatoeba
сикертә	0	3	1	OpenSubtitles+Tatoeba	clean:CC-BY-2.0-FR	0.00	no	two-corpora	OpenSubtitles+Tatoeba
симпутрон	0	3	0	OpenSubtitles	risk-accepted:no-grant	1.00	no	operator-widened	прежнее правило: proper-noun-evidence (cap_ratio=1.00>=0.50)
синбад	0	3	0	OpenSubtitles	risk-accepted:no-grant	1.00	no	operator-widened	прежнее правило: proper-noun-evidence (cap_ratio=1.00>=0.50)
синдзюку	0	3	0	OpenSubtitles	risk-accepted:no-grant	0.00	no	operator-widened	прежнее правило: single-source (OpenSubtitles)
ситига	0	3	0	OpenSubtitles	risk-accepted:no-grant	1.00	no	operator-widened	прежнее правило: proper-noun-evidence (cap_ratio=1.00>=0.50)
ситикокуяма	0	3	0	OpenSubtitles	risk-accepted:no-grant	1.00	no	operator-widened	прежнее правило: proper-noun-evidence (cap_ratio=1.00>=0.50)
сихерли	0	3	0	OpenSubtitles	risk-accepted:no-grant	0.00	no	operator-widened	прежнее правило: single-source (OpenSubtitles)
сихерләр	0	3	0	OpenSubtitles	risk-accepted:no-grant	0.00	no	operator-widened	прежнее правило: single-source (OpenSubtitles)
сиңамы	0	3	0	OpenSubtitles	risk-accepted:no-grant	0.00	no	operator-widened	прежнее правило: single-source (OpenSubtitles)
смизмар	0	3	0	OpenSubtitles	risk-accepted:no-grant	0.00	no	operator-widened	прежнее правило: single-source (OpenSubtitles)
соравың	0	3	2	OpenSubtitles+Tatoeba	clean:CC-BY-2.0-FR	0.00	no	two-corpora	OpenSubtitles+Tatoeba
сораганнарның	0	3	3	Tatoeba	clean:CC-BY-2.0-FR	0.00	no	operator-widened	прежнее правило: single-source (Tatoeba)
сораганың	0	3	0	OpenSubtitles	risk-accepted:no-grant	0.00	no	operator-widened	прежнее правило: single-source (OpenSubtitles)
сорамасаң	0	3	1	OpenSubtitles+Tatoeba	clean:CC-BY-2.0-FR	0.00	no	two-corpora	OpenSubtitles+Tatoeba
сорарбыз	0	3	1	OpenSubtitles+Tatoeba	clean:CC-BY-2.0-FR	0.00	no	two-corpora	OpenSubtitles+Tatoeba
сораргамы	0	3	0	OpenSubtitles	risk-accepted:no-grant	0.00	no	operator-widened	прежнее правило: single-source (OpenSubtitles)
сораумы	0	3	0	OpenSubtitles	risk-accepted:no-grant	0.00	no	operator-widened	прежнее правило: single-source (OpenSubtitles)
соусын	0	3	0	OpenSubtitles	risk-accepted:no-grant	0.00	no	operator-widened	прежнее правило: single-source (OpenSubtitles)
соңардым	0	3	0	OpenSubtitles	risk-accepted:no-grant	0.00	no	operator-widened	прежнее правило: single-source (OpenSubtitles)
соңгарам	0	3	0	OpenSubtitles	risk-accepted:no-grant	0.00	no	operator-widened	прежнее правило: single-source (OpenSubtitles)
стальск	0	3	0	OpenSubtitles	risk-accepted:no-grant	1.00	no	operator-widened	прежнее правило: proper-noun-evidence (cap_ratio=1.00>=0.50)
старла	0	3	0	OpenSubtitles	risk-accepted:no-grant	1.00	no	operator-widened	прежнее правило: proper-noun-evidence (cap_ratio=1.00>=0.50)
стен	0	3	0	OpenSubtitles	risk-accepted:no-grant	1.00	no	operator-widened	прежнее правило: proper-noun-evidence (cap_ratio=1.00>=0.50)
стриминг	0	3	0	OpenSubtitles	risk-accepted:no-grant	0.00	no	operator-widened	прежнее правило: single-source (OpenSubtitles)
субатом	0	3	0	OpenSubtitles	risk-accepted:no-grant	0.00	no	operator-widened	прежнее правило: single-source (OpenSubtitles)
сугам	0	3	0	OpenSubtitles	risk-accepted:no-grant	0.00	no	operator-widened	прежнее правило: single-source (OpenSubtitles)
сугышасым	0	3	0	OpenSubtitles	risk-accepted:no-grant	0.00	no	operator-widened	прежнее правило: single-source (OpenSubtitles)
сугышудан	0	3	2	OpenSubtitles+Tatoeba	clean:CC-BY-2.0-FR	0.00	no	two-corpora	OpenSubtitles+Tatoeba
суйдым	0	3	0	OpenSubtitles	risk-accepted:no-grant	0.00	no	operator-widened	прежнее правило: single-source (OpenSubtitles)
сукеше	0	3	0	OpenSubtitles	risk-accepted:no-grant	0.00	no	operator-widened	прежнее правило: single-source (OpenSubtitles)
сукырайта	0	3	2	OpenSubtitles+Tatoeba	clean:CC-BY-2.0-FR	0.00	no	two-corpora	OpenSubtitles+Tatoeba
сумкамда	0	3	3	Tatoeba	clean:CC-BY-2.0-FR	0.00	no	operator-widened	прежнее правило: single-source (Tatoeba)
сумкамны	0	3	3	Tatoeba	clean:CC-BY-2.0-FR	0.00	no	operator-widened	прежнее правило: single-source (Tatoeba)
сумкаңа	0	3	3	Tatoeba	clean:CC-BY-2.0-FR	0.00	no	operator-widened	прежнее правило: single-source (Tatoeba)
сунарчылар	0	3	0	OpenSubtitles	risk-accepted:no-grant	0.00	no	operator-widened	прежнее правило: single-source (OpenSubtitles)
супербатыры	0	3	0	OpenSubtitles	risk-accepted:no-grant	0.00	no	operator-widened	прежнее правило: single-source (OpenSubtitles)
суперяман	0	3	0	OpenSubtitles	risk-accepted:no-grant	0.00	no	operator-widened	прежнее правило: single-source (OpenSubtitles)
сурәтнең	0	3	3	Tatoeba	clean:CC-BY-2.0-FR	0.00	no	operator-widened	прежнее правило: single-source (Tatoeba)
сусадыңмы	0	3	2	OpenSubtitles+Tatoeba	clean:CC-BY-2.0-FR	0.00	no	two-corpora	OpenSubtitles+Tatoeba
сызгырмагыз	0	3	3	Tatoeba	clean:CC-BY-2.0-FR	0.00	no	operator-widened	прежнее правило: single-source (Tatoeba)
сыйлан	0	3	2	OpenSubtitles+Tatoeba	clean:CC-BY-2.0-FR	0.00	no	two-corpora	OpenSubtitles+Tatoeba
сынатма	0	3	2	OpenSubtitles+Tatoeba	clean:CC-BY-2.0-FR	0.00	no	two-corpora	OpenSubtitles+Tatoeba
сындырма	0	3	3	Tatoeba	clean:CC-BY-2.0-FR	0.00	no	operator-widened	прежнее правило: single-source (Tatoeba)
сындырыр	0	3	3	Tatoeba	clean:CC-BY-2.0-FR	0.00	no	operator-widened	прежнее правило: single-source (Tatoeba)
сыртыңа	0	3	1	OpenSubtitles+Tatoeba	clean:CC-BY-2.0-FR	0.00	no	two-corpora	OpenSubtitles+Tatoeba
сырын	0	3	0	OpenSubtitles	risk-accepted:no-grant	0.00	no	operator-widened	прежнее правило: single-source (OpenSubtitles)
сытам	0	3	0	OpenSubtitles	risk-accepted:no-grant	0.00	no	operator-widened	прежнее правило: single-source (OpenSubtitles)
сэмми	0	3	0	OpenSubtitles	risk-accepted:no-grant	1.00	no	operator-widened	прежнее правило: proper-noun-evidence (cap_ratio=1.00>=0.50)
сүгенмә	0	3	3	Tatoeba	clean:CC-BY-2.0-FR	0.00	no	operator-widened	прежнее правило: single-source (Tatoeba)
сүндердегезме	0	3	1	OpenSubtitles+Tatoeba	clean:CC-BY-2.0-FR	0.00	no	two-corpora	OpenSubtitles+Tatoeba
сүндердеңме	0	3	3	Tatoeba	clean:CC-BY-2.0-FR	0.00	no	operator-widened	прежнее правило: single-source (Tatoeba)
сүнәчәк	0	3	2	OpenSubtitles+Tatoeba	clean:CC-BY-2.0-FR	0.00	no	two-corpora	OpenSubtitles+Tatoeba
сүтегез	0	3	0	OpenSubtitles	risk-accepted:no-grant	0.00	no	operator-widened	прежнее правило: single-source (OpenSubtitles)
сәбәбем	0	3	1	OpenSubtitles+Tatoeba	clean:CC-BY-2.0-FR	0.00	no	two-corpora	OpenSubtitles+Tatoeba
сәламлиләр	0	3	2	OpenSubtitles+Tatoeba	clean:CC-BY-2.0-FR	0.00	no	two-corpora	OpenSubtitles+Tatoeba
сәламлә	0	3	2	OpenSubtitles+Tatoeba	clean:CC-BY-2.0-FR	0.00	no	two-corpora	OpenSubtitles+Tatoeba
сәламәтме	0	3	2	OpenSubtitles+Tatoeba	clean:CC-BY-2.0-FR	0.00	no	two-corpora	OpenSubtitles+Tatoeba
сәпид	0	3	0	OpenSubtitles	risk-accepted:no-grant	0.00	no	operator-widened	прежнее правило: single-source (OpenSubtitles)
сәяхәтегез	0	3	3	Tatoeba	clean:CC-BY-2.0-FR	0.00	no	operator-widened	прежнее правило: single-source (Tatoeba)
сәяхәтемне	0	3	1	OpenSubtitles+Tatoeba	clean:CC-BY-2.0-FR	0.00	no	two-corpora	OpenSubtitles+Tatoeba
сөйгәнне	0	3	3	Tatoeba	clean:CC-BY-2.0-FR	0.00	no	operator-widened	прежнее правило: single-source (Tatoeba)
сөйләвемне	0	3	2	OpenSubtitles+Tatoeba	clean:CC-BY-2.0-FR	0.00	no	two-corpora	OpenSubtitles+Tatoeba
сөйләгәнегезне	0	3	2	OpenSubtitles+Tatoeba	clean:CC-BY-2.0-FR	0.00	no	two-corpora	OpenSubtitles+Tatoeba
сөйләшерсең	0	3	0	OpenSubtitles	risk-accepted:no-grant	0.00	no	operator-widened	прежнее правило: single-source (OpenSubtitles)
сөйләшләрендә	0	3	3	Tatoeba	clean:CC-BY-2.0-FR	0.00	no	operator-widened	прежнее правило: single-source (Tatoeba)
сөйләшмиме	0	3	2	OpenSubtitles+Tatoeba	clean:CC-BY-2.0-FR	0.00	no	two-corpora	OpenSubtitles+Tatoeba
сөйләшмисеңме	0	3	0	OpenSubtitles	risk-accepted:no-grant	0.00	no	operator-widened	прежнее правило: single-source (OpenSubtitles)
сөйләшмәячәк	0	3	2	OpenSubtitles+Tatoeba	clean:CC-BY-2.0-FR	0.00	no	two-corpora	OpenSubtitles+Tatoeba
сөйләшүегез	0	3	3	Tatoeba	clean:CC-BY-2.0-FR	0.00	no	operator-widened	прежнее правило: single-source (Tatoeba)
сөйләшүчеләргә	0	3	3	Tatoeba	clean:CC-BY-2.0-FR	0.00	no	operator-widened	прежнее правило: single-source (Tatoeba)
сөйләячәкмен	0	3	2	OpenSubtitles+Tatoeba	clean:CC-BY-2.0-FR	0.00	no	two-corpora	OpenSubtitles+Tatoeba
сөлтәр	0	3	0	OpenSubtitles	risk-accepted:no-grant	0.00	no	operator-widened	прежнее правило: single-source (OpenSubtitles)
сөяркәме	0	3	2	OpenSubtitles+Tatoeba	clean:CC-BY-2.0-FR	0.00	no	two-corpora	OpenSubtitles+Tatoeba
табалмас	0	3	0	OpenSubtitles	risk-accepted:no-grant	0.00	no	operator-widened	прежнее правило: single-source (OpenSubtitles)
табачаксыз	0	3	0	OpenSubtitles	risk-accepted:no-grant	0.00	no	operator-widened	прежнее правило: single-source (OpenSubtitles)
табибым	0	3	0	OpenSubtitles	risk-accepted:no-grant	0.00	no	operator-widened	прежнее правило: single-source (OpenSubtitles)
табышмакларны	0	3	2	OpenSubtitles+Tatoeba	clean:CC-BY-2.0-FR	0.00	no	two-corpora	OpenSubtitles+Tatoeba
тавышыгыз	0	3	2	OpenSubtitles+Tatoeba	clean:CC-BY-2.0-FR	0.00	no	two-corpora	OpenSubtitles+Tatoeba
тагаракка	0	3	3	Tatoeba	clean:CC-BY-2.0-FR	0.00	no	operator-widened	прежнее правило: single-source (Tatoeba)
тагасы	0	3	3	Tatoeba	clean:CC-BY-2.0-FR	0.00	no	operator-widened	прежнее правило: single-source (Tatoeba)
тазакай	0	3	0	OpenSubtitles	risk-accepted:no-grant	0.00	no	operator-widened	прежнее правило: single-source (OpenSubtitles)
тайдан	0	3	3	Tatoeba	clean:CC-BY-2.0-FR	0.00	no	operator-widened	прежнее правило: single-source (Tatoeba)
тайды	0	3	2	OpenSubtitles+Tatoeba	clean:CC-BY-2.0-FR	0.00	no	two-corpora	OpenSubtitles+Tatoeba
тайдым	0	3	2	OpenSubtitles+Tatoeba	clean:CC-BY-2.0-FR	0.00	no	two-corpora	OpenSubtitles+Tatoeba
такылдык	0	3	1	OpenSubtitles+Tatoeba	clean:CC-BY-2.0-FR	0.00	no	two-corpora	OpenSubtitles+Tatoeba
талашыр	0	3	2	OpenSubtitles+Tatoeba	clean:CC-BY-2.0-FR	0.00	no	two-corpora	OpenSubtitles+Tatoeba
талкан	0	3	3	Tatoeba	clean:CC-BY-2.0-FR	0.00	no	operator-widened	прежнее правило: single-source (Tatoeba)
таллахасси	0	3	0	OpenSubtitles	risk-accepted:no-grant	1.00	no	operator-widened	прежнее правило: proper-noun-evidence (cap_ratio=1.00>=0.50)
талымлаучан	0	3	3	Tatoeba	clean:CC-BY-2.0-FR	0.00	no	operator-widened	прежнее правило: single-source (Tatoeba)
тамса	0	3	3	Tatoeba	clean:CC-BY-2.0-FR	0.00	no	operator-widened	прежнее правило: single-source (Tatoeba)
тамырында	0	3	2	OpenSubtitles+Tatoeba	clean:CC-BY-2.0-FR	0.00	no	two-corpora	OpenSubtitles+Tatoeba
танавына	0	3	3	Tatoeba	clean:CC-BY-2.0-FR	0.00	no	operator-widened	прежнее правило: single-source (Tatoeba)
таннер	0	3	0	OpenSubtitles	risk-accepted:no-grant	0.00	no	operator-widened	прежнее правило: single-source (OpenSubtitles)
таныклыгым	0	3	2	OpenSubtitles+Tatoeba	clean:CC-BY-2.0-FR	0.00	no	two-corpora	OpenSubtitles+Tatoeba
танымыйсың	0	3	0	OpenSubtitles	risk-accepted:no-grant	0.00	no	operator-widened	прежнее правило: single-source (OpenSubtitles)
таныштыгыз	0	3	1	OpenSubtitles+Tatoeba	clean:CC-BY-2.0-FR	0.00	no	two-corpora	OpenSubtitles+Tatoeba
таныштырасың	0	3	0	OpenSubtitles	risk-accepted:no-grant	0.00	no	operator-widened	прежнее правило: single-source (OpenSubtitles)
тапканмы	0	3	0	OpenSubtitles	risk-accepted:no-grant	0.00	no	operator-widened	прежнее правило: single-source (OpenSubtitles)
тапкансыз	0	3	0	OpenSubtitles	risk-accepted:no-grant	0.00	no	operator-widened	прежнее правило: single-source (OpenSubtitles)
тапканымны	0	3	0	OpenSubtitles	risk-accepted:no-grant	0.00	no	operator-widened	прежнее правило: single-source (OpenSubtitles)
тапмасак	0	3	0	OpenSubtitles	risk-accepted:no-grant	0.00	no	operator-widened	прежнее правило: single-source (OpenSubtitles)
тапмасам	0	3	1	OpenSubtitles+Tatoeba	clean:CC-BY-2.0-FR	0.00	no	two-corpora	OpenSubtitles+Tatoeba
таптылармы	0	3	0	OpenSubtitles	risk-accepted:no-grant	0.00	no	operator-widened	прежнее правило: single-source (OpenSubtitles)
таргариен	0	3	0	OpenSubtitles	risk-accepted:no-grant	1.00	no	operator-widened	прежнее правило: proper-noun-evidence (cap_ratio=1.00>=0.50)
тармада	0	3	0	OpenSubtitles	risk-accepted:no-grant	0.00	no	operator-widened	прежнее правило: single-source (OpenSubtitles)
тармадан	0	3	1	OpenSubtitles+Tatoeba	clean:CC-BY-2.0-FR	0.00	no	two-corpora	OpenSubtitles+Tatoeba
тартмаларның	0	3	1	OpenSubtitles+Tatoeba	clean:CC-BY-2.0-FR	0.00	no	two-corpora	OpenSubtitles+Tatoeba
тартмаячакмын	0	3	3	Tatoeba	clean:CC-BY-2.0-FR	0.00	no	operator-widened	прежнее правило: single-source (Tatoeba)
тасвирладың	0	3	1	OpenSubtitles+Tatoeba	clean:CC-BY-2.0-FR	0.00	no	two-corpora	OpenSubtitles+Tatoeba
ташкынсыман	0	3	3	Tatoeba	clean:CC-BY-2.0-FR	0.00	no	operator-widened	прежнее правило: single-source (Tatoeba)
таякларын	0	3	1	OpenSubtitles+Tatoeba	clean:CC-BY-2.0-FR	0.00	no	two-corpora	OpenSubtitles+Tatoeba
таяктагы	0	3	0	OpenSubtitles	risk-accepted:no-grant	0.00	no	operator-widened	прежнее правило: single-source (OpenSubtitles)
тебя	0	3	3	Tatoeba	clean:CC-BY-2.0-FR	0.00	no	operator-widened	прежнее правило: single-source (Tatoeba)
тезләнегез	0	3	0	OpenSubtitles	risk-accepted:no-grant	0.00	no	operator-widened	прежнее правило: single-source (OpenSubtitles)
телевизия	0	3	3	Tatoeba	clean:CC-BY-2.0-FR	0.00	no	operator-widened	прежнее правило: single-source (Tatoeba)
телеграм	0	3	0	OpenSubtitles	risk-accepted:no-grant	0.00	no	operator-widened	прежнее правило: single-source (OpenSubtitles)
телеметрия	0	3	0	OpenSubtitles	risk-accepted:no-grant	0.00	no	operator-widened	прежнее правило: single-source (OpenSubtitles)
телефондагы	0	3	2	OpenSubtitles+Tatoeba	clean:CC-BY-2.0-FR	0.00	no	two-corpora	OpenSubtitles+Tatoeba
телме	0	3	3	Tatoeba	clean:CC-BY-2.0-FR	0.00	no	operator-widened	прежнее правило: single-source (Tatoeba)
теләвегезне	0	3	3	Tatoeba	clean:CC-BY-2.0-FR	0.00	no	operator-widened	прежнее правило: single-source (Tatoeba)
теләгез	0	3	0	OpenSubtitles	risk-accepted:no-grant	0.00	no	operator-widened	прежнее правило: single-source (OpenSubtitles)
теләгәнче	0	3	2	OpenSubtitles+Tatoeba	clean:CC-BY-2.0-FR	0.00	no	two-corpora	OpenSubtitles+Tatoeba
теләдегезме	0	3	1	OpenSubtitles+Tatoeba	clean:CC-BY-2.0-FR	0.00	no	two-corpora	OpenSubtitles+Tatoeba
теләмәвеңә	0	3	3	Tatoeba	clean:CC-BY-2.0-FR	0.00	no	operator-widened	прежнее правило: single-source (Tatoeba)
теләмәссең	0	3	2	OpenSubtitles+Tatoeba	clean:CC-BY-2.0-FR	0.00	no	two-corpora	OpenSubtitles+Tatoeba
терелде	0	3	2	OpenSubtitles+Tatoeba	clean:CC-BY-2.0-FR	0.00	no	two-corpora	OpenSubtitles+Tatoeba
тестка	0	3	2	OpenSubtitles+Tatoeba	clean:CC-BY-2.0-FR	0.00	no	two-corpora	OpenSubtitles+Tatoeba
тестостерон	0	3	0	OpenSubtitles	risk-accepted:no-grant	0.33	no	operator-widened	прежнее правило: single-source (OpenSubtitles)
теңкәмә	0	3	3	Tatoeba	clean:CC-BY-2.0-FR	0.00	no	operator-widened	прежнее правило: single-source (Tatoeba)
тибеш	0	3	0	OpenSubtitles	risk-accepted:no-grant	0.00	no	operator-widened	прежнее правило: single-source (OpenSubtitles)
тибешер	0	3	3	Tatoeba	clean:CC-BY-2.0-FR	0.00	no	operator-widened	прежнее правило: single-source (Tatoeba)
тизлегем	0	3	0	OpenSubtitles	risk-accepted:no-grant	0.00	no	operator-widened	прежнее правило: single-source (OpenSubtitles)
тизләнү	0	3	0	OpenSubtitles	risk-accepted:no-grant	0.00	no	operator-widened	прежнее правило: single-source (OpenSubtitles)
тикшердегез	0	3	0	OpenSubtitles	risk-accepted:no-grant	0.00	no	operator-widened	прежнее правило: single-source (OpenSubtitles)
тикшердеңме	0	3	0	OpenSubtitles	risk-accepted:no-grant	0.00	no	operator-widened	прежнее правило: single-source (OpenSubtitles)
тикшерәсеңме	0	3	1	OpenSubtitles+Tatoeba	clean:CC-BY-2.0-FR	0.00	no	two-corpora	OpenSubtitles+Tatoeba
тилегә	0	3	3	Tatoeba	clean:CC-BY-2.0-FR	0.00	no	operator-widened	прежнее правило: single-source (Tatoeba)
тилене	0	3	3	Tatoeba	clean:CC-BY-2.0-FR	0.00	no	operator-widened	прежнее правило: single-source (Tatoeba)
тилергән	0	3	0	OpenSubtitles	risk-accepted:no-grant	0.00	no	operator-widened	прежнее правило: single-source (OpenSubtitles)
тимерле	0	3	2	OpenSubtitles+Tatoeba	clean:CC-BY-2.0-FR	0.00	no	two-corpora	OpenSubtitles+Tatoeba
тишекләрем	0	3	0	OpenSubtitles	risk-accepted:no-grant	0.00	no	operator-widened	прежнее правило: single-source (OpenSubtitles)
тишәчәк	0	3	0	OpenSubtitles	risk-accepted:no-grant	0.00	no	operator-widened	прежнее правило: single-source (OpenSubtitles)
тоелганча	0	3	3	Tatoeba	clean:CC-BY-2.0-FR	0.00	no	operator-widened	прежнее правило: single-source (Tatoeba)
толның	0	3	0	OpenSubtitles	risk-accepted:no-grant	0.00	no	operator-widened	прежнее правило: single-source (OpenSubtitles)
торачаксың	0	3	0	OpenSubtitles	risk-accepted:no-grant	0.00	no	operator-widened	прежнее правило: single-source (OpenSubtitles)
торганымны	0	3	1	OpenSubtitles+Tatoeba	clean:CC-BY-2.0-FR	0.00	no	two-corpora	OpenSubtitles+Tatoeba
тормышыңдагы	0	3	0	OpenSubtitles	risk-accepted:no-grant	0.00	no	operator-widened	прежнее правило: single-source (OpenSubtitles)
торнадан	0	3	3	Tatoeba	clean:CC-BY-2.0-FR	0.00	no	operator-widened	прежнее правило: single-source (Tatoeba)
торрето	0	3	0	OpenSubtitles	risk-accepted:no-grant	1.00	no	operator-widened	прежнее правило: proper-noun-evidence (cap_ratio=1.00>=0.50)
торыннары	0	3	3	Tatoeba	clean:CC-BY-2.0-FR	0.00	no	operator-widened	прежнее правило: single-source (Tatoeba)
торырсыңмы	0	3	1	OpenSubtitles+Tatoeba	clean:CC-BY-2.0-FR	0.00	no	two-corpora	OpenSubtitles+Tatoeba
тоссыз	0	3	3	Tatoeba	clean:CC-BY-2.0-FR	0.00	no	operator-widened	прежнее правило: single-source (Tatoeba)
тотарсың	0	3	1	OpenSubtitles+Tatoeba	clean:CC-BY-2.0-FR	0.00	no	two-corpora	OpenSubtitles+Tatoeba
тоташтырыгыз	0	3	1	OpenSubtitles+Tatoeba	clean:CC-BY-2.0-FR	0.00	no	two-corpora	OpenSubtitles+Tatoeba
тоткасын	0	3	2	OpenSubtitles+Tatoeba	clean:CC-BY-2.0-FR	0.00	no	two-corpora	OpenSubtitles+Tatoeba
тоткычы	0	3	0	OpenSubtitles	risk-accepted:no-grant	0.00	no	operator-widened	прежнее правило: single-source (OpenSubtitles)
тоттылармы	0	3	0	OpenSubtitles	risk-accepted:no-grant	0.00	no	operator-widened	прежнее правило: single-source (OpenSubtitles)
тотылуны	0	3	3	Tatoeba	clean:CC-BY-2.0-FR	0.00	no	operator-widened	прежнее правило: single-source (Tatoeba)
тубык	0	3	1	OpenSubtitles+Tatoeba	clean:CC-BY-2.0-FR	0.00	no	two-corpora	OpenSubtitles+Tatoeba
туганымы	0	3	1	OpenSubtitles+Tatoeba	clean:CC-BY-2.0-FR	0.00	no	two-corpora	OpenSubtitles+Tatoeba
тузмас	0	3	3	Tatoeba	clean:CC-BY-2.0-FR	0.00	no	operator-widened	прежнее правило: single-source (Tatoeba)
туйдыгызмы	0	3	2	OpenSubtitles+Tatoeba	clean:CC-BY-2.0-FR	0.00	no	two-corpora	OpenSubtitles+Tatoeba
туйсын	0	3	2	OpenSubtitles+Tatoeba	clean:CC-BY-2.0-FR	0.00	no	two-corpora	OpenSubtitles+Tatoeba
туклык	0	3	3	Tatoeba	clean:CC-BY-2.0-FR	0.00	no	operator-widened	прежнее правило: single-source (Tatoeba)
туктамадым	0	3	0	OpenSubtitles	risk-accepted:no-grant	0.00	no	operator-widened	прежнее правило: single-source (OpenSubtitles)
туктамасаң	0	3	2	OpenSubtitles+Tatoeba	clean:CC-BY-2.0-FR	0.00	no	two-corpora	OpenSubtitles+Tatoeba
туктатыйк	0	3	0	OpenSubtitles	risk-accepted:no-grant	0.00	no	operator-widened	прежнее правило: single-source (OpenSubtitles)
туктатырбыз	0	3	1	OpenSubtitles+Tatoeba	clean:CC-BY-2.0-FR	0.00	no	two-corpora	OpenSubtitles+Tatoeba
тумадым	0	3	0	OpenSubtitles	risk-accepted:no-grant	0.00	no	operator-widened	прежнее правило: single-source (OpenSubtitles)
тупламам	0	3	0	OpenSubtitles	risk-accepted:no-grant	0.00	no	operator-widened	прежнее правило: single-source (OpenSubtitles)
турылык	0	3	3	Tatoeba	clean:CC-BY-2.0-FR	0.00	no	operator-widened	прежнее правило: single-source (Tatoeba)
тылсымчыга	0	3	0	OpenSubtitles	risk-accepted:no-grant	0.00	no	operator-widened	прежнее правило: single-source (OpenSubtitles)
тылсымчыны	0	3	0	OpenSubtitles	risk-accepted:no-grant	0.00	no	operator-widened	прежнее правило: single-source (OpenSubtitles)
тыннары	0	3	3	Tatoeba	clean:CC-BY-2.0-FR	0.00	no	operator-widened	прежнее правило: single-source (Tatoeba)
тынычланам	0	3	0	OpenSubtitles	risk-accepted:no-grant	0.00	no	operator-widened	прежнее правило: single-source (OpenSubtitles)
тынычландык	0	3	2	OpenSubtitles+Tatoeba	clean:CC-BY-2.0-FR	0.00	no	two-corpora	OpenSubtitles+Tatoeba
тырмаладым	0	3	0	OpenSubtitles	risk-accepted:no-grant	0.00	no	operator-widened	прежнее правило: single-source (OpenSubtitles)
тырышмыйсың	0	3	0	OpenSubtitles	risk-accepted:no-grant	0.00	no	operator-widened	прежнее правило: single-source (OpenSubtitles)
тычканнан	0	3	3	Tatoeba	clean:CC-BY-2.0-FR	0.00	no	operator-widened	прежнее правило: single-source (Tatoeba)
тычканы	0	3	3	Tatoeba	clean:CC-BY-2.0-FR	0.00	no	operator-widened	прежнее правило: single-source (Tatoeba)
тыңладың	0	3	1	OpenSubtitles+Tatoeba	clean:CC-BY-2.0-FR	0.00	no	two-corpora	OpenSubtitles+Tatoeba
тыңламадым	0	3	1	OpenSubtitles+Tatoeba	clean:CC-BY-2.0-FR	0.00	no	two-corpora	OpenSubtitles+Tatoeba
тыңласам	0	3	1	OpenSubtitles+Tatoeba	clean:CC-BY-2.0-FR	0.00	no	two-corpora	OpenSubtitles+Tatoeba
түгелсеңме	0	3	3	Tatoeba	clean:CC-BY-2.0-FR	0.00	no	operator-widened	прежнее правило: single-source (Tatoeba)
түзәрмен	0	3	2	OpenSubtitles+Tatoeba	clean:CC-BY-2.0-FR	0.00	no	two-corpora	OpenSubtitles+Tatoeba
түктең	0	3	0	OpenSubtitles	risk-accepted:no-grant	0.00	no	operator-widened	прежнее правило: single-source (OpenSubtitles)
түтием	0	3	0	OpenSubtitles	risk-accepted:no-grant	0.00	no	operator-widened	прежнее правило: single-source (OpenSubtitles)
түтиең	0	3	0	OpenSubtitles	risk-accepted:no-grant	0.00	no	operator-widened	прежнее правило: single-source (OpenSubtitles)
түшәге	0	3	1	OpenSubtitles+Tatoeba	clean:CC-BY-2.0-FR	0.00	no	two-corpora	OpenSubtitles+Tatoeba
тәкать	0	3	3	Tatoeba	clean:CC-BY-2.0-FR	0.00	no	operator-widened	прежнее правило: single-source (Tatoeba)
тәкъдимегезне	0	3	2	OpenSubtitles+Tatoeba	clean:CC-BY-2.0-FR	0.00	no	two-corpora	OpenSubtitles+Tatoeba
тәкъдимнәрең	0	3	1	OpenSubtitles+Tatoeba	clean:CC-BY-2.0-FR	0.00	no	two-corpora	OpenSubtitles+Tatoeba
тәмамладың	0	3	0	OpenSubtitles	risk-accepted:no-grant	0.00	no	operator-widened	прежнее правило: single-source (OpenSubtitles)
тәмамламады	0	3	0	OpenSubtitles	risk-accepted:no-grant	0.00	no	operator-widened	прежнее правило: single-source (OpenSubtitles)
тәмеккә	0	3	1	OpenSubtitles+Tatoeba	clean:CC-BY-2.0-FR	0.00	no	two-corpora	OpenSubtitles+Tatoeba
тәмендә	0	3	0	OpenSubtitles	risk-accepted:no-grant	0.33	no	operator-widened	прежнее правило: single-source (OpenSubtitles)
тәҗрибәләрендә	0	3	0	OpenSubtitles	risk-accepted:no-grant	0.00	no	operator-widened	прежнее правило: single-source (OpenSubtitles)
төгәлме	0	3	0	OpenSubtitles	risk-accepted:no-grant	0.00	no	operator-widened	прежнее правило: single-source (OpenSubtitles)
төзәттек	0	3	0	OpenSubtitles	risk-accepted:no-grant	0.00	no	operator-widened	прежнее правило: single-source (OpenSubtitles)
төзәттең	0	3	0	OpenSubtitles	risk-accepted:no-grant	0.00	no	operator-widened	прежнее правило: single-source (OpenSubtitles)
төймәсәрдә	0	3	0	OpenSubtitles	risk-accepted:no-grant	0.00	no	operator-widened	прежнее правило: single-source (OpenSubtitles)
төкергән	0	3	2	OpenSubtitles+Tatoeba	clean:CC-BY-2.0-FR	0.00	no	two-corpora	OpenSubtitles+Tatoeba
төнтек	0	3	2	OpenSubtitles+Tatoeba	clean:CC-BY-2.0-FR	0.00	no	two-corpora	OpenSubtitles+Tatoeba
төрем	0	3	2	OpenSubtitles+Tatoeba	clean:CC-BY-2.0-FR	0.00	no	two-corpora	OpenSubtitles+Tatoeba
төрттем	0	3	0	OpenSubtitles	risk-accepted:no-grant	0.00	no	operator-widened	прежнее правило: single-source (OpenSubtitles)
төшләрең	0	3	0	OpenSubtitles	risk-accepted:no-grant	0.00	no	operator-widened	прежнее правило: single-source (OpenSubtitles)
төшләреңдә	0	3	0	OpenSubtitles	risk-accepted:no-grant	0.00	no	operator-widened	прежнее правило: single-source (OpenSubtitles)
төштеңме	0	3	0	OpenSubtitles	risk-accepted:no-grant	0.00	no	operator-widened	прежнее правило: single-source (OpenSubtitles)
убырлыдан	0	3	0	OpenSubtitles	risk-accepted:no-grant	0.67	no	operator-widened	прежнее правило: proper-noun-evidence (cap_ratio=0.67>=0.50)
убырлылар	0	3	0	OpenSubtitles	risk-accepted:no-grant	0.00	no	operator-widened	прежнее правило: single-source (OpenSubtitles)
уздымы	0	3	1	OpenSubtitles+Tatoeba	clean:CC-BY-2.0-FR	0.00	no	two-corpora	OpenSubtitles+Tatoeba
узсам	0	3	1	OpenSubtitles+Tatoeba	clean:CC-BY-2.0-FR	0.00	no	two-corpora	OpenSubtitles+Tatoeba
узсаң	0	3	2	OpenSubtitles+Tatoeba	clean:CC-BY-2.0-FR	0.00	no	two-corpora	OpenSubtitles+Tatoeba
узына	0	3	3	Tatoeba	clean:CC-BY-2.0-FR	0.00	no	operator-widened	прежнее правило: single-source (Tatoeba)
уинта	0	3	0	OpenSubtitles	risk-accepted:no-grant	1.00	no	operator-widened	прежнее правило: proper-noun-evidence (cap_ratio=1.00>=0.50)
уйлаганмы	0	3	0	OpenSubtitles	risk-accepted:no-grant	0.00	no	operator-widened	прежнее правило: single-source (OpenSubtitles)
уйламасаң	0	3	0	OpenSubtitles	risk-accepted:no-grant	0.00	no	operator-widened	прежнее правило: single-source (OpenSubtitles)
уйлыйсыздыр	0	3	0	OpenSubtitles	risk-accepted:no-grant	0.00	no	operator-widened	прежнее правило: single-source (OpenSubtitles)
уйныйчакмын	0	3	0	OpenSubtitles	risk-accepted:no-grant	0.00	no	operator-widened	прежнее правило: single-source (OpenSubtitles)
укучымы	0	3	3	Tatoeba	clean:CC-BY-2.0-FR	0.00	no	operator-widened	прежнее правило: single-source (Tatoeba)
укымыйсыңмы	0	3	1	OpenSubtitles+Tatoeba	clean:CC-BY-2.0-FR	0.00	no	two-corpora	OpenSubtitles+Tatoeba
укырсың	0	3	1	OpenSubtitles+Tatoeba	clean:CC-BY-2.0-FR	0.00	no	two-corpora	OpenSubtitles+Tatoeba
улыгызның	0	3	0	OpenSubtitles	risk-accepted:no-grant	0.00	no	operator-widened	прежнее правило: single-source (OpenSubtitles)
умартаны	0	3	0	OpenSubtitles	risk-accepted:no-grant	0.00	no	operator-widened	прежнее правило: single-source (OpenSubtitles)
уналтышарлы	0	3	0	OpenSubtitles	risk-accepted:no-grant	1.00	no	operator-widened	прежнее правило: proper-noun-evidence (cap_ratio=1.00>=0.50)
универ	0	3	0	OpenSubtitles	risk-accepted:no-grant	0.00	no	operator-widened	прежнее правило: single-source (OpenSubtitles)
унитазда	0	3	0	OpenSubtitles	risk-accepted:no-grant	0.00	no	operator-widened	прежнее правило: single-source (OpenSubtitles)
урлаганнарын	0	3	1	OpenSubtitles+Tatoeba	clean:CC-BY-2.0-FR	0.00	no	two-corpora	OpenSubtitles+Tatoeba
урлаганын	0	3	2	OpenSubtitles+Tatoeba	clean:CC-BY-2.0-FR	0.00	no	two-corpora	OpenSubtitles+Tatoeba
урламаган	0	3	0	OpenSubtitles	risk-accepted:no-grant	0.00	no	operator-widened	прежнее правило: single-source (OpenSubtitles)
урлаткан	0	3	3	Tatoeba	clean:CC-BY-2.0-FR	0.00	no	operator-widened	прежнее правило: single-source (Tatoeba)
урлыйм	0	3	0	OpenSubtitles	risk-accepted:no-grant	0.00	no	operator-widened	прежнее правило: single-source (OpenSubtitles)
урнашырсың	0	3	1	OpenSubtitles+Tatoeba	clean:CC-BY-2.0-FR	0.00	no	two-corpora	OpenSubtitles+Tatoeba
урынмы	0	3	1	OpenSubtitles+Tatoeba	clean:CC-BY-2.0-FR	0.00	no	two-corpora	OpenSubtitles+Tatoeba
урыннарыгызга	0	3	0	OpenSubtitles	risk-accepted:no-grant	0.00	no	operator-widened	прежнее правило: single-source (OpenSubtitles)
утырачакмын	0	3	2	OpenSubtitles+Tatoeba	clean:CC-BY-2.0-FR	0.00	no	two-corpora	OpenSubtitles+Tatoeba
утырачаксың	0	3	0	OpenSubtitles	risk-accepted:no-grant	0.00	no	operator-widened	прежнее правило: single-source (OpenSubtitles)
утыргансыз	0	3	1	OpenSubtitles+Tatoeba	clean:CC-BY-2.0-FR	0.00	no	two-corpora	OpenSubtitles+Tatoeba
уяттыммы	0	3	2	OpenSubtitles+Tatoeba	clean:CC-BY-2.0-FR	0.00	no	two-corpora	OpenSubtitles+Tatoeba
уңайсызлануыннан	0	3	3	Tatoeba	clean:CC-BY-2.0-FR	0.00	no	operator-widened	прежнее правило: single-source (Tatoeba)
файдалымы	0	3	2	OpenSubtitles+Tatoeba	clean:CC-BY-2.0-FR	0.00	no	two-corpora	OpenSubtitles+Tatoeba
фарадай	0	3	0	OpenSubtitles	risk-accepted:no-grant	1.00	no	operator-widened	прежнее правило: proper-noun-evidence (cap_ratio=1.00>=0.50)
фарадейны	0	3	0	OpenSubtitles	risk-accepted:no-grant	1.00	no	operator-widened	прежнее правило: proper-noun-evidence (cap_ratio=1.00>=0.50)
фасылга	0	3	1	OpenSubtitles+Tatoeba	clean:CC-BY-2.0-FR	0.00	no	two-corpora	OpenSubtitles+Tatoeba
филтә	0	3	0	OpenSubtitles	risk-accepted:no-grant	0.00	no	operator-widened	прежнее правило: single-source (OpenSubtitles)
флэшмоб	0	3	0	OpenSubtitles	risk-accepted:no-grant	0.00	no	operator-widened	прежнее правило: single-source (OpenSubtitles)
формальлек	0	3	0	OpenSubtitles	risk-accepted:no-grant	0.00	no	operator-widened	прежнее правило: single-source (OpenSubtitles)
формулага	0	3	0	OpenSubtitles	risk-accepted:no-grant	0.00	no	operator-widened	прежнее правило: single-source (OpenSubtitles)
фортис	0	3	0	OpenSubtitles	risk-accepted:no-grant	1.00	no	operator-widened	прежнее правило: proper-noun-evidence (cap_ratio=1.00>=0.50)
фотографчы	0	3	0	OpenSubtitles	risk-accepted:no-grant	0.00	no	operator-widened	прежнее правило: single-source (OpenSubtitles)
фотоңны	0	3	1	OpenSubtitles+Tatoeba	clean:CC-BY-2.0-FR	0.00	no	two-corpora	OpenSubtitles+Tatoeba
французмы	0	3	3	Tatoeba	clean:CC-BY-2.0-FR	0.00	no	operator-widened	прежнее правило: single-source (Tatoeba)
фрейзер	0	3	0	OpenSubtitles	risk-accepted:no-grant	1.00	no	operator-widened	прежнее правило: proper-noun-evidence (cap_ratio=1.00>=0.50)
фрейхт	0	3	0	OpenSubtitles	risk-accepted:no-grant	0.00	no	operator-widened	прежнее правило: single-source (OpenSubtitles)
фуның	0	3	0	OpenSubtitles	risk-accepted:no-grant	0.00	no	operator-widened	прежнее правило: single-source (OpenSubtitles)
фьюрига	0	3	0	OpenSubtitles	risk-accepted:no-grant	1.00	no	operator-widened	прежнее правило: proper-noun-evidence (cap_ratio=1.00>=0.50)
фюзеляжны	0	3	0	OpenSubtitles	risk-accepted:no-grant	0.00	no	operator-widened	прежнее правило: single-source (OpenSubtitles)
халатта	0	3	0	OpenSubtitles	risk-accepted:no-grant	0.00	no	operator-widened	прежнее правило: single-source (OpenSubtitles)
хансо	0	3	0	OpenSubtitles	risk-accepted:no-grant	1.00	no	operator-widened	прежнее правило: proper-noun-evidence (cap_ratio=1.00>=0.50)
ханука	0	3	0	OpenSubtitles	risk-accepted:no-grant	1.00	no	operator-widened	прежнее правило: proper-noun-evidence (cap_ratio=1.00>=0.50)
хаоска	0	3	1	OpenSubtitles+Tatoeba	clean:CC-BY-2.0-FR	0.00	no	two-corpora	OpenSubtitles+Tatoeba
хей	0	3	0	OpenSubtitles	risk-accepted:no-grant	0.00	no	operator-widened	прежнее правило: single-source (OpenSubtitles)
хиббс	0	3	0	OpenSubtitles	risk-accepted:no-grant	1.00	no	operator-widened	прежнее правило: proper-noun-evidence (cap_ratio=1.00>=0.50)
хизертон	0	3	0	OpenSubtitles	risk-accepted:no-grant	1.00	no	operator-widened	прежнее правило: proper-noun-evidence (cap_ratio=1.00>=0.50)
хитроу	0	3	0	OpenSubtitles	risk-accepted:no-grant	1.00	no	operator-widened	прежнее правило: proper-noun-evidence (cap_ratio=1.00>=0.50)
ходайларның	0	3	0	OpenSubtitles	risk-accepted:no-grant	1.00	no	operator-widened	прежнее правило: proper-noun-evidence (cap_ratio=1.00>=0.50)
хокукымны	0	3	0	OpenSubtitles	risk-accepted:no-grant	0.00	no	operator-widened	прежнее правило: single-source (OpenSubtitles)
хоу	0	3	0	OpenSubtitles	risk-accepted:no-grant	0.00	no	operator-widened	прежнее правило: single-source (OpenSubtitles)
хушбуйга	0	3	0	OpenSubtitles	risk-accepted:no-grant	0.00	no	operator-widened	прежнее правило: single-source (OpenSubtitles)
хыялларда	0	3	1	OpenSubtitles+Tatoeba	clean:CC-BY-2.0-FR	0.00	no	two-corpora	OpenSubtitles+Tatoeba
хыялларың	0	3	1	OpenSubtitles+Tatoeba	clean:CC-BY-2.0-FR	0.00	no	two-corpora	OpenSubtitles+Tatoeba
хыялымдагы	0	3	3	Tatoeba	clean:CC-BY-2.0-FR	0.00	no	operator-widened	прежнее правило: single-source (Tatoeba)
хәтерлисез	0	3	0	OpenSubtitles	risk-accepted:no-grant	0.00	no	operator-widened	прежнее правило: single-source (OpenSubtitles)
ципья	0	3	3	Tatoeba	clean:CC-BY-2.0-FR	0.00	no	operator-widened	прежнее правило: single-source (Tatoeba)
чаб	0	3	0	OpenSubtitles	risk-accepted:no-grant	0.00	no	operator-widened	прежнее правило: single-source (OpenSubtitles)
чакырганын	0	3	1	OpenSubtitles+Tatoeba	clean:CC-BY-2.0-FR	0.00	no	two-corpora	OpenSubtitles+Tatoeba
чакырмас	0	3	0	OpenSubtitles	risk-accepted:no-grant	0.00	no	operator-widened	прежнее правило: single-source (OpenSubtitles)
чалбарымны	0	3	3	Tatoeba	clean:CC-BY-2.0-FR	0.00	no	operator-widened	прежнее правило: single-source (Tatoeba)
чалбарыңны	0	3	2	OpenSubtitles+Tatoeba	clean:CC-BY-2.0-FR	0.00	no	two-corpora	OpenSubtitles+Tatoeba
чапма	0	3	2	OpenSubtitles+Tatoeba	clean:CC-BY-2.0-FR	0.00	no	two-corpora	OpenSubtitles+Tatoeba
чатный	0	3	1	OpenSubtitles+Tatoeba	clean:CC-BY-2.0-FR	0.67	no	operator-widened	прежнее правило: proper-noun-evidence (cap_ratio=0.67>=0.50)
чер	0	3	2	OpenSubtitles+Tatoeba	clean:CC-BY-2.0-FR	0.00	no	two-corpora	OpenSubtitles+Tatoeba
чибын	0	3	0	OpenSubtitles	risk-accepted:no-grant	0.00	no	operator-widened	прежнее правило: single-source (OpenSubtitles)
чибәркәем	0	3	0	OpenSubtitles	risk-accepted:no-grant	0.00	no	operator-widened	прежнее правило: single-source (OpenSubtitles)
чикләвекләрне	0	3	2	OpenSubtitles+Tatoeba	clean:CC-BY-2.0-FR	0.00	no	two-corpora	OpenSubtitles+Tatoeba
чиләктә	0	3	1	OpenSubtitles+Tatoeba	clean:CC-BY-2.0-FR	0.00	no	two-corpora	OpenSubtitles+Tatoeba
чипны	0	3	0	OpenSubtitles	risk-accepted:no-grant	0.00	no	operator-widened	прежнее правило: single-source (OpenSubtitles)
чиратыңны	0	3	0	OpenSubtitles	risk-accepted:no-grant	0.00	no	operator-widened	прежнее правило: single-source (OpenSubtitles)
чирдә	0	3	0	OpenSubtitles	risk-accepted:no-grant	0.00	no	operator-widened	прежнее правило: single-source (OpenSubtitles)
чишен	0	3	2	OpenSubtitles+Tatoeba	clean:CC-BY-2.0-FR	0.00	no	two-corpora	OpenSubtitles+Tatoeba
чишенегез	0	3	3	Tatoeba	clean:CC-BY-2.0-FR	0.00	no	operator-widened	прежнее правило: single-source (Tatoeba)
чишенә	0	3	3	Tatoeba	clean:CC-BY-2.0-FR	0.00	no	operator-widened	прежнее правило: single-source (Tatoeba)
чолан	0	3	1	OpenSubtitles+Tatoeba	clean:CC-BY-2.0-FR	0.00	no	two-corpora	OpenSubtitles+Tatoeba
чонтык	0	3	3	Tatoeba	clean:CC-BY-2.0-FR	0.00	no	operator-widened	прежнее правило: single-source (Tatoeba)
чыгарачакмын	0	3	0	OpenSubtitles	risk-accepted:no-grant	0.00	no	operator-widened	прежнее правило: single-source (OpenSubtitles)
чыгардымы	0	3	0	OpenSubtitles	risk-accepted:no-grant	0.00	no	operator-widened	прежнее правило: single-source (OpenSubtitles)
чыгардыңмы	0	3	1	OpenSubtitles+Tatoeba	clean:CC-BY-2.0-FR	0.00	no	two-corpora	OpenSubtitles+Tatoeba
чыгасыңмы	0	3	1	OpenSubtitles+Tatoeba	clean:CC-BY-2.0-FR	0.00	no	two-corpora	OpenSubtitles+Tatoeba
чыгырымнан	0	3	0	OpenSubtitles	risk-accepted:no-grant	0.00	no	operator-widened	прежнее правило: single-source (OpenSubtitles)
чыкканымны	0	3	2	OpenSubtitles+Tatoeba	clean:CC-BY-2.0-FR	0.00	no	two-corpora	OpenSubtitles+Tatoeba
чыктыңмы	0	3	3	Tatoeba	clean:CC-BY-2.0-FR	0.00	no	operator-widened	прежнее правило: single-source (Tatoeba)
чыланды	0	3	3	Tatoeba	clean:CC-BY-2.0-FR	0.00	no	operator-widened	прежнее правило: single-source (Tatoeba)
чымырдый	0	3	0	OpenSubtitles	risk-accepted:no-grant	0.00	no	operator-widened	прежнее правило: single-source (OpenSubtitles)
чырайсыз	0	3	3	Tatoeba	clean:CC-BY-2.0-FR	0.00	no	operator-widened	прежнее правило: single-source (Tatoeba)
чыҗлый	0	3	0	OpenSubtitles	risk-accepted:no-grant	1.00	no	operator-widened	прежнее правило: proper-noun-evidence (cap_ratio=1.00>=0.50)
чүкечемне	0	3	0	OpenSubtitles	risk-accepted:no-grant	0.00	no	operator-widened	прежнее правило: single-source (OpenSubtitles)
чүкечең	0	3	0	OpenSubtitles	risk-accepted:no-grant	0.00	no	operator-widened	прежнее правило: single-source (OpenSubtitles)
чүкечеңне	0	3	1	OpenSubtitles+Tatoeba	clean:CC-BY-2.0-FR	0.00	no	two-corpora	OpenSubtitles+Tatoeba
чүкечсез	0	3	0	OpenSubtitles	risk-accepted:no-grant	0.00	no	operator-widened	прежнее правило: single-source (OpenSubtitles)
чүлнең	0	3	2	OpenSubtitles+Tatoeba	clean:CC-BY-2.0-FR	0.00	no	two-corpora	OpenSubtitles+Tatoeba
чүпрәкләр	0	3	1	OpenSubtitles+Tatoeba	clean:CC-BY-2.0-FR	0.00	no	two-corpora	OpenSubtitles+Tatoeba
чәлдердем	0	3	1	OpenSubtitles+Tatoeba	clean:CC-BY-2.0-FR	0.00	no	two-corpora	OpenSubtitles+Tatoeba
чәчең	0	3	1	OpenSubtitles+Tatoeba	clean:CC-BY-2.0-FR	0.00	no	two-corpora	OpenSubtitles+Tatoeba
чәчләремә	0	3	1	OpenSubtitles+Tatoeba	clean:CC-BY-2.0-FR	0.00	no	two-corpora	OpenSubtitles+Tatoeba
шакылдый	0	3	0	OpenSubtitles	risk-accepted:no-grant	0.67	no	operator-widened	прежнее правило: proper-noun-evidence (cap_ratio=0.67>=0.50)
шалтыратасызмы	0	3	3	Tatoeba	clean:CC-BY-2.0-FR	0.00	no	operator-widened	прежнее правило: single-source (Tatoeba)
шалтыратасым	0	3	2	OpenSubtitles+Tatoeba	clean:CC-BY-2.0-FR	0.00	no	two-corpora	OpenSubtitles+Tatoeba
шалтыратсын	0	3	2	OpenSubtitles+Tatoeba	clean:CC-BY-2.0-FR	0.00	no	two-corpora	OpenSubtitles+Tatoeba
шалтыраттыгыз	0	3	1	OpenSubtitles+Tatoeba	clean:CC-BY-2.0-FR	0.00	no	two-corpora	OpenSubtitles+Tatoeba
шалтыраттыгызмы	0	3	3	Tatoeba	clean:CC-BY-2.0-FR	0.00	no	operator-widened	прежнее правило: single-source (Tatoeba)
шалтыратуымны	0	3	3	Tatoeba	clean:CC-BY-2.0-FR	0.00	no	operator-widened	прежнее правило: single-source (Tatoeba)
шалтырау	0	3	1	OpenSubtitles+Tatoeba	clean:CC-BY-2.0-FR	0.00	no	two-corpora	OpenSubtitles+Tatoeba
шарлатан	0	3	1	OpenSubtitles+Tatoeba	clean:CC-BY-2.0-FR	0.00	no	two-corpora	OpenSubtitles+Tatoeba
шартлат	0	3	0	OpenSubtitles	risk-accepted:no-grant	0.00	no	operator-widened	прежнее правило: single-source (OpenSubtitles)
шартлатачак	0	3	0	OpenSubtitles	risk-accepted:no-grant	0.00	no	operator-widened	прежнее правило: single-source (OpenSubtitles)
шартлаттык	0	3	0	OpenSubtitles	risk-accepted:no-grant	0.00	no	operator-widened	прежнее правило: single-source (OpenSubtitles)
шартлыйчак	0	3	0	OpenSubtitles	risk-accepted:no-grant	0.00	no	operator-widened	прежнее правило: single-source (OpenSubtitles)
шатлаган	0	3	0	OpenSubtitles	risk-accepted:no-grant	0.00	no	operator-widened	прежнее правило: single-source (OpenSubtitles)
шашкансың	0	3	0	OpenSubtitles	risk-accepted:no-grant	0.00	no	operator-widened	прежнее правило: single-source (OpenSubtitles)
шаштым	0	3	0	OpenSubtitles	risk-accepted:no-grant	0.00	no	operator-widened	прежнее правило: single-source (OpenSubtitles)
шаярасың	0	3	0	OpenSubtitles	risk-accepted:no-grant	0.00	no	operator-widened	прежнее правило: single-source (OpenSubtitles)
шаһны	0	3	0	OpenSubtitles	risk-accepted:no-grant	0.33	no	operator-widened	прежнее правило: single-source (OpenSubtitles)
шикләндем	0	3	0	OpenSubtitles	risk-accepted:no-grant	0.00	no	operator-widened	прежнее правило: single-source (OpenSubtitles)
шикәрме	0	3	1	OpenSubtitles+Tatoeba	clean:CC-BY-2.0-FR	0.00	no	two-corpora	OpenSubtitles+Tatoeba
шпак	0	3	0	OpenSubtitles	risk-accepted:no-grant	1.00	no	operator-widened	прежнее правило: proper-noun-evidence (cap_ratio=1.00>=0.50)
шыбырдап	0	3	3	Tatoeba	clean:CC-BY-2.0-FR	0.00	no	operator-widened	прежнее правило: single-source (Tatoeba)
шыгырдады	0	3	2	OpenSubtitles+Tatoeba	clean:CC-BY-2.0-FR	0.00	no	two-corpora	OpenSubtitles+Tatoeba
шыгырдау	0	3	0	OpenSubtitles	risk-accepted:no-grant	1.00	no	operator-widened	прежнее правило: proper-noun-evidence (cap_ratio=1.00>=0.50)
шәпме	0	3	1	OpenSubtitles+Tatoeba	clean:CC-BY-2.0-FR	0.00	no	two-corpora	OpenSubtitles+Tatoeba
шәрабта	0	3	3	Tatoeba	clean:CC-BY-2.0-FR	0.00	no	operator-widened	прежнее правило: single-source (Tatoeba)
шәрабтан	0	3	1	OpenSubtitles+Tatoeba	clean:CC-BY-2.0-FR	0.00	no	two-corpora	OpenSubtitles+Tatoeba
шәфталу	0	3	2	OpenSubtitles+Tatoeba	clean:CC-BY-2.0-FR	0.00	no	two-corpora	OpenSubtitles+Tatoeba
шәхесем	0	3	1	OpenSubtitles+Tatoeba	clean:CC-BY-2.0-FR	0.00	no	two-corpora	OpenSubtitles+Tatoeba
шәхсилек	0	3	0	OpenSubtitles	risk-accepted:no-grant	0.00	no	operator-widened	прежнее правило: single-source (OpenSubtitles)
ычкындыр	0	3	0	OpenSubtitles	risk-accepted:no-grant	0.00	no	operator-widened	прежнее правило: single-source (OpenSubtitles)
ышандырдың	0	3	0	OpenSubtitles	risk-accepted:no-grant	0.00	no	operator-widened	прежнее правило: single-source (OpenSubtitles)
ышанмыйчак	0	3	0	OpenSubtitles	risk-accepted:no-grant	0.00	no	operator-widened	прежнее правило: single-source (OpenSubtitles)
ышануым	0	3	2	OpenSubtitles+Tatoeba	clean:CC-BY-2.0-FR	0.00	no	two-corpora	OpenSubtitles+Tatoeba
ышануыңны	0	3	2	OpenSubtitles+Tatoeba	clean:CC-BY-2.0-FR	0.00	no	two-corpora	OpenSubtitles+Tatoeba
ышаныргамы	0	3	2	OpenSubtitles+Tatoeba	clean:CC-BY-2.0-FR	0.00	no	two-corpora	OpenSubtitles+Tatoeba
ышанырсыз	0	3	0	OpenSubtitles	risk-accepted:no-grant	0.00	no	operator-widened	прежнее правило: single-source (OpenSubtitles)
эволюциягә	0	3	3	Tatoeba	clean:CC-BY-2.0-FR	0.00	no	operator-widened	прежнее правило: single-source (Tatoeba)
эго	0	3	0	OpenSubtitles	risk-accepted:no-grant	0.33	no	operator-widened	прежнее правило: single-source (OpenSubtitles)
эдвин	0	3	0	OpenSubtitles	risk-accepted:no-grant	1.00	no	operator-widened	прежнее правило: proper-noun-evidence (cap_ratio=1.00>=0.50)
элгечкә	0	3	3	Tatoeba	clean:CC-BY-2.0-FR	0.00	no	operator-widened	прежнее правило: single-source (Tatoeba)
элгечләр	0	3	0	OpenSubtitles	risk-accepted:no-grant	0.00	no	operator-widened	прежнее правило: single-source (OpenSubtitles)
элегант	0	3	3	Tatoeba	clean:CC-BY-2.0-FR	0.00	no	operator-widened	прежнее правило: single-source (Tatoeba)
элегез	0	3	3	Tatoeba	clean:CC-BY-2.0-FR	0.00	no	operator-widened	прежнее правило: single-source (Tatoeba)
электрлы	0	3	0	OpenSubtitles	risk-accepted:no-grant	0.00	no	operator-widened	прежнее правило: single-source (OpenSubtitles)
эләгәчәксез	0	3	0	OpenSubtitles	risk-accepted:no-grant	0.00	no	operator-widened	прежнее правило: single-source (OpenSubtitles)
энди	0	3	0	OpenSubtitles	risk-accepted:no-grant	1.00	no	operator-widened	прежнее правило: proper-noun-evidence (cap_ratio=1.00>=0.50)
эссекс	0	3	0	OpenSubtitles	risk-accepted:no-grant	1.00	no	operator-widened	прежнее правило: proper-noun-evidence (cap_ratio=1.00>=0.50)
этенә	0	3	3	Tatoeba	clean:CC-BY-2.0-FR	0.00	no	operator-widened	прежнее правило: single-source (Tatoeba)
эчмәсәң	0	3	2	OpenSubtitles+Tatoeba	clean:CC-BY-2.0-FR	0.00	no	two-corpora	OpenSubtitles+Tatoeba
эшеңме	0	3	0	OpenSubtitles	risk-accepted:no-grant	0.00	no	operator-widened	прежнее правило: single-source (OpenSubtitles)
эшлимме	0	3	0	OpenSubtitles	risk-accepted:no-grant	0.00	no	operator-widened	прежнее правило: single-source (OpenSubtitles)
эшләгәнче	0	3	0	OpenSubtitles	risk-accepted:no-grant	0.00	no	operator-widened	прежнее правило: single-source (OpenSubtitles)
эшләдеме	0	3	0	OpenSubtitles	risk-accepted:no-grant	0.00	no	operator-widened	прежнее правило: single-source (OpenSubtitles)
эшләдемме	0	3	2	OpenSubtitles+Tatoeba	clean:CC-BY-2.0-FR	0.00	no	two-corpora	OpenSubtitles+Tatoeba
эшләки	0	3	3	Tatoeba	clean:CC-BY-2.0-FR	0.00	no	operator-widened	прежнее правило: single-source (Tatoeba)
эшләмик	0	3	3	Tatoeba	clean:CC-BY-2.0-FR	0.00	no	operator-widened	прежнее правило: single-source (Tatoeba)
эшләячәгеңне	0	3	3	Tatoeba	clean:CC-BY-2.0-FR	0.00	no	operator-widened	прежнее правило: single-source (Tatoeba)
эшләячәксең	0	3	0	OpenSubtitles	risk-accepted:no-grant	0.00	no	operator-widened	прежнее правило: single-source (OpenSubtitles)
ээ	0	3	0	OpenSubtitles	risk-accepted:no-grant	0.00	no	operator-widened	прежнее правило: single-source (OpenSubtitles)
юарсың	0	3	3	Tatoeba	clean:CC-BY-2.0-FR	0.00	no	operator-widened	прежнее правило: single-source (Tatoeba)
югалдым	0	3	0	OpenSubtitles	risk-accepted:no-grant	0.00	no	operator-widened	прежнее правило: single-source (OpenSubtitles)
югалтканчы	0	3	2	OpenSubtitles+Tatoeba	clean:CC-BY-2.0-FR	0.00	no	two-corpora	OpenSubtitles+Tatoeba
югалтмадым	0	3	0	OpenSubtitles	risk-accepted:no-grant	0.00	no	operator-widened	прежнее правило: single-source (OpenSubtitles)
югалтыңмы	0	3	0	OpenSubtitles	risk-accepted:no-grant	0.00	no	operator-widened	прежнее правило: single-source (OpenSubtitles)
юләрне	0	3	1	OpenSubtitles+Tatoeba	clean:CC-BY-2.0-FR	0.00	no	two-corpora	OpenSubtitles+Tatoeba
юнәлтәм	0	3	1	OpenSubtitles+Tatoeba	clean:CC-BY-2.0-FR	0.00	no	two-corpora	OpenSubtitles+Tatoeba
ябалакка	0	3	3	Tatoeba	clean:CC-BY-2.0-FR	0.00	no	operator-widened	прежнее правило: single-source (Tatoeba)
ябыштыргыч	0	3	0	OpenSubtitles	risk-accepted:no-grant	0.00	no	operator-widened	прежнее правило: single-source (OpenSubtitles)
язарсың	0	3	2	OpenSubtitles+Tatoeba	clean:CC-BY-2.0-FR	0.00	no	two-corpora	OpenSubtitles+Tatoeba
язганмыни	0	3	3	Tatoeba	clean:CC-BY-2.0-FR	0.00	no	operator-widened	прежнее правило: single-source (Tatoeba)
язганнарның	0	3	2	OpenSubtitles+Tatoeba	clean:CC-BY-2.0-FR	0.00	no	two-corpora	OpenSubtitles+Tatoeba
яздырганда	0	3	1	OpenSubtitles+Tatoeba	clean:CC-BY-2.0-FR	0.00	no	two-corpora	OpenSubtitles+Tatoeba
язмаларыңны	0	3	1	OpenSubtitles+Tatoeba	clean:CC-BY-2.0-FR	0.00	no	two-corpora	OpenSubtitles+Tatoeba
язмы	0	3	3	Tatoeba	clean:CC-BY-2.0-FR	0.00	no	operator-widened	прежнее правило: single-source (Tatoeba)
якан	0	3	0	OpenSubtitles	risk-accepted:no-grant	0.00	no	operator-widened	прежнее правило: single-source (OpenSubtitles)
якинны	0	3	0	OpenSubtitles	risk-accepted:no-grant	1.00	no	operator-widened	прежнее правило: proper-noun-evidence (cap_ratio=1.00>=0.50)
яклаучыларың	0	3	0	OpenSubtitles	risk-accepted:no-grant	0.00	no	operator-widened	прежнее правило: single-source (OpenSubtitles)
яктыда	0	3	2	OpenSubtitles+Tatoeba	clean:CC-BY-2.0-FR	0.00	no	two-corpora	OpenSubtitles+Tatoeba
яктырт	0	3	2	OpenSubtitles+Tatoeba	clean:CC-BY-2.0-FR	0.00	no	two-corpora	OpenSubtitles+Tatoeba
якындамы	0	3	1	OpenSubtitles+Tatoeba	clean:CC-BY-2.0-FR	0.00	no	two-corpora	OpenSubtitles+Tatoeba
якынмы	0	3	3	Tatoeba	clean:CC-BY-2.0-FR	0.00	no	operator-widened	прежнее правило: single-source (Tatoeba)
ялагайлана	0	3	2	OpenSubtitles+Tatoeba	clean:CC-BY-2.0-FR	0.00	no	two-corpora	OpenSubtitles+Tatoeba
ялагайлар	0	3	3	Tatoeba	clean:CC-BY-2.0-FR	0.00	no	operator-widened	прежнее правило: single-source (Tatoeba)
ялагайлары	0	3	0	OpenSubtitles	risk-accepted:no-grant	0.00	no	operator-widened	прежнее правило: single-source (OpenSubtitles)
ялганлавы	0	3	3	Tatoeba	clean:CC-BY-2.0-FR	0.00	no	operator-widened	прежнее правило: single-source (Tatoeba)
ялганлады	0	3	3	Tatoeba	clean:CC-BY-2.0-FR	0.00	no	operator-widened	прежнее правило: single-source (Tatoeba)
ялганладым	0	3	3	Tatoeba	clean:CC-BY-2.0-FR	0.00	no	operator-widened	прежнее правило: single-source (Tatoeba)
ялганма	0	3	1	OpenSubtitles+Tatoeba	clean:CC-BY-2.0-FR	0.00	no	two-corpora	OpenSubtitles+Tatoeba
ялгышкандыр	0	3	0	OpenSubtitles	risk-accepted:no-grant	0.00	no	operator-widened	прежнее правило: single-source (OpenSubtitles)
ялгышкансыздыр	0	3	2	OpenSubtitles+Tatoeba	clean:CC-BY-2.0-FR	0.00	no	two-corpora	OpenSubtitles+Tatoeba
ялгышканымны	0	3	0	OpenSubtitles	risk-accepted:no-grant	0.00	no	operator-widened	прежнее правило: single-source (OpenSubtitles)
ялгышмас	0	3	2	OpenSubtitles+Tatoeba	clean:CC-BY-2.0-FR	0.00	no	two-corpora	OpenSubtitles+Tatoeba
ялгышса	0	3	0	OpenSubtitles	risk-accepted:no-grant	0.00	no	operator-widened	прежнее правило: single-source (OpenSubtitles)
ялкауга	0	3	2	OpenSubtitles+Tatoeba	clean:CC-BY-2.0-FR	0.00	no	two-corpora	OpenSubtitles+Tatoeba
ялкаулыкка	0	3	2	OpenSubtitles+Tatoeba	clean:CC-BY-2.0-FR	0.00	no	two-corpora	OpenSubtitles+Tatoeba
яманлыктан	0	3	1	OpenSubtitles+Tatoeba	clean:CC-BY-2.0-FR	0.00	no	two-corpora	OpenSubtitles+Tatoeba
яманны	0	3	2	OpenSubtitles+Tatoeba	clean:CC-BY-2.0-FR	0.00	no	two-corpora	OpenSubtitles+Tatoeba
яндырачак	0	3	0	OpenSubtitles	risk-accepted:no-grant	0.00	no	operator-widened	прежнее правило: single-source (OpenSubtitles)
янчыгында	0	3	2	OpenSubtitles+Tatoeba	clean:CC-BY-2.0-FR	0.00	no	two-corpora	OpenSubtitles+Tatoeba
яныйсыңмы	0	3	0	OpenSubtitles	risk-accepted:no-grant	0.00	no	operator-widened	прежнее правило: single-source (OpenSubtitles)
яныңдамы	0	3	2	OpenSubtitles+Tatoeba	clean:CC-BY-2.0-FR	0.00	no	two-corpora	OpenSubtitles+Tatoeba
япмагыз	0	3	1	OpenSubtitles+Tatoeba	clean:CC-BY-2.0-FR	0.00	no	two-corpora	OpenSubtitles+Tatoeba
япмады	0	3	2	OpenSubtitles+Tatoeba	clean:CC-BY-2.0-FR	0.00	no	two-corpora	OpenSubtitles+Tatoeba
яраладың	0	3	0	OpenSubtitles	risk-accepted:no-grant	0.00	no	operator-widened	прежнее правило: single-source (OpenSubtitles)
яратачак	0	3	0	OpenSubtitles	risk-accepted:no-grant	0.00	no	operator-widened	прежнее правило: single-source (OpenSubtitles)
яраттыңмы	0	3	2	OpenSubtitles+Tatoeba	clean:CC-BY-2.0-FR	0.00	no	two-corpora	OpenSubtitles+Tatoeba
ярашыр	0	3	3	Tatoeba	clean:CC-BY-2.0-FR	0.00	no	operator-widened	прежнее правило: single-source (Tatoeba)
ярыйма	0	3	0	OpenSubtitles	risk-accepted:no-grant	0.00	no	operator-widened	прежнее правило: single-source (OpenSubtitles)
ясагансыз	0	3	0	OpenSubtitles	risk-accepted:no-grant	0.00	no	operator-widened	прежнее правило: single-source (OpenSubtitles)
ясагансың	0	3	1	OpenSubtitles+Tatoeba	clean:CC-BY-2.0-FR	0.00	no	two-corpora	OpenSubtitles+Tatoeba
ясамадың	0	3	0	OpenSubtitles	risk-accepted:no-grant	0.00	no	operator-widened	прежнее правило: single-source (OpenSubtitles)
ятасыңмы	0	3	2	OpenSubtitles+Tatoeba	clean:CC-BY-2.0-FR	0.00	no	two-corpora	OpenSubtitles+Tatoeba
яткызабыз	0	3	0	OpenSubtitles	risk-accepted:no-grant	0.00	no	operator-widened	прежнее правило: single-source (OpenSubtitles)
яттыңмы	0	3	0	OpenSubtitles	risk-accepted:no-grant	0.00	no	operator-widened	прежнее правило: single-source (OpenSubtitles)
яфрагыннан	0	3	2	OpenSubtitles+Tatoeba	clean:CC-BY-2.0-FR	0.00	no	two-corpora	OpenSubtitles+Tatoeba
яхтага	0	3	0	OpenSubtitles	risk-accepted:no-grant	0.00	no	operator-widened	прежнее правило: single-source (OpenSubtitles)
яшердегез	0	3	1	OpenSubtitles+Tatoeba	clean:CC-BY-2.0-FR	0.00	no	two-corpora	OpenSubtitles+Tatoeba
яшьлегеңдә	0	3	3	Tatoeba	clean:CC-BY-2.0-FR	0.00	no	operator-widened	прежнее правило: single-source (Tatoeba)
яшәгәнегезне	0	3	2	OpenSubtitles+Tatoeba	clean:CC-BY-2.0-FR	0.00	no	two-corpora	OpenSubtitles+Tatoeba
яшәгәнеңне	0	3	2	OpenSubtitles+Tatoeba	clean:CC-BY-2.0-FR	0.00	no	two-corpora	OpenSubtitles+Tatoeba
яшәгәнме	0	3	0	OpenSubtitles	risk-accepted:no-grant	0.00	no	operator-widened	прежнее правило: single-source (OpenSubtitles)
яшәдеңме	0	3	1	OpenSubtitles+Tatoeba	clean:CC-BY-2.0-FR	0.00	no	two-corpora	OpenSubtitles+Tatoeba
яңаклаудан	0	3	2	OpenSubtitles+Tatoeba	clean:CC-BY-2.0-FR	0.00	no	two-corpora	OpenSubtitles+Tatoeba
җарвисны	0	3	0	OpenSubtitles	risk-accepted:no-grant	1.00	no	operator-widened	прежнее правило: proper-noun-evidence (cap_ratio=1.00>=0.50)
җебек	0	3	0	OpenSubtitles	risk-accepted:no-grant	1.00	no	operator-widened	прежнее правило: proper-noun-evidence (cap_ratio=1.00>=0.50)
җибәрлек	0	3	0	OpenSubtitles	risk-accepted:no-grant	0.00	no	operator-widened	прежнее правило: single-source (OpenSubtitles)
җибәрмәячәкләр	0	3	1	OpenSubtitles+Tatoeba	clean:CC-BY-2.0-FR	0.00	no	two-corpora	OpenSubtitles+Tatoeba
җибәрәсезме	0	3	0	OpenSubtitles	risk-accepted:no-grant	0.00	no	operator-widened	прежнее правило: single-source (OpenSubtitles)
җикән	0	3	3	Tatoeba	clean:CC-BY-2.0-FR	0.00	no	operator-widened	прежнее правило: single-source (Tatoeba)
җилән	0	3	3	Tatoeba	clean:CC-BY-2.0-FR	0.00	no	operator-widened	прежнее правило: single-source (Tatoeba)
җимерәсең	0	3	0	OpenSubtitles	risk-accepted:no-grant	0.00	no	operator-widened	прежнее правило: single-source (OpenSubtitles)
җимерәчәкмен	0	3	1	OpenSubtitles+Tatoeba	clean:CC-BY-2.0-FR	0.00	no	two-corpora	OpenSubtitles+Tatoeba
җимешләрдән	0	3	3	Tatoeba	clean:CC-BY-2.0-FR	0.00	no	operator-widened	прежнее правило: single-source (Tatoeba)
җимне	0	3	1	OpenSubtitles+Tatoeba	clean:CC-BY-2.0-FR	0.00	no	two-corpora	OpenSubtitles+Tatoeba
җирлеләр	0	3	1	OpenSubtitles+Tatoeba	clean:CC-BY-2.0-FR	0.00	no	two-corpora	OpenSubtitles+Tatoeba
җирләнергә	0	3	0	OpenSubtitles	risk-accepted:no-grant	0.00	no	operator-widened	прежнее правило: single-source (OpenSubtitles)
җитешербез	0	3	0	OpenSubtitles	risk-accepted:no-grant	0.00	no	operator-widened	прежнее правило: single-source (OpenSubtitles)
җитешәбез	0	3	0	OpenSubtitles	risk-accepted:no-grant	0.00	no	operator-widened	прежнее правило: single-source (OpenSubtitles)
җитешәсең	0	3	0	OpenSubtitles	risk-accepted:no-grant	0.00	no	operator-widened	прежнее правило: single-source (OpenSubtitles)
җитсәк	0	3	0	OpenSubtitles	risk-accepted:no-grant	0.00	no	operator-widened	прежнее правило: single-source (OpenSubtitles)
җиттегез	0	3	2	OpenSubtitles+Tatoeba	clean:CC-BY-2.0-FR	0.00	no	two-corpora	OpenSubtitles+Tatoeba
җиттеңме	0	3	1	OpenSubtitles+Tatoeba	clean:CC-BY-2.0-FR	0.00	no	two-corpora	OpenSubtitles+Tatoeba
җиңелдең	0	3	0	OpenSubtitles	risk-accepted:no-grant	0.00	no	operator-widened	прежнее правило: single-source (OpenSubtitles)
җиңәчәген	0	3	0	OpenSubtitles	risk-accepted:no-grant	0.00	no	operator-widened	прежнее правило: single-source (OpenSubtitles)
җыелыштагыларның	0	3	3	Tatoeba	clean:CC-BY-2.0-FR	0.00	no	operator-widened	прежнее правило: single-source (Tatoeba)
җыенабызмы	0	3	1	OpenSubtitles+Tatoeba	clean:CC-BY-2.0-FR	0.00	no	two-corpora	OpenSubtitles+Tatoeba
җыештырам	0	3	1	OpenSubtitles+Tatoeba	clean:CC-BY-2.0-FR	0.00	no	two-corpora	OpenSubtitles+Tatoeba
җыйдың	0	3	0	OpenSubtitles	risk-accepted:no-grant	0.00	no	operator-widened	прежнее правило: single-source (OpenSubtitles)
җыйнаксыз	0	3	2	OpenSubtitles+Tatoeba	clean:CC-BY-2.0-FR	0.00	no	two-corpora	OpenSubtitles+Tatoeba
җылыт	0	3	1	OpenSubtitles+Tatoeba	clean:CC-BY-2.0-FR	0.00	no	two-corpora	OpenSubtitles+Tatoeba
җырларбыз	0	3	2	OpenSubtitles+Tatoeba	clean:CC-BY-2.0-FR	0.00	no	two-corpora	OpenSubtitles+Tatoeba
җырчыгыз	0	3	3	Tatoeba	clean:CC-BY-2.0-FR	0.00	no	operator-widened	прежнее правило: single-source (Tatoeba)
җәзамы	0	3	0	OpenSubtitles	risk-accepted:no-grant	0.00	no	operator-widened	прежнее правило: single-source (OpenSubtitles)
җәллады	0	3	0	OpenSubtitles	risk-accepted:no-grant	0.00	no	operator-widened	прежнее правило: single-source (OpenSubtitles)
җөмләләрен	0	3	3	Tatoeba	clean:CC-BY-2.0-FR	0.00	no	operator-widened	прежнее правило: single-source (Tatoeba)
үбешергә	0	3	1	OpenSubtitles+Tatoeba	clean:CC-BY-2.0-FR	0.00	no	two-corpora	OpenSubtitles+Tatoeba
үбәсем	0	3	3	Tatoeba	clean:CC-BY-2.0-FR	0.00	no	operator-widened	прежнее правило: single-source (Tatoeba)
үзгәрдем	0	3	0	OpenSubtitles	risk-accepted:no-grant	0.00	no	operator-widened	прежнее правило: single-source (OpenSubtitles)
үзгәрмәдең	0	3	2	OpenSubtitles+Tatoeba	clean:CC-BY-2.0-FR	0.00	no	two-corpora	OpenSubtitles+Tatoeba
үзгәрт	0	3	2	OpenSubtitles+Tatoeba	clean:CC-BY-2.0-FR	0.00	no	two-corpora	OpenSubtitles+Tatoeba
үзгәртмәячәкмен	0	3	3	Tatoeba	clean:CC-BY-2.0-FR	0.00	no	operator-widened	прежнее правило: single-source (Tatoeba)
үзләрне	0	3	0	OpenSubtitles	risk-accepted:no-grant	0.00	no	operator-widened	прежнее правило: single-source (OpenSubtitles)
үкен	0	3	3	Tatoeba	clean:CC-BY-2.0-FR	0.00	no	operator-widened	прежнее правило: single-source (Tatoeba)
үкенде	0	3	3	Tatoeba	clean:CC-BY-2.0-FR	0.00	no	operator-widened	прежнее правило: single-source (Tatoeba)
үкенмичә	0	3	0	OpenSubtitles	risk-accepted:no-grant	0.00	no	operator-widened	прежнее правило: single-source (OpenSubtitles)
үкенмәссең	0	3	1	OpenSubtitles+Tatoeba	clean:CC-BY-2.0-FR	0.00	no	two-corpora	OpenSubtitles+Tatoeba
үкенәчәкмен	0	3	0	OpenSubtitles	risk-accepted:no-grant	0.00	no	operator-widened	прежнее правило: single-source (OpenSubtitles)
үлемдә	0	3	1	OpenSubtitles+Tatoeba	clean:CC-BY-2.0-FR	0.00	no	two-corpora	OpenSubtitles+Tatoeba
үлемең	0	3	0	OpenSubtitles	risk-accepted:no-grant	0.00	no	operator-widened	прежнее правило: single-source (OpenSubtitles)
үлергә	0	3	1	OpenSubtitles+Tatoeba	clean:CC-BY-2.0-FR	0.00	no	two-corpora	OpenSubtitles+Tatoeba
үлмәячәкмен	0	3	2	OpenSubtitles+Tatoeba	clean:CC-BY-2.0-FR	0.00	no	two-corpora	OpenSubtitles+Tatoeba
үләсеңме	0	3	1	OpenSubtitles+Tatoeba	clean:CC-BY-2.0-FR	0.00	no	two-corpora	OpenSubtitles+Tatoeba
үләчәкменме	0	3	0	OpenSubtitles	risk-accepted:no-grant	0.00	no	operator-widened	прежнее правило: single-source (OpenSubtitles)
үрдәге	0	3	3	Tatoeba	clean:CC-BY-2.0-FR	0.00	no	operator-widened	прежнее правило: single-source (Tatoeba)
үрмәкүчләрдән	0	3	3	Tatoeba	clean:CC-BY-2.0-FR	0.00	no	operator-widened	прежнее правило: single-source (Tatoeba)
үрмәкүчләрне	0	3	3	Tatoeba	clean:CC-BY-2.0-FR	0.00	no	operator-widened	прежнее правило: single-source (Tatoeba)
үрмәкүчнең	0	3	1	OpenSubtitles+Tatoeba	clean:CC-BY-2.0-FR	0.00	no	two-corpora	OpenSubtitles+Tatoeba
үрнәктән	0	3	1	OpenSubtitles+Tatoeba	clean:CC-BY-2.0-FR	0.00	no	two-corpora	OpenSubtitles+Tatoeba
үрт	0	3	3	Tatoeba	clean:CC-BY-2.0-FR	0.00	no	operator-widened	прежнее правило: single-source (Tatoeba)
үскәнсең	0	3	0	OpenSubtitles	risk-accepted:no-grant	0.00	no	operator-widened	прежнее правило: single-source (OpenSubtitles)
үсмәс	0	3	3	Tatoeba	clean:CC-BY-2.0-FR	0.00	no	operator-widened	прежнее правило: single-source (Tatoeba)
үсәсең	0	3	1	OpenSubtitles+Tatoeba	clean:CC-BY-2.0-FR	0.00	no	two-corpora	OpenSubtitles+Tatoeba
үтенегез	0	3	3	Tatoeba	clean:CC-BY-2.0-FR	0.00	no	operator-widened	прежнее правило: single-source (Tatoeba)
үтенмә	0	3	2	OpenSubtitles+Tatoeba	clean:CC-BY-2.0-FR	0.00	no	two-corpora	OpenSubtitles+Tatoeba
үтерергәме	0	3	0	OpenSubtitles	risk-accepted:no-grant	0.00	no	operator-widened	прежнее правило: single-source (OpenSubtitles)
үтерик	0	3	0	OpenSubtitles	risk-accepted:no-grant	0.00	no	operator-widened	прежнее правило: single-source (OpenSubtitles)
үтермисең	0	3	0	OpenSubtitles	risk-accepted:no-grant	0.00	no	operator-widened	прежнее правило: single-source (OpenSubtitles)
үтерсәләр	0	3	0	OpenSubtitles	risk-accepted:no-grant	0.00	no	operator-widened	прежнее правило: single-source (OpenSubtitles)
үтерсәм	0	3	0	OpenSubtitles	risk-accepted:no-grant	0.00	no	operator-widened	прежнее правило: single-source (OpenSubtitles)
үтерәчәкләрме	0	3	0	OpenSubtitles	risk-accepted:no-grant	0.00	no	operator-widened	прежнее правило: single-source (OpenSubtitles)
үткәнең	0	3	2	OpenSubtitles+Tatoeba	clean:CC-BY-2.0-FR	0.00	no	two-corpora	OpenSubtitles+Tatoeba
үтәмәдем	0	3	0	OpenSubtitles	risk-accepted:no-grant	0.00	no	operator-widened	прежнее правило: single-source (OpenSubtitles)
үтәрмен	0	3	1	OpenSubtitles+Tatoeba	clean:CC-BY-2.0-FR	0.00	no	two-corpora	OpenSubtitles+Tatoeba
үчлекле	0	3	1	OpenSubtitles+Tatoeba	clean:CC-BY-2.0-FR	0.00	no	two-corpora	OpenSubtitles+Tatoeba
һавайя	0	3	3	Tatoeba	clean:CC-BY-2.0-FR	1.00	no	operator-widened	прежнее правило: proper-noun-evidence (cap_ratio=1.00>=0.50)
һаваһөҗүм	0	3	0	OpenSubtitles	risk-accepted:no-grant	0.00	no	operator-widened	прежнее правило: single-source (OpenSubtitles)
һайнрих	0	3	3	Tatoeba	clean:CC-BY-2.0-FR	1.00	no	operator-widened	прежнее правило: proper-noun-evidence (cap_ratio=1.00>=0.50)
һарви	0	3	0	OpenSubtitles	risk-accepted:no-grant	1.00	no	operator-widened	прежнее правило: proper-noun-evidence (cap_ratio=1.00>=0.50)
һаулның	0	3	0	OpenSubtitles	risk-accepted:no-grant	1.00	no	operator-widened	прежнее правило: proper-noun-evidence (cap_ratio=1.00>=0.50)
һаффлпафф	0	3	0	OpenSubtitles	risk-accepted:no-grant	1.00	no	operator-widened	прежнее правило: proper-noun-evidence (cap_ratio=1.00>=0.50)
һерли	0	3	0	OpenSubtitles	risk-accepted:no-grant	0.00	no	operator-widened	прежнее правило: single-source (OpenSubtitles)
һимнны	0	3	3	Tatoeba	clean:CC-BY-2.0-FR	0.00	no	operator-widened	прежнее правило: single-source (Tatoeba)
әзерлисең	0	3	2	OpenSubtitles+Tatoeba	clean:CC-BY-2.0-FR	0.00	no	two-corpora	OpenSubtitles+Tatoeba
әзерлисеңме	0	3	0	OpenSubtitles	risk-accepted:no-grant	0.00	no	operator-widened	прежнее правило: single-source (OpenSubtitles)
әзерләдеңме	0	3	1	OpenSubtitles+Tatoeba	clean:CC-BY-2.0-FR	0.00	no	two-corpora	OpenSubtitles+Tatoeba
әзерләргәме	0	3	2	OpenSubtitles+Tatoeba	clean:CC-BY-2.0-FR	0.00	no	two-corpora	OpenSubtitles+Tatoeba
әйберләреме	0	3	3	Tatoeba	clean:CC-BY-2.0-FR	0.00	no	operator-widened	прежнее правило: single-source (Tatoeba)
әйберләрең	0	3	0	OpenSubtitles	risk-accepted:no-grant	0.00	no	operator-widened	прежнее правило: single-source (OpenSubtitles)
әйләнмәләрен	0	3	0	OpenSubtitles	risk-accepted:no-grant	0.00	no	operator-widened	прежнее правило: single-source (OpenSubtitles)
әйме	0	3	0	OpenSubtitles	risk-accepted:no-grant	0.00	no	operator-widened	прежнее правило: single-source (OpenSubtitles)
әйтмисез	0	3	2	OpenSubtitles+Tatoeba	clean:CC-BY-2.0-FR	0.00	no	two-corpora	OpenSubtitles+Tatoeba
әйтмисеңме	0	3	0	OpenSubtitles	risk-accepted:no-grant	0.00	no	operator-widened	прежнее правило: single-source (OpenSubtitles)
әйтмичәкмен	0	3	0	OpenSubtitles	risk-accepted:no-grant	0.00	no	operator-widened	прежнее правило: single-source (OpenSubtitles)
әйтмәдемме	0	3	1	OpenSubtitles+Tatoeba	clean:CC-BY-2.0-FR	0.00	no	two-corpora	OpenSubtitles+Tatoeba
әйтмәдеммени	0	3	3	Tatoeba	clean:CC-BY-2.0-FR	0.00	no	operator-widened	прежнее правило: single-source (Tatoeba)
әйтүемне	0	3	3	Tatoeba	clean:CC-BY-2.0-FR	0.00	no	operator-widened	прежнее правило: single-source (Tatoeba)
әйтәчәгеңне	0	3	1	OpenSubtitles+Tatoeba	clean:CC-BY-2.0-FR	0.00	no	two-corpora	OpenSubtitles+Tatoeba
әлманахны	0	3	0	OpenSubtitles	risk-accepted:no-grant	0.00	no	operator-widened	прежнее правило: single-source (OpenSubtitles)
әниегезне	0	3	2	OpenSubtitles+Tatoeba	clean:CC-BY-2.0-FR	0.00	no	two-corpora	OpenSubtitles+Tatoeba
әниегезнең	0	3	2	OpenSubtitles+Tatoeba	clean:CC-BY-2.0-FR	0.00	no	two-corpora	OpenSubtitles+Tatoeba
әтәче	0	3	3	Tatoeba	clean:CC-BY-2.0-FR	0.00	no	operator-widened	прежнее правило: single-source (Tatoeba)
әфсене	0	3	0	OpenSubtitles	risk-accepted:no-grant	0.00	no	operator-widened	прежнее правило: single-source (OpenSubtitles)
әфьюнны	0	3	0	OpenSubtitles	risk-accepted:no-grant	0.00	no	operator-widened	прежнее правило: single-source (OpenSubtitles)
әфьюнсез	0	3	0	OpenSubtitles	risk-accepted:no-grant	0.00	no	operator-widened	прежнее правило: single-source (OpenSubtitles)
әфәндеме	0	3	1	OpenSubtitles+Tatoeba	clean:CC-BY-2.0-FR	0.00	no	two-corpora	OpenSubtitles+Tatoeba
әәә	0	3	0	OpenSubtitles	risk-accepted:no-grant	0.00	no	operator-widened	прежнее правило: single-source (OpenSubtitles)
өйенә	0	3	1	OpenSubtitles+Tatoeba	clean:CC-BY-2.0-FR	0.00	no	two-corpora	OpenSubtitles+Tatoeba
өйрә	0	3	3	Tatoeba	clean:CC-BY-2.0-FR	0.00	no	operator-widened	прежнее правило: single-source (Tatoeba)
өйрәнгәнең	0	3	3	Tatoeba	clean:CC-BY-2.0-FR	0.00	no	operator-widened	прежнее правило: single-source (Tatoeba)
өйрәндегезме	0	3	2	OpenSubtitles+Tatoeba	clean:CC-BY-2.0-FR	0.00	no	two-corpora	OpenSubtitles+Tatoeba
өйрәнмим	0	3	3	Tatoeba	clean:CC-BY-2.0-FR	0.00	no	operator-widened	прежнее правило: single-source (Tatoeba)
өйрәнмәдек	0	3	0	OpenSubtitles	risk-accepted:no-grant	0.00	no	operator-widened	прежнее правило: single-source (OpenSubtitles)
өйрәнәсез	0	3	3	Tatoeba	clean:CC-BY-2.0-FR	0.00	no	operator-widened	прежнее правило: single-source (Tatoeba)
өйрәтмәдеме	0	3	1	OpenSubtitles+Tatoeba	clean:CC-BY-2.0-FR	0.00	no	two-corpora	OpenSubtitles+Tatoeba
өйрәтәсең	0	3	0	OpenSubtitles	risk-accepted:no-grant	0.00	no	operator-widened	прежнее правило: single-source (OpenSubtitles)
өленге	0	3	3	Tatoeba	clean:CC-BY-2.0-FR	0.00	no	operator-widened	прежнее правило: single-source (Tatoeba)
өметләнәсез	0	3	0	OpenSubtitles	risk-accepted:no-grant	0.00	no	operator-widened	прежнее правило: single-source (OpenSubtitles)
өметсезләнгән	0	3	0	OpenSubtitles	risk-accepted:no-grant	0.00	no	operator-widened	прежнее правило: single-source (OpenSubtitles)
өрекләр	0	3	0	OpenSubtitles	risk-accepted:no-grant	0.00	no	operator-widened	прежнее правило: single-source (OpenSubtitles)
өрәкләргә	0	3	3	Tatoeba	clean:CC-BY-2.0-FR	0.00	no	operator-widened	прежнее правило: single-source (Tatoeba)
өстенлексез	0	3	0	OpenSubtitles	risk-accepted:no-grant	0.33	no	operator-widened	прежнее правило: single-source (OpenSubtitles)
өшеде	0	3	3	Tatoeba	clean:CC-BY-2.0-FR	0.00	no	operator-widened	прежнее правило: single-source (Tatoeba)
өянке	0	3	3	Tatoeba	clean:CC-BY-2.0-FR	0.00	no	operator-widened	прежнее правило: single-source (Tatoeba)
