# Разговорная частота слов, измеренная миссией tt-dict-accept одним проходом по корпусам.
# Одна строка — слово и число его вхождений в обучающей части разговорных корпусов ПОСЛЕ
# фильтрации (`research/corpus/filters.py`). Ровно эта величина стоит в колонке `train_freq`
# очереди приёмки; здесь она есть и для слов, которых в очереди нет, — для тех, что уже стоят
# в поставляемом словаре.
#
# Зачем этот файл коммитится. Досье разделяет два вопроса: СОСТАВ словаря режется вторым
# независимым источником, ЧАСТОТЫ берутся из всего корпуса целиком, включая OpenSubtitles.
# Значит разговорную частоту надо прибавить и поставляемым словам тоже, иначе шкалы
# расходятся: у новичка частота из 482 млн токенов субтитров, у старожила — из письменного
# Leipzig. Первая сборка этой миссии так и ошиблась, и на префиксе «пап» тройка стала
# `папочка|папин|папочку`. Без этого файла пересборка требовала бы 1,5 ГБ корпуса на диске.
#
# Строк только для слов, которые могут оказаться в ассете: поставляемый словарь плюс очередь.
# Слова с нулевой разговорной частотой пропущены.
# Источник: Tatoeba-v2026-07-08.tt.txt.gz OpenSubtitles-v2024.tt.txt.gz
# Базовый ассет: 2d98ed359aa11261a5042a13c5ca9459c6e365c6ab4bf0563d0e3604a7485cae
# Пересоздаётся: python3 research/corpus/measure_accept.py <tag> out/shipped-1.8.4 <корпуса>
word	conv_freq
а	26
аааа	3
абага	10
абай	5
абау	44
аббат	4
абзар	10
абзарда	6
абзый	73
абзыйны	3
абруе	7
абруен	6
абруена	4
абруйлы	19
абсолют	8
абстракт	6
абсурд	4
абыегыз	3
абыем	66
абыема	7
абыемны	5
абыемның	13
абыең	33
абыеңа	4
абыеңны	8
абыеңның	4
абый	107
абыйлар	4
абыйлары	5
абыйларым	3
абыйсы	33
абыйсын	4
абыйсына	4
абынды	4
абынып	5
абыстай	4
ава	3
аваз	11
авазлар	5
авазны	3
аванс	4
авансны	4
авар	3
аварга	3
авария	14
авариягә	11
август	6
августта	5
авиаоешмасы	5
австралиялеләр	3
австралиянең	3
автобус	67
автобуска	22
автобуслар	3
автобусны	9
автобуста	22
автомат	7
автоматик	8
автоматы	3
автомобилем	3
автомобиль	22
автомобильләр	6
автор	8
авторлары	4
авторлык	4
авторның	5
авторы	13
авыз	47
авызга	5
авызда	4
авыздан	12
авызлы	3
авызны	6
авызы	17
авызыгызны	8
авызымны	3
авызын	23
авызына	17
авызында	5
авызыннан	5
авызың	11
авызыңа	8
авызыңнан	3
авызыңны	77
авыл	70
авылга	21
авылда	32
авылдан	6
авыллар	3
авылларда	6
авылны	8
авылның	6
авылы	7
авылында	8
авыр	358
авырая	3
авырга	4
авырдыр	4
авырлы	4
авырлыгы	17
авырлыгым	3
авырлыгымны	3
авырлыгын	5
авырлыгың	4
авырлык	17
авырлыклар	7
авырлыкта	3
авырмы	8
авыррак	19
авырта	87
авыртадыр	3
авыртамы	15
авыртачак	10
авырткан	8
авыртмый	7
авыртты	5
авырттырды	4
авырттырдым	5
авырту	38
авыртуга	5
авыртудан	8
авыртулы	4
авыртуны	15
авыртуы	9
авыртуыннан	5
авыртып	3
авыру	58
авыруга	6
авырудан	11
авырулар	12
авырулардан	3
авыруны	8
авыруның	14
авыруы	12
авыры	4
авырый	37
авырып	21
ага	45
агай	7
агара	3
агарган	4
агарды	3
агарынган	4
агарынып	5
агарып	3
агач	154
агачка	27
агачлар	32
агачларга	4
агачларда	6
агачларны	16
агачлары	6
агачны	15
агачның	10
агачта	13
агачтан	28
агачы	21
агачын	4
агачының	3
агент	10
агентлар	8
агентлыгы	4
агрессив	10
агу	27
агулаган	3
агулады	3
агулану	5
агулау	3
агулы	22
агулый	3
агуны	8
агуы	7
агыз	3
агызу	3
агызып	3
агыла	3
агым	15
агымга	4
агымдагы	5
агымы	8
агып	17
агыры	4
адам	4
адашкан	3
адаштык	4
адаштым	6
адашу	3
адашып	8
адвокат	14
адрес	14
адресны	6
адресы	3
адресыгызны	4
адресым	4
адресымны	3
адресын	12
адресыңны	3
адым	45
адымга	5
адымда	7
адымнар	9
адымнарны	3
адымны	4
адымы	4
адәм	99
адәмгә	5
адәмне	6
адәмнең	5
ае	8
аек	19
аен	4
аенда	18
аеннан	3
аер	3
аера	18
аерма	44
аермалы	12
аерманы	12
аермасы	22
аермасын	6
аермачык	9
аермый	3
аеру	10
аеруча	44
аерыла	22
аерылалар	3
аерылган	14
аерылганны	3
аерылгысыз	8
аерылды	7
аерылдык	4
аерылмас	4
аерылу	7
аерылып	17
аерылырга	8
аерылышкан	4
аерылышты	3
аерылыштык	7
аерылышу	7
аерылышырга	7
аерым	70
аерып	17
аерырга	8
аждаһа	24
аждаһалар	5
аз	188
азагы	6
азагында	11
азак	7
азат	129
азатлык	32
азатлыкны	4
азгын	3
аздан	3
азиядә	3
азот	16
азрак	52
азыгы	3
азык	16
азыкны	4
азәрбайҗан	4
ай	240
айбалта	3
айга	34
айгыр	4
айда	52
айдан	29
айдар	3
айлар	3
айларда	5
айлы	5
айлык	5
айнур	9
айны	9
айнып	4
айның	11
айова	3
ак	167
академик	3
акай	3
акбур	5
акка	5
аккан	5
аккош	25
аккумулятор	6
аккумуляторлар	3
аккургаш	9
акланмады	3
акланырга	3
аклар	4
акларга	3
аклыгы	3
аклый	7
акны	5
акрын	39
акрынлап	7
акрынрак	8
аксак	9
аксакал	3
аксым	5
актарып	3
актер	10
актив	15
актриса	4
актуаль	3
акты	4
актыгы	26
актык	3
актыклары	3
актёрлык	4
акула	6
акулалар	5
акупунктура	3
акцент	4
акценты	7
акцияләр	6
акцияләрне	3
акча	459
акчага	21
акчагыз	6
акчагызны	3
акчадан	9
акчалар	10
акчаларны	4
акчалары	4
акчаларын	5
акчалата	10
акчам	44
акчамны	16
акчаны	87
акчаның	7
акчарлак	4
акчарлаклар	3
акчасы	40
акчасыз	9
акчасын	24
акчасына	4
акчаң	24
акчаңны	15
акыл	125
акылга	50
акылдамы	4
акылдан	136
акыллы	181
акыллыга	3
акыллылар	3
акыллым	4
акыллының	6
акыллырак	30
акыллысы	3
акылны	9
акылның	4
акылсыз	86
акылсызга	4
акылсызлык	33
акылсызлыкка	4
акылы	30
акылыгызны	3
акылым	6
акылымда	4
акылымны	3
акылын	11
акылың	17
акылыңа	4
акылыңны	5
акырырга	3
ал	324
ала	857
алабута	3
алабыз	267
алабызмы	57
алай	424
алайса	410
алалар	29
алалармы	3
алам	624
алама	7
аламмы	209
аламы	63
алан	4
аланына	3
аланында	5
алар	3144
аларга	503
аларда	68
алардан	70
аларны	943
аларныкы	5
аларның	593
аласы	11
аласыз	187
аласызмы	150
аласым	6
аласың	342
аласыңмы	236
алачагын	4
алачак	77
алачакбыз	41
алачакбызмы	3
алачаклар	5
алачакмын	50
алачакмынмы	5
алачаксыз	14
алачаксызмы	4
алачаксың	30
алачаксыңмы	9
алачыгы	3
алачык	8
алачыкка	5
алачыкны	4
алачыкта	6
албасты	41
албастыга	5
албастыдан	3
албастылар	18
албастыны	12
алга	185
алган	318
алганга	3
алганда	38
алганлыгын	3
алганнан	16
алганнар	23
алганнарын	6
алганны	13
алганның	5
алгансыз	3
алганча	14
алганчы	17
алганы	5
алганым	5
алганымны	8
алганын	16
алганыңа	3
алганыңны	7
алгарыш	6
алгарышка	5
алгарышны	3
алгач	38
алгебра	3
алгоритм	7
алгоритмны	8
алгы	26
алгыры	146
алда	74
алдавың	3
алдаган	18
алдаганымны	3
алдаганын	3
алдаганыңны	3
алдагы	25
алдагыга	4
алдады	15
алдадыгыз	3
алдадык	4
алдадылар	3
алдадым	21
алдадың	32
алдакчы	46
алдалый	4
алдама	11
алдамады	4
алдамадым	4
алдамас	3
алдамый	3
алдамыйм	8
алдан	131
алданрак	14
алдап	18
алдар	3
алдарак	4
алдарга	32
алдасаң	5
алдау	47
алдаудан	3
алдаучан	4
алдаша	6
алдашу	4
алды	260
алдыбызда	4
алдыгыз	55
алдыгызга	17
алдыгызда	8
алдыгызмы	19
алдый	43
алдыйм	5
алдыйсы	6
алдыйсыз	4
алдыйсың	26
алдыйсыңмы	3
алдыйчак	5
алдык	62
алдылар	53
алдым	237
алдыма	26
алдымда	20
алдымы	8
алдына	47
алдынгы	21
алдында	88
алдындагы	6
алдыннан	114
алдырырга	5
алдың	120
алдыңа	46
алдыңда	14
алдыңмы	44
александра	3
алексей	3
алекстан	3
али	16
алиби	3
алиның	7
алинә	3
алисә	3
алка	6
алкоголь	10
алкогольгә	3
алкушымчасы	3
алкышлагыз	3
алкышлар	6
алла	45
алладан	3
алласы	4
аллахның	3
аллаһка	4
аллергия	10
аллергиясе	3
алло	18
алма	95
алмабыз	5
алмавы	5
алмавым	6
алмавымны	7
алмавын	7
алмавына	3
алмавың	4
алмавыңны	5
алмаган	85
алмаганга	3
алмаганда	3
алмаганнар	5
алмаганны	6
алмаганымны	6
алмаганын	3
алмагач	9
алмагачлар	4
алмагыз	12
алмады	135
алмадыгыз	9
алмадыгызмы	4
алмадык	32
алмадылар	19
алмадым	167
алмадың	24
алмадыңмы	11
алмаз	4
алмалар	8
алмам	33
алмамдыр	3
алман	111
алманнар	11
алманча	21
алманы	10
алманың	3
алмас	134
алмаса	12
алмасагыз	5
алмасак	16
алмасам	13
алмасаң	17
алмасбыз	4
алмаска	13
алмаслар	4
алмаслык	18
алмасмын	5
алмассыз	17
алмассызмы	61
алмассың	80
алмассыңмы	16
алмасы	6
алмасын	7
алмау	7
алмаш	17
алмашка	8
алмашны	5
алмашта	3
алмаштыра	6
алмаштырган	3
алмаштырды	4
алмаштырдылар	3
алмаштыру	6
алмаштырыла	3
алмаштырып	5
алмаштырырга	15
алмашу	7
алмашы	4
алмаячак	22
алмаячакбыз	11
алмаячакмын	12
алмаячаксың	5
алмый	373
алмыйбыз	135
алмыйбызмы	5
алмыйдыр	3
алмыйлар	24
алмыйм	691
алмыйммы	4
алмыймы	5
алмыйсыз	50
алмыйсызмы	10
алмыйсың	163
алмыйсыңмы	24
алмыйча	16
алмыйчак	9
алмыйчакбыз	11
алмыйчакмын	14
алмыйчаксыз	3
алмыйчаксың	15
алоһомора	3
алперт	3
алса	35
алсагыз	17
алсак	42
алсалар	6
алсам	43
алсаң	57
алсу	24
алсын	38
алсыннар	4
алтау	3
алтмыш	16
алтмышта	3
алтмыштан	3
алтмышынчы	3
алты	156
алтыга	11
алтыда	33
алтыдан	3
алтын	137
алтынга	6
алтынны	3
алтынчы	27
алтыны	3
алтыным	5
алтысы	9
алтысыннан	5
алу	156
алуга	12
алуда	4
алудан	8
алулар	9
алулары	3
алуларын	6
алуны	4
алучы	36
алучыга	3
алучылар	47
алучыларга	6
алучыларны	7
алучыларның	3
алуы	11
алуыбызга	4
алуыбызны	6
алуыгыз	3
алуыгызга	3
алуыгызны	6
алуыма	7
алуымны	5
алуын	15
алуына	5
алуың	6
алуыңа	3
алуыңны	10
алыгыз	105
алыйк	43
алыйм	19
алыйммы	7
алым	3
алымнары	7
алымы	3
алына	9
алыначак	4
алынган	46
алынды	12
алынма	3
алынырга	4
алып	1147
алыр	190
алырбыз	43
алырбызмы	6
алырга	418
алырлар	9
алырлык	47
алырмы	6
алырмын	82
алырмынмы	8
алырсыз	15
алырсызмы	3
алырсың	34
алырсыңмы	5
алыша	3
алыштыр	7
алыштыра	12
алыштырам	6
алыштыргысыз	5
алыштырды	4
алыштырдым	5
алыштырдың	3
алыштырыгыз	3
алыштырып	4
алыштырырга	36
алышуларны	3
алышыр	3
алышырга	5
альбом	6
альдо	3
альфа	6
альфред	5
аляскада	4
амбар	4
америкалы	5
америкалылар	7
америкалыларга	3
америкалымы	3
амин	7
амнезия	3
ана	97
анага	3
анагыз	6
анагызны	3
аназонның	3
анакай	4
аналар	9
аналары	4
анализ	4
анализы	4
аналитик	3
аналык	3
анам	10
ананың	4
анасы	46
анасын	13
анасының	3
анаң	63
анаңа	6
анаңны	21
анда	1627
андагы	12
андамы	23
анджелес	11
анджелеска	20
анджелеста	26
анджелестагы	4
анджелестан	4
андый	111
андыйлардан	3
андыйларны	3
андыйны	7
анестезия	4
аннан	306
аннары	530
аномалия	5
аноним	5
ансат	8
ансыз	26
ант	140
антенна	5
антеннаны	4
анти	3
антибиотиклар	8
антны	3
анты	4
аны	4362
анык	9
аныкы	30
анысы	11
аның	3908
аныңда	3
аныңча	7
апа	33
апагыз	5
апагызны	3
апалары	3
апам	32
апама	4
апамны	4
апамның	8
апаның	5
апасы	19
апасының	4
апаң	14
апаңа	7
апаңның	3
аппарат	8
аппаратын	3
аппендиксны	3
апрель	11
аптечка	6
аптечканы	3
аптыраган	5
аптырап	4
аптырашта	17
ара	6
арабызда	9
арага	3
арада	69
арадан	3
арадашчы	6
аракы	23
аракыга	3
араларыннан	3
аралаша	12
аралашкан	3
аралашу	29
аралашучан	10
аралашып	6
аралашырга	5
аралыгы	3
аралыгында	3
аралык	18
аралыкны	6
аралыкта	4
араны	6
арасы	7
арасына	15
арасында	166
арасындагы	47
арасыннан	9
арахис	20
арба	25
арбага	6
арбада	6
арбалар	3
арбалет	10
арбаны	7
арбасы	5
арбасында	3
арган	5
аргансың	4
аргы	4
арды	4
ардым	15
ардың	5
аренда	9
арендага	7
арзан	20
арзанлы	5
арзанрак	9
аристотель	5
арифметик	4
арка	7
аркага	4
аркада	12
аркам	9
аркама	4
аркамны	4
аркан	8
арканны	8
арканы	3
аркасы	3
аркасына	6
аркасында	128
аркаң	4
аркылы	34
армия	4
армиягә	4
армут	4
арнцт	4
арпа	4
арт	19
арта	50
артачак	3
артериясенә	3
артист	4
артка	63
арткан	9
арткарак	3
арткы	38
артлы	27
артмый	4
артта	51
арттагыларын	3
арттан	104
артты	19
арттыра	7
арттырам	3
арттырды	3
арттырдым	4
арттыру	7
арттырып	7
арттырырга	7
арту	4
артур	5
арты	14
артыграк	14
артыгы	3
артыгыздан	5
артыгын	19
артык	478
артым	4
артыма	4
артымнан	22
артымны	5
артын	6
артына	42
артында	102
артындагы	8
артыннан	279
артып	7
артыр	3
артыңа	4
артыңда	12
артыңнан	22
артыңны	3
ару	3
археолог	5
архивка	3
архитектор	5
архитектура	7
архитектурасы	4
арцт	6
арчу	4
аръягында	3
ары	9
арыган	41
арыгансың	3
арыды	8
арыдым	38
арыдыңмы	4
арый	4
арык	15
арымадым	3
арымас	3
арына	8
арынырга	5
арыслан	15
арысланнар	6
арыш	6
арья	4
асгардлы	4
асгардлылар	6
аска	51
аскарак	4
аскы	14
аслан	4
аслыгы	3
аспирин	8
асрама	9
асрамага	14
асрасаң	3
асрый	5
асс	3
аста	35
астагы	3
астан	12
астарак	6
астероид	7
астма	8
астрид	4
астронавт	4
астроном	3
асты	103
астыгызга	3
астын	6
астына	113
астында	236
астындагы	23
астыннан	22
астыртын	7
асфальт	3
асыл	16
асылда	14
асылташ	7
асылы	12
асылын	10
асылына	7
асылынган	5
асылында	3
асылынып	9
асып	24
ат	213
ата	154
атабыз	9
атаган	8
атаганнар	14
атагыз	29
атагызга	4
атагызны	3
атадан	5
атады	24
атадыгыз	4
атадым	6
атадың	3
атакай	49
атаклы	18
атала	93
аталар	6
аталган	37
атам	42
атама	14
атамагыз	3
атамас	6
атамасы	15
атамасын	3
атамы	3
атап	13
атар	15
атарбыз	3
атарга	40
атармын	5
атасаң	4
атасы	44
атасыз	5
атасын	7
атасына	4
атасының	5
атасың	7
атау	6
атачак	3
атаң	114
атаңа	3
атаңны	16
атаңның	7
атка	21
аткан	35
атканда	9
атканнар	6
атканнарын	4
атканчы	5
атканын	3
атла	17
атланган	5
атланмай	4
атлантида	3
атланыгыз	4
атланып	7
атлап	8
атлар	31
атларга	3
атларны	8
атлы	8
атлый	3
атлыйбыз	5
атма	7
атмагыз	4
атмассың	3
атмосфера	6
атмосферага	3
атмосферасы	6
атмый	4
атмыйчаксың	3
атна	197
атнага	36
атнада	100
атнадан	36
атналар	6
атналык	6
атнаны	5
атнаның	6
атнасы	4
атнасына	3
атны	11
атның	8
атом	31
атомга	4
атсаң	5
атсыз	4
атта	4
аттан	4
аттракционнар	3
атты	37
аттылар	16
аттым	9
аттың	10
аттыңмы	4
ату	28
атуга	4
атуны	3
атучы	7
атучыны	3
аты	17
атыгыз	17
атый	34
атыйбыз	8
атыйк	7
атыйлар	45
атыйм	4
атыйсыз	4
атыйсың	9
атыйсыңмы	5
атылган	5
атым	7
атын	13
атына	4
атып	67
атыш	7
атың	8
атыңны	4
ау	18
ауга	28
ауда	5
аулаган	3
аулак	9
аулакта	3
аулап	4
ауларга	4
аулый	9
аулыйлар	4
аунап	5
аучы	23
аучыдан	3
аучылар	5
аучыны	3
афтавыз	3
афәрин	19
афәт	4
ах	28
ахмак	243
ахмакка	7
ахмаклар	23
ахмакларны	4
ахмакларча	8
ахмаклыгы	5
ахмаклык	44
ахмакмы	3
ахмакны	6
ахмакның	5
ахмактан	4
ахры	31
ахрысы	21
ахыр	68
ахырга	14
ахыргача	11
ахыргы	9
ахырда	8
ахырзаман	4
ахырның	3
ахыры	40
ахырын	9
ахырына	23
ахырында	27
ахырындагы	3
ахырың	3
ацидалий	3
ач	185
ача	54
ачабыз	9
ачабызмы	3
ачалар	4
ачам	18
ачар	4
ачара	3
ачарга	67
ачармын	3
ачасызмы	3
ачасың	3
ачасыңмы	8
ачачак	5
ачачакбыз	5
ачкан	8
ачканда	6
ачкач	5
ачкыч	49
ачкычлар	22
ачкычларны	12
ачкычлары	5
ачкычларымны	7
ачкычларын	10
ачкычны	37
ачкычы	28
ачкычымны	3
ачкычын	7
ачлык	8
ачлыктан	14
ачма	13
ачмагыз	10
ачмады	3
ачмасаң	4
ачмаска	4
ачмы	10
ачмый	3
ачмыйм	3
ачса	5
ачсак	3
ачсам	3
ачсыннар	3
ачтан	10
ачты	31
ачтык	8
ачтым	13
ачтың	9
ачтыңмы	6
ачу	59
ачуга	3
ачудан	6
ачулана	12
ачуланам	4
ачуланасың	10
ачуланасыңмы	6
ачуланачак	7
ачуланган	3
ачуланды	4
ачуландыра	4
ачуландырырга	3
ачуланма	11
ачуланмас	3
ачуланмыйм	3
ачуланып	7
ачуланыр	6
ачуланырга	3
ачуланыштык	4
ачулы	40
ачуны	6
ачуы	25
ачуым	10
ачуымны	9
ачуын	13
ачуың	9
ачуыңны	6
ачы	41
ачыграк	3
ачыгыз	52
ачыйк	4
ачык	193
ачыккан	4
ачыкла	4
ачыклаган	7
ачыклаганнар	3
ачыклагыз	4
ачыклады	3
ачыкладылар	3
ачыкладым	6
ачыкланды	11
ачыкланыр	3
ачыкларбыз	4
ачыкларга	31
ачыклау	7
ачыклый	7
ачыклыйк	3
ачыклык	6
ачыкмы	4
ачыктан	5
ачыктым	3
ачыктыңмы	3
ачыла	22
ачылачак	5
ачылган	8
ачылгач	5
ачылды	16
ачылмый	6
ачылу	3
ачылып	5
ачылыр	4
ачылырга	5
ачып	63
ачыш	3
аш	223
аша	332
ашаган	32
ашаганда	19
ашаганнан	4
ашаганчы	3
ашаганым	3
ашаганың	5
ашагыз	14
ашады	22
ашадыгызмы	4
ашадык	9
ашадым	38
ашадың	7
ашадыңмы	14
ашама	10
ашамаган	8
ашамагыз	3
ашамады	9
ашамадым	12
ашамас	3
ашамаска	8
ашамлык	11
ашамлыклар	6
ашамы	3
ашамый	18
ашамыйбыз	4
ашамыйлар	4
ашамыйм	9
ашамыйсың	5
ашамыйча	4
ашап	74
ашар	20
ашарбыз	10
ашарга	213
ашармын	7
ашарсың	10
ашарсыңмы	6
ашаса	3
ашасам	6
ашасаң	8
ашат	3
ашата	4
ашаттык	3
ашату	5
ашатып	4
ашатырга	9
ашау	28
ашаудан	5
ашаучы	5
ашаучылар	3
ашачак	11
ашка	107
ашказаны	12
ашказаным	4
ашказанына	3
ашкайнату	3
ашкан	6
ашкынып	5
ашлар	4
ашлары	3
ашларын	3
ашлык	9
ашны	52
ашның	4
ашсын	3
ашта	6
аштан	21
ашты	9
ашханә	15
ашханәгә	3
ашханәдә	7
ашъяулык	3
ашы	14
ашыга	8
ашыгам	6
ашыгасың	5
ашыграк	8
ашыгу	3
ашыгыгыз	7
ашыгып	11
ашыгырга	31
ашыгыч	85
ашый	105
ашыйбыз	15
ашыйк	5
ашыйлар	15
ашыйм	47
ашыйсы	8
ашыйсыгыз	4
ашыйсыз	5
ашыйсызмы	3
ашыйсым	15
ашыйсың	17
ашыйсыңмы	9
ашык	23
ашыккан	8
ашыкма	16
ашыкмагыз	4
ашыкмасаң	3
ашыкмаска	3
ашыкмый	3
ашыкмыйм	10
ашыкмыйча	9
ашыксак	4
ашыксаң	5
ашыкты	5
ашыктырырга	3
ашым	3
ашымны	4
ашын	5
ашына	3
ашыра	5
ашыру	8
ашырыла	4
ашырырга	3
аэропорт	13
аэропортка	21
аэропортта	30
аэропорттан	4
аэропорты	3
аэропортына	3
аю	63
аюга	4
аюлар	17
аюларның	3
аюны	11
аюсы	7
аюсын	3
аягы	26
аягым	9
аягыма	6
аягымны	15
аягын	15
аягына	12
аягында	6
аягыннан	3
аягың	11
аягыңа	4
аягыңны	15
аяз	26
аяк	152
аякка	32
аяклар	12
аякларны	5
аяклары	17
аякларым	12
аякларымны	10
аякларын	9
аякларына	3
аякларың	8
аякларыңны	3
аяклы	9
аякны	5
аяксыз	3
аякта	5
аяктан	4
аяныч	14
аянычлы	9
аяусыз	8
аң	11
аңа	2069
аңарга	4
аңарда	16
аңардан	104
аңга	5
аңгыра	29
аңкау	3
аңла	15
аңлавы	4
аңлавымча	22
аңлаган	13
аңлаганча	8
аңлаганчы	8
аңлаганыңны	3
аңлагач	17
аңлагыз	3
аңлады	17
аңладыгыз	4
аңладыгызмы	13
аңладык	3
аңладым	139
аңладың	22
аңладыңмы	35
аңлаешлы	12
аңлаешсыз	9
аңламаган	17
аңламады	14
аңламадыгыз	4
аңламадылар	5
аңламадым	37
аңламадың	17
аңламадыңмы	13
аңламас	9
аңламассыз	3
аңламассың	4
аңламый	43
аңламыйлар	3
аңламыйм	147
аңламыйсыз	13
аңламыйсызмы	4
аңламыйсың	42
аңламыйсыңмы	5
аңланда	3
аңлап	35
аңлар	21
аңларбыз	3
аңларга	83
аңларлар	3
аңлармын	7
аңларсыз	5
аңларсың	21
аңласаң	5
аңлат	23
аңлата	110
аңлатам	17
аңлатамы	9
аңлатасым	3
аңлатасың	4
аңлатканын	14
аңлатма	22
аңлатмалар	4
аңлатмасы	3
аңлатмый	13
аңлатты	16
аңлаттым	3
аңлату	12
аңлатыгыз	9
аңлатыйм	7
аңлатыла	6
аңлатып	44
аңлатыр	4
аңлатырга	57
аңлатырмын	20
аңлатырсың	3
аңлау	34
аңлашабыз	3
аңлашу	3
аңлашыла	37
аңлашылды	17
аңлашылдымы	3
аңлашылмаган	6
аңлашылмаучанлык	14
аңлашылмаучылык	3
аңлашылмый	13
аңлаячак	5
аңлы	5
аңлый	108
аңлыйбыз	14
аңлыйдыр	3
аңлыйлар	9
аңлыйм	154
аңлыймы	3
аңлыйсыз	9
аңлыйсыздыр	5
аңлыйсызмы	44
аңлыйсың	26
аңлыйсыңдыр	9
аңлыйсыңмы	66
аңлыйчакмын	3
аңлыйчаксың	3
аңсыз	22
аңы	3
аңыма	3
аңымны	9
аңын	13
аңына	11
аңында	8
аңыңа	4
аңыңны	9
аһ	42
бабаем	5
бабай	72
бабайга	5
бабайның	10
бабалар	5
бабалары	5
бабаларыбыз	3
бабам	17
бабамның	3
бабасы	16
бавы	3
бавыр	11
багаж	9
багаждан	3
багана	10
баганага	7
баганалар	3
баганасы	6
баглый	3
багышлады	3
багышладым	5
багышланган	6
багышларга	5
багышлый	3
баеганчы	9
баегач	6
баеды	7
баеп	5
баерак	6
баета	3
баз	6
база	5
базар	17
базарга	10
базарда	12
базарны	4
базары	12
базарында	4
базасы	3
базда	7
баздың	4
базык	3
баи	6
бай	162
байар	4
байга	5
байгыш	4
байдан	3
байлар	10
байлыгы	13
байлык	19
байлыкка	4
байның	6
байрагы	5
байрак	18
байракларын	6
байт	3
байтак	14
бак	11
бака	29
бакага	3
баканы	4
бакс	16
баксаң	5
баксны	4
бактерияләр	5
бакча	25
бакчабызда	3
бакчага	7
бакчада	22
бакчамда	4
бакчаны	5
бакчасы	10
бакчасын	4
бакчасына	5
бакчасында	7
бакчачы	8
бакчачылык	3
бакый	3
бакыр	8
бакырны	3
бал	56
бала	437
балабыз	6
балавыз	3
балага	70
балагыз	7
балагызга	4
балагызны	4
балакаем	5
балакай	4
балалар	302
балаларга	32
балаларны	74
балаларның	11
балаларча	4
балалары	47
балаларыбыз	8
балаларыгыз	4
балаларыгызны	4
балаларым	22
балаларыма	3
балаларымны	3
балаларын	21
балаларына	12
балаларының	8
балаларың	10
балаларыңа	6
балалы	10
балам	61
балама	6
баламны	20
баламның	4
баламы	3
балан	4
баланы	92
баланың	24
балар	3
баласы	115
баласыз	3
баласын	25
баласына	7
баласының	7
балачагы	4
балачак	10
балачакта	33
балачактан	19
балаң	16
балаңа	4
балаңны	6
балдагын	7
балдак	16
балдаклар	3
балдакны	8
балдан	3
балет	4
балигъ	7
балконда	3
балкый	19
балкып	10
балкыш	7
балкышка	3
балкышлар	5
балл	20
баллар	4
баллы	11
балта	30
балтага	3
балтаны	7
балчык	6
балыгы	11
балык	168
балыкка	8
балыклар	10
балыкларны	3
балыклы	3
балыкны	20
балыкның	4
балыкчы	8
бам	6
бамбук	14
банан	13
бананнар	8
банда	4
бандит	4
банк	25
банка	7
банканы	3
банкасы	3
банкка	9
банклар	4
банкны	5
банкрот	5
банкта	12
банкы	5
бар	3246
бара	439
барабан	5
барабыз	133
барабызмы	15
баралар	20
барам	243
барамы	11
барасы	46
барасыгыз	5
барасыз	26
барасызмы	27
барасым	36
барасын	9
барасың	92
барасыңмы	50
барачагын	4
барачак	42
барачакбыз	17
барачаклар	4
барачакмын	13
барачаксыз	6
барачаксың	9
барби	3
барга	13
барган	74
барганга	5
барганда	43
барганнар	5
барганны	4
барганчы	5
барганы	4
барганыбызны	3
барганыгызны	6
барганымны	7
барганын	29
барганыңны	5
баргач	7
барда	32
бардан	5
барды	67
бардыгыз	9
бардыгызмы	9
бардык	24
бардылар	11
бардым	64
бардымы	4
бардыр	29
бардың	13
бардыңмы	4
барлар	5
барларга	5
барлыгы	12
барлыгымны	3
барлыгын	63
барлыгына	4
барлык	468
барлыкка	115
барма	18
бармагы	4
бармагыз	3
бармагым	3
бармагымны	3
бармагын	7
бармагына	3
бармагыңны	3
бармады	6
бармадым	7
бармадың	6
бармак	30
бармакка	5
бармаклар	4
бармаклары	12
бармакларым	4
бармакларын	6
бармакларына	3
бармакны	5
бармас	19
бармаса	4
бармасаң	5
бармаска	25
бармау	3
бармаячак	6
бармен	8
бармы	611
бармый	25
бармыйбыз	20
бармыйм	42
бармыйсыз	4
бармыйсың	19
бармыйсыңмы	4
бармыйчак	3
барнсны	4
барны	3
барның	6
барса	9
барсагыз	8
барсак	10
барсам	14
барсаң	26
барсы	4
барсын	11
бару	54
барудан	4
баруны	3
баручы	30
баруы	5
баруыбызны	13
баруыгызны	6
баруым	3
баруымны	8
баруын	9
баруыңны	10
барча	54
барчагыз	3
бары	258
барыбер	297
барыбыз	150
барыбызга	7
барыбызда	3
барыбыздан	3
барыбызны	22
барыбызның	12
барыгыз	174
барыгызга	11
барыгызны	11
барыгызның	4
барыйк	32
барыйм	8
барыла	5
барын	13
барына	3
барында	5
барыннан	38
барып	299
барыр	46
барырбыз	17
барырга	495
барыргамы	5
барырмын	20
барырсың	7
барысы	1193
барысын	662
барысына	79
барысында	13
барысыннан	23
барысының	23
барыш	4
барышны	7
барышы	5
барышын	9
барышында	11
бас	56
баса	45
басам	8
басар	9
басарга	29
басасың	3
баск	3
баскан	28
басканда	4
баскач	6
баскетбол	8
баскыч	14
баскычлар	4
баскычтан	29
баскычы	4
баскычында	3
басма	13
басмагыз	5
басмасаң	3
басмый	3
басса	4
бассагыз	3
бассейн	3
бассейнга	6
бассейнда	4
бассын	4
басты	25
бастылар	4
бастым	15
бастырган	3
бастырдым	3
бастырылу	5
бастырылулар	3
бастырып	6
бастырырга	8
бастың	8
басу	13
басудан	4
басулар	3
басуны	4
басучы	4
басыгыз	22
басыла	4
басылды	3
басылып	6
басым	36
басымның	3
басымы	9
басымын	5
басып	109
бат	3
бата	16
батальон	3
батам	5
батар	4
батарея	13
батареялар	5
батареяны	3
батачак	5
баткан	19
батканын	6
батмый	6
батты	4
баттым	7
баттың	5
батып	25
батыр	106
батыра	4
батырга	5
батырдан	3
батырлар	14
батырларча	5
батырлыгы	8
батырлык	14
батырчылык	23
батыры	3
батырып	3
бау	22
баулар	8
бауларны	4
бауларым	4
бауларың	3
бауны	12
бауның	3
баффалода	3
бах	4
баш	420
башваткыч	4
башка	784
башкала	3
башкалада	3
башкалар	155
башкаларга	39
башкаларда	4
башкалардан	17
башкаларны	31
башкаларның	27
башкаласы	42
башканы	8
башкара	23
башкарам	4
башкарасың	3
башкарган	10
башкарды	7
башкардым	3
башкардың	3
башкару	7
башкаруны	4
башкаручы	6
башкарыла	10
башкарылды	5
башкарып	18
башкарырга	14
башкасы	9
башкасын	6
башкача	97
башкачарак	4
башкисәре	4
башкисәрләр	4
башкорт	4
башла	26
башлавын	3
башлаган	41
башлаганда	5
башлаганнан	3
башлаганнар	5
башлаганчы	9
башлагач	15
башлагыз	18
башлады	290
башладыгыз	10
башладык	23
башладылар	31
башладым	91
башладың	36
башладыңмы	10
башлама	8
башламагыз	3
башламадык	3
башламаска	3
башлана	78
башланачак	22
башланган	12
башланганнан	3
башланганчы	5
башланганын	5
башлангач	5
башлангыч	30
башлангычы	27
башлангычына	3
башлангычында	4
башлангычыннан	4
башлангычының	4
башланды	82
башландымы	3
башланса	6
башлансын	9
башлануга	3
башлануын	3
башланыр	6
башланырга	3
башлап	36
башлар	26
башларбыз	7
башларга	72
башларсың	7
башлары	5
башларын	6
башларына	4
башласа	6
башласак	6
башласам	5
башласаң	7
башлау	15
башлауга	3
башлаячак	14
башлаячакбыз	3
башлы	18
башлыгы	19
башлыгының	3
башлый	72
башлыйбыз	28
башлыйк	42
башлыйлар	3
башлыйм	39
башлыйсы	3
башлыйсыз	4
башлыйсым	4
башлыйсың	7
башлыйчак	10
башлыйчакбыз	3
башлыйчаксың	3
башлык	10
башлыча	11
башмак	5
башмы	3
башны	13
башсыз	14
башта	207
баштагы	3
баштан	38
баштарак	6
башы	80
башыгыз	3
башыгызга	5
башыгызда	3
башыгызны	6
башым	29
башыма	29
башымда	14
башымнан	3
башымны	13
башын	59
башына	53
башында	45
башындагы	10
башыннан	23
башың	24
башыңа	18
башыңда	19
башыңнан	6
башыңны	25
баюы	4
бая	4
без	5226
безгә	1270
бездә	222
бездән	78
безне	767
безнеке	35
безнекеләр	7
безнекен	4
безнекеннән	5
безнең	1985
безнеңчә	3
бейкон	3
бейсбол	27
бекка	4
бекон	10
бел	41
беларусьта	3
белгертүче	3
белгертә	3
белгеч	24
белгече	14
белгечкә	3
белгечлек	5
белгечләр	6
белгечләре	4
белгән	124
белгәнгә	6
белгәндер	4
белгәнебез	4
белгәнегезчә	3
белгәнем	7
белгәнемчә	8
белгәнен	12
белгәнең	3
белгәнеңне	5
белгәнне	8
белгәннән	4
белгәннәр	8
белгәннәрдән	3
белгәннәре	3
белгәннәремне	4
белгәннәремнең	4
белгәннәреңне	4
белгәнсең	4
белгәнче	9
белгәнчә	3
белгәч	32
белде	19
белдегез	14
белдегезме	7
белдек	13
белделәр	4
белдем	94
белдерде	10
белдерер	3
белдерергә	6
белдерү	8
белдерүдә	3
белдерүне	4
белдерә	7
белдерәбез	4
белдерәм	3
белдең	65
белдеңме	25
белегез	12
белем	73
белемгә	3
белемдә	4
белеме	9
белемле	7
белемнәрен	3
белемсез	3
беленеп	3
беленми	3
беленә	7
белеп	69
белер	31
белербез	6
белергә	261
белерләр	5
белермен	5
белерсез	3
белерсең	15
белешергә	5
белешмә	4
белик	10
белим	25
белми	297
белмибез	79
белмидер	7
белмиләр	25
белмим	699
белмиме	9
белмисез	39
белмисезме	11
белмисең	109
белмисеңме	26
белмисеңмени	4
белмичә	14
белмәгән	96
белмәгәнгә	10
белмәгәнен	6
белмәгәнне	3
белмәде	11
белмәдегезме	11
белмәдек	7
белмәдем	72
белмәдең	11
белмәдеңме	9
белмәм	3
белмәмешкә	5
белмәс	38
белмәскә	4
белмәсә	6
белмәсәгез	3
белмәсәм	7
белмәсәң	22
белмәячәк	4
белмәячәкбез	6
белмәү	5
белсен	17
белсә	30
белсәгез	8
белсәләр	4
белсәм	26
белсәң	23
белү	51
белүгә	3
белүе	3
белүегезне	7
белүемчә	9
белүен	10
белүең	6
белүеңне	12
белүләрен	3
белүче	17
белүчеләр	8
белә	638
беләбез	124
беләдер	3
беләзәкләр	3
беләк	5
беләләр	26
беләләрме	3
беләм	1037
беләме	53
беләмме	11
беләмсең	3
белән	7656
беләндер	16
беләнме	50
беләсе	19
беләсебез	3
беләсегез	12
беләсез	132
беләсездер	8
беләсезме	222
беләсем	90
беләсең	379
беләсеңдер	10
беләсеңме	570
беләчәк	11
беләчәкбез	9
беләчәкләр	3
беләчәкмен	10
беләчәксез	3
беләчәксең	4
бензин	7
бенни	4
бер	3278
бераз	569
беразга	12
бераздан	7
бербер	6
бервакыт	28
бервакытта	8
бергер	3
бергә	381
бергәләп	38
бердә	4
бердәм	20
бердәмлеге	4
бердәмлек	7
бердәмлектә	3
бердән	10
бердәнбер	267
бере	4
беребез	35
беребезгә	15
беребезне	26
беребезнең	3
берегез	23
берегезгә	5
берегезне	10
беренче	597
беренчедән	36
беренчел	8
беренчелеге	4
беренчелегендә	7
беренчесе	10
беренчесен	4
берзаман	5
беркадәр	9
беркайда	13
беркайчан	685
беркатлы	18
беркатлылык	4
беркая	69
беркем	516
беркемгә	141
беркемдә	9
беркеме	3
беркемне	100
беркемнеке	5
беркемнең	23
беркемнән	5
беркетегез	3
беркетелгән	6
беркетеп	4
беркетергә	7
беркетмә	4
беркетмәсе	4
беркөн	3
беркөнне	22
берлек	5
берлектә	5
берләшеп	4
берләшергә	4
берләшмәсе	7
берләштереп	4
берләштерү	6
берләштерә	6
бернардны	3
берне	39
берни	279
бернигә	22
бернидән	3
берникадәр	15
бернинди	261
берничек	43
берничә	524
берничәне	3
берничәсен	5
бернишли	9
бернишләмәдем	8
бернишләп	4
бернәрсә	529
бернәрсәгә	48
бернәрсәдә	8
бернәрсәдән	9
бернәрсәм	3
бернәрсәне	37
бернәрсәсе	4
беррәттән	5
берсе	281
берсекөнгә	13
берсеме	6
берсен	87
берсендә	20
берсенең	4
берсеннән	7
берсенә	26
берсесе	5
берсүзсез	3
берта	3
бертигез	18
бертуган	6
бертуктаусыз	5
бертөрле	12
берчак	3
берьюлы	28
берүзе	29
берүзегез	3
берүзем	30
берүзең	8
берәмлеге	5
берәмлек	4
берәмлекләре	3
берәр	667
берәрегез	7
берәркем	8
берәрсе	54
берәрсен	9
берәрсенең	6
берәрсенә	4
берәү	92
берәүгә	4
берәүне	4
берөзлексез	4
бескар	7
бет	3
бета	3
бетеп	23
бетер	19
бетергесез	8
бетергән	18
бетергәннәр	3
бетергәнче	4
бетергәч	10
бетерде	32
бетердек	5
бетерделәр	4
бетердем	22
бетердең	4
бетердеңме	9
бетерегез	8
бетерелде	4
бетереп	12
бетерер	3
бетерергә	28
бетерик	6
бетерим	4
бетерми	8
бетермим	12
бетермисез	3
бетермисең	9
бетермә	3
бетермәгән	4
бетермәде	4
бетермәдем	15
бетерү	9
бетерә	30
бетерәм	7
бетерәчәк	5
бетерәчәкмен	3
бетешкән	3
беткән	75
беткәндер	3
беткәнен	4
беткәнне	4
беткәннәр	3
беткәнсең	3
беткәнче	5
беткәч	33
бетми	20
бетмибез	4
бетмим	5
бетмисең	4
бетмәгән	8
бетмәде	7
бетмәс	11
бетмәсен	3
бетмәячәк	3
бетон	5
бетсен	3
бетсә	5
бетте	183
беттек	15
беттеләр	3
беттем	15
беттеме	14
беттең	4
бетү	7
бетүе	3
бетүен	3
бетә	42
бетәр	16
бетәргә	3
бетәчәген	5
бетәчәк	45
би	13
биврёст	3
биге	3
бигрәк	81
бие	6
биегрәк	10
биедек	3
биек	43
биеклеге	10
биеклек	6
биеклекне	3
биеклектә	4
биеп	9
биергә	19
бизгәк	16
бизгәкне	4
бизе	3
бизи	4
бизмәне	4
бизнес	25
бизнесны	3
бизнесы	4
бизәге	3
бизәдем	3
бизәк	3
бизәкле	4
бизәлгән	7
бизәнү	6
бизәү	4
бии	22
биибез	3
биисең	3
бик	3224
бикле	17
бикләде	4
бикләделәр	3
бикләдем	6
бикләнгән	17
бикләнде	6
бикләнеп	4
бикләп	15
бикләргә	10
бикләү	4
бикә	5
бил	11
билбау	3
билге	31
билгеле	159
билгели	22
билгелим	4
билгеләгән	5
билгеләде	10
билгеләделәр	6
билгеләдем	6
билгеләмә	4
билгеләнгән	32
билгеләнде	6
билгеләнмәгән	4
билгеләнә	6
билгеләп	24
билгеләр	16
билгеләргә	16
билгеләре	6
билгеләрен	3
билгеләү	12
билгесе	39
билгесез	55
билгесен	11
билдән	3
билет	49
билетлар	20
билетларны	10
билетны	4
билеты	5
билетым	3
биләмәсе	4
биләп	9
бина	33
бинага	12
бинада	14
бинадан	5
биналар	4
бинаны	13
бинаның	8
бинар	3
бинасы	5
бинго	5
биниһая	4
бинтлар	4
био	3
биологик	9
биометрия	4
биопсия	4
бип	6
бир	397
биргән	91
биргәндә	7
биргәнемне	3
биргәнен	6
биргәнең	3
биргәнеңне	4
биргәнне	7
биргәннән	4
биргәннәр	9
биргәнсең	3
биргәнче	5
биргәч	7
бирде	215
бирдегез	9
бирдегезме	6
бирдек	16
бирделәр	29
бирдем	127
бирдеме	5
бирдең	48
бирдеңме	16
бире	4
бирегез	145
бирегезче	8
бирегә	10
биредә	82
биредәге	5
бирелгән	34
бирелде	23
бирелдем	4
бирелеп	4
бирелергә	15
бирелми	5
бирелмә	3
бирелмәскә	4
бирелү	3
бирелә	19
биреләм	5
биреләчәк	9
бирем	5
биремне	3
биреп	58
бирер	44
бирербез	5
бирергә	229
бирергәме	9
бирерлек	3
бирермен	44
бирерсез	3
бирерсең	9
биреш	3
бирешергә	4
бирешмә	6
бирешмәскә	4
биреште	4
бирешәм	10
бирик	8
бирим	10
бирле	157
бирми	46
бирмиләр	9
бирмим	36
бирмисең	12
бирмичә	4
бирмә	38
бирмәгез	19
бирмәгән	12
бирмәде	33
бирмәделәр	3
бирмәдем	22
бирмәдең	21
бирмәм	11
бирмәс	25
бирмәскә	11
бирмәссезме	3
бирмәссең	3
бирмәсәм	4
бирмәсәң	3
бирмәячәк	5
бирсен	25
бирсә	3
бирсәгез	10
бирсәләр	7
бирсәм	11
бирсәң	30
бирче	5
бирү	55
бирүдән	10
бирүегезне	3
бирүемне	4
бирүен	5
бирүне	8
бирүче	5
бирә	279
бирәбез	20
бирәле	3
бирәләр	14
бирәм	154
бирән	4
бирәсе	9
бирәсез	8
бирәсезме	6
бирәсем	11
бирәсең	23
бирәсеңме	14
бирәчәк	35
бирәчәкбез	6
бирәчәкләр	3
бирәчәкмен	23
бирәчәксез	3
бирәчәксең	9
бистә	6
бистәгә	6
бистәне	3
бит	1299
битараф	12
бите	16
битемә	4
битен	10
битендә	5
битеннән	5
битенә	10
битең	3
биткоин	9
биткә	3
битлеге	3
битлеген	3
битлек	14
битләр	6
битне	13
биттә	9
биттән	4
битәрли	3
бифрост	4
бихисап	3
бичкрафт	3
бичә	3
биш	297
бишбармак	5
бишбармакны	3
бишек	13
бишектә	7
бишектән	5
бишенче	33
бишкә	16
бишле	6
бишмәт	3
бишне	10
биштә	21
бишәр	5
бишәү	3
бию	15
биюгә	9
биюе	4
биюен	3
биюләр	6
биюләрдә	3
биюче	4
бия	3
бияләй	4
бияләйләрем	3
бла	5
бланкны	5
бластер	4
бластерны	4
блаттерның	3
бликер	3
блонди	5
богавы	4
богаулар	7
богауларда	4
богаулардан	3
богауларны	5
богауларым	3
бодай	12
боек	4
боерыгы	7
боерыгын	3
боерык	42
боерыклар	6
боерыкларны	11
боерыкларын	3
боерыкны	7
боз	36
боза	22
бозавы	3
бозалар	3
бозар	14
бозарга	16
бозасың	9
бозау	5
бозга	4
бозган	10
бозда	3
боздан	4
бозды	10
боздыгыз	6
боздык	4
боздым	6
боздың	10
бозлы	10
бозма	3
бозмас	3
бозмаска	4
бозу	6
бозучы	7
бозык	14
бозыла	6
бозылган	16
бозылды	4
бозып	11
бокал	10
болай	355
болайрак	9
болан	8
боланны	3
болар	147
боларга	6
болардан	7
боларны	50
боларның	57
болары	4
болгавыр	3
болгады	6
болгана	9
болганчык	6
болгар	17
болгарлар	5
болгый	4
болын	3
болында	5
болыт	16
болытлар	19
болытларны	4
болытлы	11
болытсыз	4
бомба	36
бомбага	6
бомбалар	6
бомбаларны	3
бомбаны	12
бомбасы	11
бомбасын	10
бон	4
бор	13
борабыз	4
боралагы	6
боралак	40
боралакка	14
боралаклар	3
боралакны	5
боралакта	8
боралактагы	3
боралактан	10
борам	4
борау	8
бораулаганда	4
бораулау	3
борган	3
боргач	3
борды	3
бордым	3
борел	4
борсаң	3
бортка	4
борчак	6
борчалар	3
борчуга	3
борчулы	10
борчыган	16
борчый	36
борчыймы	6
борчыла	40
борчылам	25
борчыласыз	3
борчыласың	13
борчыласыңмы	8
борчылган	7
борчылдым	12
борчылма	92
борчылмагыз	51
борчылмас	8
борчылмасаң	4
борчылмыйм	11
борчылмыйсыңмы	3
борчылсаң	4
борчылу	7
борчылуын	4
борчылып	4
борчылыр	7
борчылырга	16
борчыма	7
борчымагыз	4
борчымаска	6
борчымый	28
борчымыйм	3
борчымыймы	7
борчырга	10
борыгыз	8
борыл	14
борыла	11
борылабыз	3
борылган	3
борылды	7
борылдым	4
борылыгыз	13
борылып	20
борылырга	6
борылыш	6
борылышны	3
борылышы	3
борын	21
борынгы	103
борыннан	7
борынны	5
борыны	8
борыным	8
борынын	11
борыныннан	3
борының	5
борыныңны	10
борып	15
борырга	8
борыч	5
борыңгы	5
босс	18
бот	4
ботагы	3
ботак	7
ботакка	7
ботаклары	7
ботакны	4
ботаник	5
ботаника	3
ботаниклар	3
ботинкалар	7
ботинкаларындагы	3
ботинкаларың	3
ботка	8
боткасы	7
боһ	5
браво	8
бразилиялеләр	3
бран	6
брезент	3
бридж	3
бриллиант	20
бриллиантлар	8
бриллиантны	12
брокка	3
брокколи	5
брук	3
брукфилд	3
бруно	9
брюси	3
брюска	5
бу	12719
буа	17
буада	6
бугаз	9
бугай	133
будда	3
будкасы	3
буе	303
буем	7
буен	6
буена	54
буенда	76
буендагы	10
буеннан	15
буенча	601
буенчамы	3
буй	6
буйга	7
буйдак	5
буйлап	89
буйлы	27
буйсына	5
буйсынам	7
буйсынасың	3
буйсындыра	5
буйсынмый	4
буйсыну	3
буйсынырга	8
бук	14
букка	3
буклы	6
букча	11
букчада	4
букчам	4
букчамда	3
букчамны	6
букчаны	6
букчасы	4
букчасын	5
букчасында	4
букчаңны	4
бул	346
була	1140
булабыз	15
булабызмы	3
буладыр	8
булалар	15
булалмас	4
булам	77
буламы	92
буларак	154
буласы	6
буласыз	6
буласызмы	6
буласым	24
буласын	23
буласың	30
буласыңмы	25
булачагы	5
булачагымны	8
булачагын	92
булачагына	6
булачагыңны	7
булачак	802
булачакбыз	43
булачакмы	23
булачакмын	54
булачаксыз	9
булачаксың	42
булгалый	9
булган	1040
булганбыз	3
булганга	52
булгангамы	3
булганда	182
булгандыр	40
булганлыгын	3
булганлыктан	7
булганмы	19
булганмын	6
булганмындыр	3
булганнан	18
булганнар	27
булганнарга	4
булганнардан	5
булганнарны	5
булганнары	3
булганны	41
булганның	14
булгансыз	5
булгансың	10
булганча	12
булганчы	30
булганчыга	3
булганы	50
булганыбыз	3
булганыбызны	8
булганыгыз	10
булганыгызны	8
булганым	7
булганымны	11
булганын	300
булганына	7
булганың	24
булганыңны	15
булгач	130
булды	1227
булдыгыз	30
булдыгызмы	15
булдык	35
булдыксыз	17
булдылар	15
булдым	203
булдымы	88
булдыра	191
булдырабыз	7
булдырам	20
булдырасыз	4
булдырасың	30
булдырачак	3
булдырган	6
булдырды	7
булдырдыгыз	4
булдырдык	8
булдырдым	4
булдырдың	9
булдырмаска	9
булдырмау	3
булдырмый	5
булдыру	11
булдырырга	4
булдың	82
булдыңмы	41
булма	54
булмавы	9
булмавыгызны	4
булмавын	39
булмавына	8
булмавыңны	4
булмаган	280
булмаганга	10
булмаганда	28
булмагандыр	10
булмаганнарга	4
булмаганны	16
булмаганның	5
булмаганын	8
булмаганыңны	3
булмагач	15
булмагыз	14
булмады	247
булмадыгыз	5
булмадык	7
булмадым	51
булмадымы	15
булмадың	10
булмам	4
булмас	305
булмаса	166
булмасагыз	14
булмасак	6
булмасам	12
булмасаң	35
булмаска	28
булмаслык	7
булмасмы	12
булмассың	20
булмасын	81
булмау	8
булмаячагын	6
булмаячак	82
булмаячакмын	5
булмаячаксыз	4
булмый	461
булмыйм	6
булмыймы	10
булмыйсың	3
булмыйчак	31
булса	1171
булсагыз	38
булсак	32
булсалар	14
булсам	138
булсаң	139
булсын	269
булсыннар	3
булу	138
булуга	16
булудан	19
булуларын	4
булуларына	3
булуны	8
булуның	4
булуы	94
булуыбыз	4
булуыбызга	4
булуыбызны	11
булуыгыз	5
булуыгызга	13
булуыгызны	17
булуым	6
булуыма	11
булуымны	25
булуын	177
булуына	45
булуында	5
булуың	25
булуыңа	19
булуыңны	33
булыгыз	120
булыйк	16
булып	688
булыр	742
булырбыз	23
булырга	809
булырлар	5
булырлык	12
булырмы	24
булырмын	60
булырсыз	16
булырсың	45
булырсыңмы	3
булыш	84
булыша	143
булышам	55
булышасыз	3
булышасың	15
булышасыңмы	11
булышачак	15
булышачакмын	8
булышкан	21
булышмаган	3
булышмады	5
булышмас	23
булышмаса	3
булышмый	13
булышмыйм	6
булышмыйсың	4
булышса	6
булышсагыз	5
булышсам	5
булышсаң	6
булышсын	6
булышты	44
булыштыгыз	3
булыштык	4
булыштылар	3
булыштым	20
булыштымы	3
булыштың	15
булыштыңмы	3
булышу	11
булышыгыз	31
булышыйм	5
булышыйммы	3
булышып	3
булышыр	22
булышырбыз	5
булышырга	142
булышыргамы	8
булышырмын	20
булышырсыз	5
булышырсың	9
бум	7
бумеранг	3
бумы	4
бункер	23
бункерга	8
бункерда	18
бункердагы	3
бункердан	4
буран	25
бураны	6
бурсык	6
бурсыкны	3
бурсыкның	3
бурыч	39
бурычка	11
бурычлар	4
бурычларга	3
бурычларны	4
бурычлы	51
бурычлымын	3
бурычны	15
бурычы	14
бурычыгыз	3
бурычым	11
бурычымны	4
бурычын	8
бурычың	7
бурычыңны	3
бусагасын	3
бусы	19
бусын	5
бутаган	4
бутадым	4
бутадың	3
буталган	10
буталдым	9
буталчык	21
буталчыклык	3
буталып	13
бутама	6
бутарга	3
бутербродлар	3
бухгалтерия	3
буш	157
бушап	5
бушат	6
бушатты	5
бушатучылар	3
бушатыгыз	3
бушатырга	5
бушка	72
бушлай	40
бушлык	6
бушлыкны	3
бушмы	8
буын	20
буыннар	5
буыннары	3
буыны	3
буып	10
буэнос	3
буяды	5
буялган	8
буяп	4
буярга	11
буяу	15
бы	3
быел	41
быелгы	3
быкылдау	3
былбыл	6
былтыр	6
бытбылдык	3
бьйорн	3
бьюгл	3
бэйн	3
бэм	3
бюросында	3
бүген	936
бүгенге	79
бүгенгә	15
бүгеннән	3
бүз	3
бүкән	9
бүлдерергә	3
бүлдермә	9
бүлдермәгез	3
бүлдерәм	6
бүлеге	25
бүлеген	8
бүлегендә	7
бүлегенә	12
бүлек	21
бүлеккә	7
бүлекләре	3
бүлекләрен	4
бүлекләрне	3
бүлекне	7
бүлектә	9
бүленгән	7
бүленгәнне	3
бүленик	3
бүленә	3
бүлеп	11
бүлешү	3
бүлмә	83
бүлмәгезне	3
бүлмәгә	37
бүлмәдә	77
бүлмәдәге	4
бүлмәдән	37
бүлмәле	3
бүлмәләр	8
бүлмәләрдә	3
бүлмәләрне	4
бүлмәм	6
бүлмәмдә	10
бүлмәмне	6
бүлмәмә	3
бүлмәне	23
бүлмәнең	4
бүлмәсе	57
бүлмәсен	19
бүлмәсендә	55
бүлмәсендәге	6
бүлмәсенең	4
бүлмәсеннән	15
бүлмәсенә	47
бүлмәң	3
бүлмәңдә	5
бүлмәңне	8
бүлмәңә	3
бүлү	3
бүлә	7
бүләге	18
бүләгем	6
бүләген	11
бүләк	163
бүләккә	8
бүләкләр	23
бүләкләрне	3
бүләкне	11
бүре	55
бүреген	4
бүрегә	5
бүредән	3
бүрек	11
бүреләр	9
бүреләргә	3
бүрене	4
бүрәнкә	3
бүрәнә	3
бүтән	506
бүтәнгә	3
бүтәннәр	9
бүтәннәрне	3
бәбкә	3
бәгырем	4
бәдрәф	29
бәдрәфкә	26
бәдрәфтә	10
бәдрәфтән	6
бәйдә	3
бәйле	106
бәйлелек	4
бәйлеме	4
бәйли	8
бәйлә	7
бәйләвеч	3
бәйләвечне	4
бәйләгез	5
бәйләгән	4
бәйләде	9
бәйләдем	4
бәйләм	4
бәйләме	6
бәйләнгән	25
бәйләнгәнен	3
бәйләнде	3
бәйләнеп	3
бәйләнеш	21
бәйләнеше	5
бәйләнешкә	5
бәйләнешләр	3
бәйләнешләре	3
бәйләнешне	3
бәйләнештә	3
бәйләнмә	33
бәйләнмәгез	5
бәйләнчек	7
бәйләнә	12
бәйләнәсең	5
бәйләп	17
бәйләргә	11
бәйрәм	85
бәйрәмгә	11
бәйрәмдә	12
бәйрәме	18
бәйрәмен	5
бәйрәмне	7
бәйрәмнәр	4
бәйрәмханә	7
бәйсез	44
бәйсезлеге	3
бәйсезлеген	5
бәйсезлек	22
бәйсезлеккә	3
бәйсезрәк	3
бәла	34
бәлагә	8
бәладә	6
бәлеш	34
бәлеше	6
бәлешен	3
бәлешләр	6
бәлешне	4
бәлкем	20
бәлки	959
бәлкидер	8
бәлли	4
бәллүр	6
бәлә	3
бәләкәй	36
бәләкәч	13
бәндә	13
бәндәдән	5
бәндәне	4
бәр	6
бәргән	8
бәргәч	4
бәрде	20
бәрдем	6
бәрдең	7
бәрелгән	5
бәрелгәндә	3
бәрелде	21
бәрелдем	8
бәрелеп	5
бәрелергә	3
бәрелеш	7
бәрелсә	4
бәрелү	7
бәрелә	4
бәреп	37
бәрергә	5
бәрү	13
бәрә	6
бәрәкәт	10
бәрәм	3
бәрән	4
бәрәчәк	4
бәрәңге	27
бәрәңгене	9
бәхет	138
бәхете	9
бәхетем	4
бәхетен	4
бәхетең	3
бәхетеңә	4
бәхеткә	39
бәхетле	259
бәхетлеме	10
бәхетлерәк	3
бәхетне	9
бәхетнең	7
бәхетсез	38
бәхетсезлек	29
бәхетсезлекләр	4
бәхеттән	3
бәхил	3
бәхәс	11
бәхәсле	11
бәхәсләр	6
бәхәсләшеп	7
бәхәсләшергә	14
бәхәсләшмә	6
бәхәсләшмәгез	3
бәхәсләштегез	3
бәхәсләшә	7
бәхәсләшәм	3
бәхәссез	8
бәя	29
бәягә	10
бәядә	3
бәяли	7
бәялиләр	4
бәялим	10
бәялә	5
бәяләнде	3
бәяләнә	7
бәяләп	16
бәяләр	29
бәяләргә	8
бәяләре	6
бәяләү	4
бәян	3
бәяне	3
бәясе	54
бәясен	12
бөгелгән	6
бөгелә	3
бөгә	4
бөгәрләнеп	3
бөдрә	6
бөек	153
бөеклек	4
бөеклеккә	4
бөер	16
бөеремне	4
бөерен	3
бөерләр	3
бөке	4
бөкедә	3
бөкеләр	4
бөкре	4
бөлгенлеккә	3
бөре	3
бөркет	10
бөркү	4
бөртеге	6
бөртекләре	3
бөтен	686
бөтендөнья	27
бөтенесе	16
бөтенесен	17
бөтенлеге	3
бөтенлеген	3
бөтенләй	302
бөтенләйгә	7
бөтнек	3
бөҗәк	11
бөҗәкләр	12
бөҗәкләрне	6
бөҗәкне	3
вагон	4
вагю	4
ваемсыз	8
ваемсызлык	3
ваз	9
ваза	5
вазага	3
вазаны	4
вазгыять	5
вазифа	6
вай	3
вак	30
вакандадан	3
вакуум	3
вакцина	17
вакциналар	4
вакыйга	45
вакыйгадан	6
вакыйгалар	30
вакыйгаларны	11
вакыйгаларның	4
вакыйганы	7
вакыйганың	3
вакыт	1047
вакытка	49
вакытлар	8
вакытларда	3
вакытлары	4
вакытларымда	3
вакытлы	17
вакытлыча	28
вакытмы	3
вакытны	87
вакытның	3
вакытсыз	6
вакытта	295
вакыттагы	5
вакыттан	27
вакыттыр	5
вакыты	106
вакытыбыз	33
вакытыбызны	3
вакытыгыз	14
вакытыгызны	10
вакытым	66
вакытымны	17
вакытын	23
вакытына	6
вакытында	174
вакытыннан	6
вакытың	32
вакытыңны	23
валери	3
валлаһи	4
валхаллага	3
вальдо	5
валюта	5
вампир	4
ван	20
ванна	18
ваннага	8
ваннада	11
вариант	25
вариантлар	7
вариантны	3
варианты	3
варис	10
варисы	4
васыять	7
ватан	18
ватанга	3
ватандашлар	5
ватанпәрвәрлек	7
ватанпәрвәрлеккә	3
ватаным	7
ватанымны	5
ватарга	7
ваткан	15
ватты	16
ваттым	6
ваттың	3
ваттыңмы	3
ватык	12
ватыла	7
ватылган	38
ватылды	21
ватылса	4
ватып	21
вау	24
вафат	35
вашингтонның	3
веб	3
вегетариан	6
вейли	5
вейлига	5
велосипед	12
велосипедны	3
велосипедта	23
велосипеды	4
велосипедымны	5
велосипедын	3
вена	4
венага	4
веномга	3
вентиляция	6
вера	4
верандада	3
вероника	3
версияне	3
версиясе	3
версиясен	3
веспер	3
вестибюльдә	3
вибраниум	7
видео	25
видеога	3
видеоны	8
видеоязма	3
видморның	4
виза	5
визит	4
викингы	4
виктория	3
вильсон	3
винберг	3
винсентны	6
вирус	30
вирусны	5
вирусы	3
виски	14
витаминнар	4
витамины	3
владимир	5
водород	12
вокзал	9
вокзалга	13
вокзалда	5
вокзалдан	3
вокзалы	3
вол	3
волейбол	3
волков	3
вольтрон	4
вормир	5
воу	3
вуаля	4
вуд	3
вуду	17
вулкан	6
вундагор	3
вы	8
вьет	4
вю	7
вә	7
вәгазь	3
вәгъдә	133
вәгъдәгезне	3
вәгъдәләр	4
вәгъдәләрен	4
вәгъдәне	6
вәгъдәсен	4
вәзгыять	15
вәзгыятьне	4
вәкиле	7
вәкилләре	7
вәсвәсә	3
вөрманн	3
вөҗдан	10
вөҗданы	6
вөҗданың	5
г	8
га	23
гадел	84
гаделлек	17
гаделсез	8
гаделсезлек	5
гаделсезлеккә	3
гади	197
гадиләштерергә	4
гадирәк	11
гадәт	25
гадәте	10
гадәти	118
гадәткә	7
гадәтләр	8
гадәтләргә	5
гадәтләрен	4
гадәттә	154
гадәттәгедән	4
гадәттәгечә	25
гадәттән	22
гаебе	20
гаебем	26
гаебемне	6
гаебен	4
гаебең	11
гаебеңне	9
гаеп	50
гаепле	118
гаеплеме	4
гаеплене	5
гаепли	9
гаеплим	3
гаепләде	10
гаепләделәр	7
гаепләми	4
гаепләмим	11
гаепләмә	11
гаепләмәгез	4
гаепләнүче	3
гаепләнүчене	3
гаепләнәсез	3
гаепләп	4
гаепләр	4
гаепләргә	7
гаепләү	10
гаепме	3
гаепне	5
гаепсез	40
газ	30
газабы	5
газап	34
газапланачак	4
газапланып	3
газапланырга	3
газаплар	5
газапларга	4
газаплары	4
газга	6
газета	16
газетада	4
газеталар	4
газетаны	7
газиз	7
газлар	5
газлы	5
газны	4
гаилә	93
гаиләбезне	3
гаиләгез	7
гаиләгездә	3
гаиләгә	4
гаиләдә	16
гаиләдән	5
гаиләлегеннән	5
гаиләләр	8
гаиләләре	5
гаиләләренә	3
гаиләм	21
гаиләмне	15
гаиләмнең	5
гаиләмә	5
гаиләне	5
гаиләсе	26
гаиләсен	10
гаиләсендә	3
гаиләсенең	9
гаиләсеннән	7
гаиләсенә	6
гаиләң	19
гаиләңне	7
гайбәт	8
гайбәтләр	3
гайбәтче	4
гайре	9
гайрәт	3
галактика	9
галактикада	4
галим	48
галиме	8
галимне	4
галимнең	4
галимнәр	25
галимнәргә	3
галиҗанәп	4
галиҗәнап	20
галстугын	3
галстук	13
галстукны	4
галәм	174
галәмара	4
галәмгә	20
галәмдә	40
галәмдәге	9
галәмне	24
галәмнең	10
галәмнән	15
галәмнәр	4
галәмнәрдә	9
галәмнәрдән	4
галәмнәрне	3
галәмәт	6
гамбо	5
гамәл	19
гамәлгә	7
гамәлдә	7
гамәлдән	19
гамәле	3
гамәли	6
гамәлләр	12
гамәлләргә	4
гамәлләре	3
гамәлләрен	3
гамәлләрне	3
гамәлне	3
ган	4
ганди	7
гараж	3
гаражга	4
гаражда	6
гарантия	4
гарантиясе	3
гариза	16
гарип	36
гарипләр	4
гармония	8
гармониядә	4
гармониясе	4
гармун	3
гаррида	3
гарык	3
гарәп	30
гарәпчә	4
гаскәр	53
гаскәргә	5
гаскәрдә	8
гаскәре	13
гаскәрендә	3
гаскәреннән	3
гаскәри	9
гаскәрләр	14
гаскәрләре	9
гасыр	32
гасырга	6
гасырда	20
гасырдагы	3
гасырдан	5
гасырлар	15
гасырларга	6
гасырларда	3
гасырның	8
гауга	5
гаугалы	3
гафу	830
гашыйк	106
гашыйклар	7
гашыйкмы	4
гаяз	3
гаять	32
гаҗиз	3
гаҗит	3
гаҗәеп	103
гаҗәп	43
гаҗәпләнгән	6
гаҗәпләнде	8
гаҗәпләндем	19
гаҗәпләндерде	17
гаҗәпләндерергә	5
гаҗәпләндерерлек	3
гаҗәпләндерми	5
гаҗәпләндерә	10
гаҗәпләндең	3
гаҗәпләнмим	3
гаҗәпләнмәдем	3
гаҗәпләнмәс	3
гаҗәпләнү	4
гаҗәпләнүдән	6
гаҗәпләнә	3
гаҗәпләнәм	12
гвен	3
где	3
гел	243
гелгә	8
гелий	6
генерал	18
генераль	3
генератор	6
генераторы	3
генетик	13
геноцид	3
генә	1743
генәме	13
география	3
геолог	3
геологик	3
герое	3
герой	10
геттода	3
гигаватт	8
гид	6
гидрага	5
гильдиягә	4
гимн	3
гимны	8
гимнын	3
гимнының	4
гипертизлек	3
гитара	8
гитарада	17
гитараны	3
гитарачы	5
гитараңны	3
гладиозавр	4
глайдер	4
глобаль	18
глобальләшү	3
гоблин	11
гойя	3
гол	5
гольф	19
гомер	120
гомергә	4
гомердә	3
гомере	36
гомерегезне	9
гомерем	27
гомеремдә	16
гомеремне	35
гомеремнең	7
гомерен	58
гомерендә	8
гомеренең	5
гомерең	15
гомереңне	32
гомерлек	13
гомерлеккә	9
гомерләр	7
гомерләрен	8
гомерне	11
гомернең	5
гомуми	29
гомумән	108
гораций	5
гордон	3
гореф	3
горилла	5
горур	12
горурлана	15
горурланабыз	5
горурланам	20
горурланып	5
горурланыр	4
горурлыгы	5
горурлык	9
горчица	3
готэмның	3
гравитация	8
градус	24
градуска	8
гражданин	4
гражданнар	8
гражданнарның	3
грамм	5
грамматик	5
грамматика	3
грамматикасы	4
график	17
грек	11
грета	4
греция	6
грим	3
гринвичка	4
грипп	4
гриф	3
гриффиндор	7
гриффиндорга	3
гудспид	4
гуманитар	3
гыйбадәт	6
гыйбадәтханә	16
гыйбадәтханәгә	20
гыйбадәтханәдә	16
гыйбадәтханәдән	4
гыйбадәтханәне	6
гыйбадәтханәсе	3
гыйбарә	5
гыйбарәләр	4
гыйбарәне	5
гыйбарәт	15
гыйбрәт	5
гыйбрәтле	3
гыйлем	15
гыйлеме	4
гыйнвар	11
гыйффәтле	3
гыйшык	8
гына	1531
гынамы	21
гырылдап	3
гүзәл	101
гүзәле	3
гүзәлем	7
гүзәллеге	3
гүзәллек	6
гүзәллекне	3
гүзәллектә	3
гүзәлрәк	5
гүр	6
гүргә	3
гүя	11
гә	20
гәрчә	6
гәҗит	11
гәҗиттә	3
гәҗәеп	4
гәүдә	15
гәүдәгә	3
гәүдәле	16
гәүдәләнеше	3
гәүдәсе	9
гәүдәсеннән	3
гәүдәң	3
гөбәдия	3
гөл	25
гөле	4
гөлләр	6
гөлләргә	3
гөлнең	3
гөлчәчәк	11
гөлчәчәкләр	9
гөлҗимеш	3
гөмбә	7
гөмбәз	6
гөмбәсе	4
гөнаһ	30
гөнаһка	4
гөнаһлар	5
гөнаһларны	3
гөнаһларымны	4
гөнаһлы	11
гөнаһмы	3
гөнаһсыз	5
гөнаһым	3
гөнаһын	3
гөрләп	3
гөрҗе	3
д	3
да	6791
давид	3
давыл	41
давылда	4
даими	30
даирәсе	3
дайсон	7
дала	8
далада	3
дам	3
дамы	10
дан	32
данга	3
даниель	4
данис	3
даниэл	3
данлы	10
данлыклы	11
данны	4
дантист	4
даны	5
даның	6
данә	3
дар	3
дару	79
дарулар	45
даруларга	3
даруларны	11
дарулары	3
даруларың	3
даруларыңны	3
даруны	25
даруның	3
даруханә	3
даруы	12
даруын	4
дары	8
датаны	4
датчиклар	3
даһи	27
де	7
дебби	6
дебет	3
дежа	4
дейтон	4
декабрь	10
декабрьдә	4
делайла	3
делорианга	3
дельфин	3
демократик	8
демократия	18
департаменты	3
депрессия	4
десерт	8
десертка	6
десмондның	4
детектив	5
дефенестрациясе	3
джаз	7
джанетны	3
джейга	4
джейкобның	3
джеймисон	4
джеймсны	3
дженис	5
дженифер	3
джентльмен	5
джентльменнар	4
дженторра	3
джеронимо	3
джерси	3
джессиканы	4
джеф	6
джинның	3
джо	3
джоанна	3
джокер	5
джуб	3
джуди	4
джулиетны	5
джулс	3
джунгли	23
джунглига	39
джунглида	63
джунглидагы	4
джунглидан	14
ди	256
диабет	4
диагноз	4
диалекты	5
диаметры	3
диван	4
дивана	24
диваналар	7
диванда	10
дивар	38
диварга	16
диварда	10
дивардагы	6
дивардан	5
диварлар	5
диварларга	4
диварларны	3
диварлары	4
диварларында	4
диварны	10
диварның	5
дивары	5
диген	64
дигән	280
дигәндә	80
дигәне	5
дигәнемне	3
дигәнен	8
дигәнең	4
дигәнеңне	12
дигәнне	30
дигәннәр	3
дигәнче	4
дигәч	28
диде	473
дидегез	28
дидегезме	7
диделәр	50
дидем	190
дидеме	11
дидемме	4
дидең	170
дидеңме	14
диегез	15
диего	3
диелгән	5
диелә	4
диеп	23
диета	5
диетага	4
дик	5
диктант	4
диктатор	4
диләр	105
дим	50
димә	28
димәде	3
димәдем	8
димәдең	6
димәк	862
димәс	5
дин	34
динамит	33
динамитны	10
дингә	4
диндар	3
дине	13
динем	3
динен	6
дини	21
динле	4
диннәр	3
динозавр	15
динозаврлар	7
динсез	5
дип	4430
дипломат	3
дипломатик	4
дипломатия	3
дипме	5
директор	18
директорлар	3
директоры	6
дирижабль	10
дисез	11
дисезме	9
дисең	46
дисеңме	25
диск	5
дисклар	3
диско	3
дискотека	3
диспетчер	4
диссертацияне	3
дистә	7
дистәләгән	4
дисә	8
дисәгез	4
дисәк	3
дисәләр	11
дисәм	19
дисәң	36
дию	4
диюче	4
дия	5
дияр	14
дияргә	16
дияргәме	3
диярлек	239
диярмен	10
диярсең	15
диясе	13
диясем	8
диясең	6
диңгез	127
диңгезгә	19
диңгездә	34
диңгездән	7
диңгезе	4
диңгезне	7
диңгезче	9
дог	3
дога	41
догамны	4
доген	3
доза	6
дозаны	4
дозасын	3
док	211
докка	4
докладны	4
доктор	240
докторлык	4
докторы	3
документ	4
документаль	4
документка	3
документлар	13
документларга	3
документларны	12
документлары	3
документларыгызны	4
документларын	3
документны	4
доллар	82
долларга	14
доллардан	6
долларлык	7
долларны	5
донор	4
дора	3
достоевский	5
дотракийлар	3
дошман	98
дошманга	3
дошманлы	3
дошманлык	3
дошманнан	4
дошманнар	24
дошманнарга	4
дошманнардан	4
дошманнарны	6
дошманнарның	4
дошманнары	9
дошманнарын	3
дошманны	15
дошманның	5
дошманы	16
дошманын	3
дошманың	5
драйв	8
драма	4
дройд	3
дрон	5
дроннар	15
дроннарны	3
дроннары	3
дуайт	6
дуамал	3
дубль	3
дулап	4
дулкын	16
дулкынлана	3
дулкынланам	6
дулкынланган	3
дулкынландым	4
дулкынландыргыч	6
дулкынланма	4
дулкынланып	5
дулкынлы	4
дулкыннар	9
дулкыннардан	4
дулкыны	8
думбрада	8
дураль	3
дус	356
дуска	4
дускай	9
дуслар	181
дусларга	3
дуслардан	3
дуслармы	4
дусларны	10
дусларча	3
дуслары	47
дусларыбыз	7
дусларыбызны	5
дусларыгыз	15
дусларыгызны	8
дусларым	67
дусларыма	7
дусларымны	8
дусларын	8
дусларының	4
дусларың	46
дусларыңа	9
дусларыңны	11
дуслаштык	6
дуслашып	7
дуслык	21
дуслыкны	5
дуслыкның	3
дусны	3
дустан	3
дустанә	11
дусты	64
дустыбыз	7
дустыбызны	6
дустыгыз	22
дустыгызга	4
дустыгызны	3
дустым	257
дустыма	6
дустымнан	4
дустымны	19
дустымның	9
дустымы	3
дустын	10
дустына	4
дустыннан	5
дустың	75
дустыңа	11
дустыңны	19
дустыңның	4
дучар	24
душ	21
душта	8
дуңгыз	34
дуңгызлар	9
дуңгызны	6
дуңгызы	4
дым	4
дымлы	13
дүрт	218
дүртенче	39
дүртенчесе	3
дүртесен	3
дүрткә	4
дүрттә	6
дүрттән	6
дүртәү	11
дүшәмбе	50
дүшәмбегә	14
дүшәмбедә	6
дүшәмбедән	5
дә	5170
дәва	5
дәвалады	3
дәваладыгыз	3
дәвалап	9
дәваларга	9
дәваларлар	4
дәвалау	18
дәвалый	18
дәвалыйк	3
дәвалыйм	4
дәвам	253
дәвамлыгы	3
дәвамы	8
дәвамында	45
дәверендә	3
дәгъва	6
дәлил	30
дәлиле	10
дәлилләр	25
дәлилләрен	4
дәлилләрне	4
дәлилне	3
дәме	7
дән	15
дәрвиш	3
дәрес	16
дәресе	6
дәресендә	4
дәрескә	9
дәреслеген	4
дәреслек	4
дәресләр	19
дәресләре	8
дәресләрен	5
дәресләренә	3
дәресләрне	8
дәресне	6
дәрестә	7
дәрестән	3
дәрман	4
дәррәү	4
дәрт	11
дәртле	11
дәртләндерә	3
дәртләнеп	6
дәртне	3
дәрәҗә	18
дәрәҗәгә	8
дәрәҗәдә	60
дәрәҗәдәге	13
дәрәҗәле	11
дәрәҗәләр	4
дәрәҗәсе	23
дәрәҗәсен	10
дәрәҗәсендә	5
дәрәҗәсенә	9
дәфтәр	5
дәфтәргә	3
дәфтәрләр	5
дәш	3
дәшми	21
дәшмим	4
дәшмичә	7
дәшмә	23
дәшмәгез	3
дәшмәде	5
дәшмәскә	8
дәшә	8
дәү	9
дәүләт	122
дәүләте	8
дәүләткә	3
дәүләтләр	5
дәүләтне	4
дәүләтнең	8
дәүләттән	3
дәһрилек	3
дәһшәтле	5
дөге	12
дөнья	290
дөньяви	3
дөньяга	72
дөньяда	178
дөньядагы	38
дөньядан	22
дөньякүләм	18
дөньялар	7
дөньям	3
дөньяны	89
дөньяның	44
дөньясы	23
дөньясына	12
дөньясында	13
дөньясының	3
дөньяңны	4
дөрес	548
дөресен	201
дөреслегенә	4
дөреслек	29
дөреслеккә	4
дөреслекне	33
дөреслекнең	3
дөреслектән	5
дөресме	103
дөресне	3
дөресрәге	17
дөресрәк	8
дөя	8
дөяне	5
евгений	3
евро	15
еврога	4
европада	3
ега	3
егар	4
егерме	100
егерменче	10
егет	280
егете	16
егетем	9
егетенең	3
егетең	7
егетеңне	3
егеткә	13
егетләр	121
егетләргә	6
егетләре	4
егетләрең	3
егетләрне	5
егетләрнең	4
егетне	49
егетнең	18
егеттән	5
его	3
егыла	10
егылам	3
егылган	5
егылганны	3
егылганчы	3
егылгач	3
егылды	9
егылдым	7
егылма	3
егылмый	4
егылсаң	4
егылу	3
егылып	51
егылырсың	5
егәрлектәге	6
екты	3
ел	648
ела	6
елаганын	10
елады	10
еладым	4
елак	9
елама	12
еламаган	3
еламагыз	3
еламый	4
елан	33
еланбалыклар	3
еланга	5
еланнар	7
еланнарны	4
еланның	5
елап	32
елар	5
еларга	8
елата	4
елаттым	3
елау	5
елаудан	5
елга	131
елгага	11
елгада	13
елгалар	10
елгалары	5
елганы	8
елганың	6
елгасы	8
елгасының	3
елгы	13
елгыр	3
елда	171
елдан	95
елена	6
елкы	3
еллар	95
елларда	42
еллардагы	3
еллардан	4
елларны	4
еллары	5
елларында	5
еллыгы	3
еллык	31
елмаеп	21
елмай	4
елмайганын	3
елмайды	32
елмаймады	4
елмаймый	3
елмайса	3
елмаю	11
елмаюы	5
елмаюын	3
елмаюыңны	4
елмая	15
елмаясың	6
елмаясыңмы	3
елны	42
елның	54
елы	7
елый	31
елыйм	6
елыйсы	3
елыйсың	3
елыйсыңмы	3
елым	3
елын	4
елына	20
елында	4
ераграк	63
ерак	139
еракка	15
ераккарак	12
ераклаша	5
ераклык	5
ераклыкны	3
ераклыкта	45
ераклыктагы	6
еракмы	18
еракта	31
ерактагы	4
ерактан	27
ерма	4
ерткыч	8
ерткычлар	5
ерттым	3
ертылган	5
ертылып	3
ертып	11
ерып	6
ефәк	17
еш	200
ешлык	6
ешлыкны	4
ешлыктагы	3
ешрак	24
жан	5
желе	3
журнал	15
журналист	3
журналистлар	8
журналисты	3
журналны	5
журналчы	4
журналы	7
за	4
завод	10
заводка	3
заводта	7
заводы	10
заводында	4
заказ	53
заказны	6
закон	7
законнарны	3
законны	3
законсыз	3
залда	3
залим	5
залы	4
заман	40
замана	4
заманалар	5
заманга	4
заманда	26
заманнар	3
заманнарда	9
заманнардан	5
заманча	20
заманында	17
заманындагы	4
заманәлиф	3
запас	10
запасы	4
зарар	11
зарарланган	9
зарарлану	3
зарарлы	13
зарарлый	4
зарарсыз	10
зарлана	14
зарланалар	3
зарланды	5
зарланма	3
зарлану	7
зарланудан	3
зарланып	3
зарланырга	6
зарур	3
зарурлыгы	4
зарыгып	3
зат	16
затлар	6
затлары	3
затлы	8
заты	5
зепп	4
зилзилә	4
зина	6
зинасы	3
зиначы	3
зиннәте	4
зиннәтле	8
зинһар	785
зионны	3
зират	6
зиратка	5
зири	56
зириның	4
зирәк	28
зирәклек	7
зодиак	4
зодның	3
золым	8
зомби	9
зомбилар	3
зонд	4
зондны	4
зоопаркка	10
зоопарктан	3
зор	3
зур	727
зурая	5
зурга	3
зурлар	3
зурлыгы	6
зурлыгындагы	5
зурлыкта	6
зурлыктагы	5
зурмы	3
зуррак	60
зурысы	7
зыялы	8
зыялылар	3
зыян	193
зыянлы	4
зыянны	6
зыянсыз	4
зыяны	3
зэпп	3
зәвыкта	3
зәгыйфь	18
зәйтүн	11
зәркән	6
зәңгәр	101
зәһәр	3
зәһәрле	3
и	37
иблис	14
иблисне	3
иганә	12
иганәчесе	6
игезәк	7
игезәкләр	8
игелек	6
игелекле	38
игелекчеләр	8
иген	5
игеннәр	4
игорь	3
игълан	67
игъланда	3
игъланны	3
игътибар	208
игътибарга	3
игътибарлы	24
игътибарлырак	7
игътибарны	16
игътибарсыз	34
игътибарсызлык	3
игътибары	3
игътибарыгызны	6
игътибарымны	9
игътибарын	11
игътибарыңны	5
идарә	151
идарәгә	7
идарәдә	4
идарәне	16
идарәсе	12
идарәсез	6
идарәсендә	4
иде	4277
идеаль	14
идегез	154
идегезме	60
идек	263
идекме	4
иделдә	3
иделәр	22
идем	1856
идеме	99
идемени	4
идемме	15
идея	30
идеяләре	3
идеяне	3
идеясе	6
идең	384
идеңме	107
идән	24
идәнгә	21
идәндә	17
идәрә	5
иел	13
иелгән	4
иелгәнгә	4
иелегез	4
иелеп	3
иен	5
из	3
изге	104
изүе	3
изә	4
ике	1159
икебез	70
икебезгә	6
икебезне	7
икегез	50
икегезгә	6
икегезне	12
икегезнең	3
икегә	12
икедә	3
икейөзле	12
икеле	16
икеләнеп	4
икеләнмичә	13
икеләтә	29
икеме	3
икене	20
икенче	395
икенчедән	16
икенчел	6
икенчеләре	4
икенчене	3
икенчесе	38
икенчесен	20
икенчесендә	4
икенчесенә	27
икесе	87
икесен	27
икесенең	12
икешәр	7
икешәрле	4
икмәге	6
икмәк	56
икмәкне	5
икърар	6
икътисад	9
икътисади	6
икътисадның	3
икътисадый	12
икән	525
икәне	11
икәнебезне	26
икәнегезне	32
икәнемне	79
икәнен	929
икәнендә	4
икәненә	10
икәнеңне	100
икәнеңә	4
икәнлегемне	3
икәнлеген	32
икәнлегенә	6
икәнме	3
икәнне	3
икәннәрен	5
икәнсез	4
икәнсең	15
икәү	42
икәүләп	4
ил	182
илаһи	5
илгә	30
илдә	64
илдәге	4
илдән	19
иле	21
илебез	3
илебезнең	5
илем	10
илемә	3
илен	13
илендә	12
иленнән	5
илең	3
илкүләм	3
илле	34
илледән	4
илленче	6
иллюзия	14
иллюзияләр	4
илләр	16
илләргә	3
илләрдә	10
илләрендә	9
илләрнең	5
илне	14
илнең	28
илт	6
илтегез	12
илтеп	27
илтербез	3
илтергә	9
илтермен	3
илткән	4
илтү	6
илтә	19
илтәм	6
илче	7
илчелеге	4
илһам	13
иләк	3
иләмән	3
им	4
имам	3
иман	12
имансыз	5
иманым	3
иманыңны	5
име	9
имезлек	3
имезүче	5
имезүчеләр	6
имеш	63
имештер	4
имза	4
имзасыз	7
имин	76
иминият	9
иминияте	3
иминле	3
иминлеге	10
иминлегең	4
иминлек	53
иминлектә	51
иминлектәме	5
иминме	5
иммун	4
иммунитет	3
империалистик	3
империя	23
империясен	3
империячел	4
импульс	3
импульсын	3
имралар	3
имтихан	28
имтиханнан	4
имтиханнар	3
имтиханнарны	3
имтиханны	11
имтиханы	3
имче	17
имчегә	3
имчеләр	3
имчене	3
имчәк	4
имән	22
инана	4
инану	3
инаныгыз	4
инанырга	6
инвалид	4
инвалидлар	4
инвентаризация	3
инвестицияләр	4
ингалятор	4
инглиз	124
инглизләр	5
инглизчә	76
индастриз	4
инде	2176
индеецлар	5
индексы	4
индонезия	4
инерт	3
инеш	6
инештә	5
инештән	3
инженер	3
инженерлар	3
инкарь	9
инкыйлаб	12
инкыйлаби	3
инкыйлабка	3
инкыйлаблар	4
иннек	3
инсаният	3
инстинктив	3
институтта	3
интегә	9
интеллект	8
интервью	5
интернет	17
интернетка	8
интернетта	22
интернеттан	8
интуитив	3
инфекция	21
инфляция	3
инфляцияне	3
инә	7
инәләр	3
ипи	37
ипигә	3
ипидән	3
ипине	5
иптәш	133
иптәше	6
иптәшегез	5
иптәшем	10
иптәшең	8
иптәшләр	78
иптәшләрен	3
ир	152
иргә	6
ире	28
иреге	19
ирегез	18
ирегезгә	3
ирегезнең	5
иреген	10
ирегеннән	4
ирек	81
иреккә	14
ирекле	88
иреклеме	4
ирекләргә	3
ирекләрен	3
ирекләрне	3
ирекне	5
ирексездән	6
ирексезләп	4
иректә	10
ирем	48
иремне	11
иремнең	4
иремә	4
ирен	7
иреннән	6
иреннәр	4
иреннәре	3
иреннәрен	3
иренчәк	4
иренә	4
ирешелгән	3
ирешеп	9
ирешер	5
ирешергә	18
ирешкән	8
иреште	12
ирештегез	3
ирештек	3
ирештем	8
ирешү	31
ирешә	33
ирешәсең	3
ирешәчәк	6
ирең	22
иреңне	4
иреңә	3
иркен	33
иркенлек	5
иркә	6
ирләр	25
ирләргә	5
ирләре	4
ирләрне	6
ирләрнең	4
ирне	4
ирнең	5
иртүк	7
иртә	200
иртәгә	401
иртәгәге	7
иртәгәгә	13
иртәгәдән	5
иртәдән	11
иртәләрен	4
иртәме	8
иртән	148
иртәнге	111
иртәнгә	10
иртәне	5
иртәрәк	91
ис	48
исбат	20
исбатла	7
исбатларга	8
исбатлау	6
исбатлый	4
исе	56
исегезгә	5
исегездә	9
исем	86
исемгә	3
исемдә	5
исемдәге	3
исеме	234
исемегез	21
исемегезне	16
исемем	112
исемемне	17
исемен	94
исемендәге	8
исеменнән	15
исеменә	10
исемең	49
исемеңне	23
исемле	56
исемлеге	25
исемлеген	17
исемлегендә	14
исемлек	72
исемлеккә	9
исемлекне	18
исемлектә	18
исемне	29
исемнән	3
исемнәр	18
исемнәре	18
исемнәребезне	3
исемнәрен	13
исемнәрне	7
исемә	4
исен	18
исенә	5
исергән	7
исердем	5
исерек	71
исерекбаш	13
исереклек	3
исереп	7
исерткеч	5
исертә	4
исең	9
исеңдә	22
исеңә	11
иске	179
искергән	8
искечә	7
искиткеч	193
искитмәле	4
искитәрлек	16
искә	160
искән	10
искәндә	3
искәрмә	12
искәрмәләре	3
ислам	30
исламда	3
исле	13
исләр	3
исләре	3
исни	5
иснә	3
иснәп	3
испан	21
испаниянең	3
испанча	21
иссез	5
ист	3
истерия	3
истә	44
истәлеге	4
истәлегенә	3
истәлек	8
истәлекле	9
истәлекләр	5
истәме	3
исфахан	6
исә	33
исәбе	7
исән	451
исәнләш	4
исәнләшергә	9
исәнләште	4
исәнме	73
исәнмесез	45
исәнмә	3
исәннәр	3
исәп	31
исәпкә	52
исәпләдем	7
исәпләнгән	8
исәпләнә	3
исәпләп	8
исәпләү	5
исәпне	3
исәптән	12
исәр	5
ит	691
итальян	7
итальяннар	4
итальянча	3
ите	25
итегез	543
итек	6
ителгән	60
ителгәннәр	3
ителгәч	4
ителде	44
ителергә	17
ителми	21
ителмәгән	7
ителмәде	4
ителмәслек	3
ителү	6
ителүгә	4
ителә	48
ителәчәк	11
итен	10
итеп	460
итик	42
итим	7
иткеч	3
иткән	180
иткәндә	17
иткәнегез	5
иткәнем	3
иткәнемне	7
иткәнен	22
иткәнең	5
иткәнеңне	6
иткәнне	3
иткәннәр	13
иткәннәрен	6
иткәнсез	5
иткәнче	6
иткәнчә	7
иткәч	17
итле	4
итми	51
итмибез	7
итмик	6
итмиләр	7
итмим	48
итмисең	9
итмичә	10
итмичәк	5
итмә	89
итмәгез	21
итмәгән	12
итмәгәннәр	3
итмәде	28
итмәдегез	3
итмәдек	8
итмәделәр	7
итмәдем	29
итмәдеме	3
итмәдең	6
итмәк	4
итмәкче	4
итмәм	11
итмәс	32
итмәсен	3
итмәскә	16
итмәсләр	3
итмәссезме	3
итмәсә	3
итмәсәк	3
итмәсәң	12
итмәячәк	20
итмәячәкмен	8
итмәү	5
итне	13
итсен	24
итсеннәр	9
итсә	21
итсәгез	17
итсәк	8
итсәләр	3
итсәм	10
итсәң	25
итте	303
иттегез	18
иттегезме	9
иттек	34
иттеләр	85
иттеләрме	4
иттем	147
иттеме	14
иттең	71
иттеңме	13
итче	8
итү	228
итүгә	9
итүдә	9
итүдән	13
итүе	7
итүебезне	3
итүегезне	14
итүемне	14
итүен	19
итүең	4
итүеңне	14
итүләрен	4
итүне	16
итүнең	9
итүче	42
итүчеләр	3
итүчесе	4
итүчән	3
итә	740
итәбез	72
итәге	3
итәгендә	4
итәгең	3
итәк	9
итәкләр	3
итәләр	39
итәм	361
итәме	11
итәр	85
итәрбез	51
итәргә	555
итәргәме	9
итәрлек	8
итәрләр	7
итәрме	7
итәрмен	56
итәрсез	7
итәрсең	17
итәсе	7
итәсез	29
итәсезме	17
итәсем	20
итәсең	86
итәсеңме	25
итәчәген	10
итәчәк	85
итәчәкбез	26
итәчәкләр	6
итәчәкмен	33
итәчәксез	7
итәчәксең	10
итәчәксеңме	5
их	4
ихлас	16
ихластан	3
ихтимал	39
ихтималлыгы	8
ихтималлыгын	4
ихтималлык	13
ихтималы	9
ихтирам	6
ихтирамлы	3
ихтыяр	18
ихтыярсыз	4
ихтыяры	7
ихтыярым	3
ихтыярын	5
ихтыярына	3
ихтыярың	3
ихтыярыңа	3
ихтыяҗ	6
ихтыяҗларын	5
ич	56
ичмасам	11
иш	3
ишарә	4
ишарәт	3
ишегалдына	3
ишегалдында	12
ишегалдындагы	3
ишеге	18
ишегез	6
ишеген	20
ишек	150
ишеккә	24
ишекләр	18
ишекләре	4
ишекләрен	3
ишекләрне	14
ишекне	177
ишекнең	7
ишектә	3
ишектән	29
ишет	5
ишетелде	13
ишетелеп	6
ишетелә	19
ишетеп	12
ишетергә	60
ишетеңме	3
ишеткән	37
ишеткәнегез	6
ишеткәнем	17
ишеткәнең	9
ишеткәнсездер	3
ишеткәнсеңдер	3
ишеткәч	18
ишетми	5
ишетмим	12
ишетмәгән	4
ишетмәгәнгә	3
ишетмәде	4
ишетмәдем	29
ишетмәдең	5
ишетмәдеңме	8
ишетмәс	4
ишетсен	4
ишетсәгез	4
ишетсәң	6
ишетте	26
ишеттегез	9
ишеттегезме	14
ишеттек	11
ишеттем	152
ишеттең	31
ишеттеңме	44
ишетү	20
ишетүгә	3
ишетүе	3
ишетүем	4
ишетүемә	4
ишетүен	3
ишетә	22
ишетәм	43
ишетәме	6
ишетәсез	3
ишетәсезме	20
ишетәсем	10
ишетәсең	10
ишетәсеңме	76
ишетәчәк	3
ишәк	22
июлендә	4
июль	8
июнь	6
июньдә	3
ия	103
иялән	3
ияләндем	5
ияләнә	3
ияләре	13
ияләшү	3
ияләшә	5
ияләшәчәксең	3
ияр	16
ияргә	4
иярегез	4
ияреп	16
иярер	7
иярергә	6
иярми	3
иярсез	3
иярсәң	9
ияртеп	3
иярчен	16
иярчене	4
иярченле	6
иярченнәр	15
иярченнәре	3
иярүдән	3
иярүче	3
иярә	5
иясе	39
иясен	8
иҗади	8
иҗат	27
иҗаты	4
иҗатын	3
иҗатының	3
иҗтимагый	18
иң	955
иңбашларын	4
иңде	3
йога	6
йогынты	44
йогынтылар	3
йогынтысы	18
йогынтысында	4
йогышлы	13
йодрыгы	5
йодрык	5
йодрыклады	3
йозагы	5
йозак	15
йозакны	7
йокла	17
йоклаган	14
йоклаганда	14
йоклагыз	3
йоклады	13
йокладыгыз	4
йокладым	18
йокладың	6
йокладыңмы	6
йокламаган	4
йокламады	3
йокламадым	8
йокламый	7
йокламыйм	5
йокламыйсың	3
йокламыйсыңмы	4
йоклап	74
йоклар	7
йокларга	157
йоклармын	4
йокларсың	3
йокласаң	3
йоклата	4
йоклаткыч	9
йоклатырга	3
йоклый	105
йоклыйлар	6
йоклыйм	12
йоклыймы	4
йоклыйсың	12
йоклыйсыңмы	4
йоктырган	4
йоктыруга	3
йокы	82
йокыга	42
йокыдан	15
йокылы	4
йокым	11
йокымсыраган	3
йокысы	7
йокысыз	5
йокың	6
йокыңнан	3
йола	6
йоласы	9
йолдыз	36
йолдызлар	36
йолдызларга	8
йолдызларны	4
йолдызларның	4
йолдызлы	10
йолдызлыгы	3
йолдызны	5
йолдызның	6
йолдызы	15
йолкып	4
йолкыш	6
йолырга	3
йом	9
йомган	4
йомды	6
йомры	3
йомшаграк	10
йомшак	57
йомшарды	4
йомшарып	4
йомып	13
йомырка	62
йомыркадан	7
йомыркалар	6
йомырканы	5
йомыркасы	3
йомышларын	3
йомышчы	11
йон	18
йонлачым	3
йонлы	8
йоннары	3
йоны	3
йонын	3
йорк	12
йоркка	10
йоркның	5
йоркта	8
йорт	124
йортка	14
йортлар	30
йортларны	5
йортлары	3
йортларын	3
йортны	32
йортның	7
йортсыз	6
йортта	39
йорттан	6
йортчы	3
йорты	40
йортыбыз	6
йортыгыз	7
йортыгызмы	3
йортыгызны	4
йортым	15
йортымны	3
йортымы	4
йортын	13
йортына	14
йортында	26
йортыннан	5
йортының	3
йортың	5
йортыңа	5
йосыф	4
йот	6
йота	8
йотар	3
йотачак	5
йоткан	10
йотсаң	3
йотты	3
йотым	6
йотып	4
йоу	4
йохансен	8
йоханссен	5
йошия	3
йыван	4
йә	134
йөге	5
йөген	4
йөгер	35
йөгергән	5
йөгерде	17
йөгердек	7
йөгердем	19
йөгердең	3
йөгердеңме	3
йөгерегез	8
йөгерек	7
йөгереп	56
йөгерергә	22
йөгерсәң	4
йөгерү	10
йөгерүче	4
йөгерә	24
йөгерәбез	3
йөгерәм	11
йөгерәсең	5
йөз	221
йөзгә	13
йөзгән	6
йөздек	4
йөздем	6
йөздән	14
йөзе	57
йөзегез	3
йөзегезне	3
йөзек	7
йөзем	15
йөземне	4
йөземә	7
йөзен	35
йөзендә	15
йөзеннән	7
йөзенә	17
йөзеп	80
йөзең	15
йөзеңдә	6
йөзеңне	11
йөзеңә	5
йөзле	13
йөзләгән	11
йөзләрен	3
йөзләрчә	4
йөзьяшәр	3
йөзү	12
йөзүче	7
йөзә	55
йөзәбез	4
йөзәм	7
йөзәр	4
йөзәргә	23
йөзәсең	4
йөк	79
йөккә	4
йөкле	50
йөклелек	10
йөклелеккә	5
йөклелекнең	3
йөклеме	3
йөкли	5
йөкләмә	5
йөкләнгән	5
йөкләнде	4
йөкләнеш	4
йөкләп	4
йөкләргә	6
йөкләү	14
йөкне	15
йөр	12
йөргән	37
йөргәндә	19
йөргәнен	5
йөргәннән	3
йөрде	25
йөрдегез	3
йөрдек	6
йөрделәр	4
йөрдем	28
йөрдең	14
йөрдеңме	4
йөрегез	6
йөренә	3
йөреп	82
йөрер	9
йөрергә	60
йөреш	5
йөрешле	3
йөри	202
йөрибез	10
йөриләр	20
йөрим	40
йөриме	10
йөрисез	15
йөрисезме	6
йөрисең	43
йөрисеңме	9
йөрми	12
йөрмим	7
йөрмә	17
йөрмәгез	10
йөрмәдем	7
йөрмәс	4
йөрмәсәң	3
йөрсә	4
йөрсәм	3
йөрт	6
йөртеп	4
йөртергә	17
йөрткән	7
йөрткәндә	5
йөртми	3
йөртү	32
йөртүче	25
йөртүчеләре	3
йөртүчем	3
йөртүчесе	15
йөртә	45
йөртәләр	4
йөртәм	7
йөртәсең	5
йөртәсеңме	3
йөртәчәк	3
йөрү	31
йөрүдән	3
йөрүе	3
йөрүнең	4
йөрүче	16
йөрүчеләр	5
йөрәге	57
йөрәгегез	3
йөрәгем	17
йөрәгемне	6
йөрәген	19
йөрәгендә	4
йөрәгенә	12
йөрәгең	15
йөрәгеңдә	4
йөрәгеңне	5
йөрәгеңә	3
йөрәк	66
йөрәккә	11
йөрәкле	3
йөрәкләрне	3
йөрәкне	6
йөрәктә	3
йөрәктән	5
йөткерә	3
к	14
ка	11
кабан	20
кабаннар	10
кабанны	11
кабарды	3
кабарта	3
кабарып	4
кабат	121
кабатла	20
кабатлагыз	10
кабатлады	6
кабатладым	3
кабатлана	16
кабатланачак	3
кабатланмас	17
кабатланмасын	3
кабатланмаячак	3
кабатланмый	3
кабатлап	20
кабатларга	22
кабатлау	9
кабатлый	9
кабатлыйк	5
кабатлыйлар	3
кабатлыйм	20
кабатлыйсың	3
кабахәт	41
кабахәтләр	10
кабель	3
кабер	18
кабергә	11
кабердә	3
кабере	6
каберендә	3
каберенә	3
каберне	3
кабилә	3
кабиләләр	4
кабинада	3
кабинаны	4
кабинетка	3
кабинетта	7
кабул	277
кабыгын	3
кабыгыннан	3
кабыз	27
кабыза	19
кабызам	14
кабызасың	4
кабызган	5
кабызды	14
кабыздылар	3
кабыздым	7
кабызу	10
кабызыгыз	8
кабызыйк	3
кабызыла	4
кабызылган	7
кабызып	13
кабызырга	11
кабык	3
кабымлыклар	3
кабына	3
кабынып	5
кабып	8
кабыргам	4
кабыргасы	4
кабырчык	5
кабырчыкка	3
кабәхәт	11
кага	6
кагам	4
кагарга	3
кагу	3
кагыйдә	11
кагыйдәләр	26
кагыйдәләре	9
кагыйдәләрен	5
кагыйдәләрне	26
кагыйдәне	6
кагыйдәсе	4
кагыла	24
кагылган	10
кагылгач	6
кагылды	13
кагылма	14
кагылмагыз	6
кагылмады	9
кагылмый	20
кагылсаң	8
кагылу	4
кагылырга	7
кагылышлы	6
кагып	7
кадады	5
кадак	5
кадалды	4
кадарга	6
кадере	4
кадерен	29
кадерле	71
кадерлем	89
кадерлерәк	11
кадерлим	3
кадерләгән	3
кадерләде	3
кадерләп	3
кадими	3
кадрлар	6
кадәр	611
кадәрге	4
кадәресе	6
каен	15
каенга	4
каеннар	3
каерып	3
каеш	8
каешларны	9
каешны	7
каешы	8
каешын	3
каз	34
каза	3
казакча	3
казакъ	4
казандагы	4
казанды	3
казаннарга	4
казанны	3
казанның	5
казанханә	3
казаныш	9
казанышлары	3
казанышны	3
казга	3
казино	3
казлар	7
казу	9
казы	6
казыган	6
казый	8
казыйлар	3
казык	8
казылык	5
казымый	3
казыну	3
казынырга	3
казып	24
казырга	6
кай	10
кайбер	195
кайберләре	13
кайберләребез	4
кайберләрегез	4
кайберсе	5
кайберәүләр	25
кайвакыт	149
кайгы	17
кайгыга	9
кайгыгызны	6
кайгыда	4
кайгыдан	3
кайгылы	5
кайгыны	3
кайгырам	4
кайгырма	10
кайгырмас	3
кайгырмыйм	3
кайгырт	11
кайгырта	33
кайгыртам	14
кайгыртачак	9
кайгыртачаклар	3
кайгыртачакмын	4
кайгырткан	4
кайгыртмый	5
кайгыртты	4
кайгырту	12
кайгыртуың	3
кайгыртыгыз	7
кайгыртыр	5
кайгыртырбыз	4
кайгыртырга	23
кайгыртырмын	4
кайгырырга	3
кайгысы	5
кайгысын	3
кайгыңны	4
кайда	1212
кайдадыр	47
кайдан	312
кайларда	5
каймак	5
кайнаган	5
кайнап	6
кайнар	63
кайнармы	4
кайнаррак	3
кайнаткычны	3
кайнатма	4
кайнатырга	3
кайный	6
кайрый	3
кайсы	196
кайсыбыз	7
кайсыгыз	11
кайсысы	39
кайсысын	8
кайт	104
кайта	113
кайтабыз	37
кайтабызмы	8
кайталар	4
кайтам	80
кайтамы	4
кайтар	53
кайтара	45
кайтарабыз	6
кайтарам	29
кайтарасым	3
кайтарасың	6
кайтарачак	3
кайтарачакбыз	5
кайтарачакмын	9
кайтарачаксың	4
кайтарга	4
кайтаргач	4
кайтарды	10
кайтардык	4
кайтардылар	5
кайтардым	13
кайтардың	3
кайтармады	4
кайтармас	4
кайтармаска	3
кайтарсаң	4
кайтару	28
кайтарыгыз	26
кайтарыйк	6
кайтарып	15
кайтарыр	8
кайтарырга	102
кайтарырмын	6
кайтасы	3
кайтасыгыз	4
кайтасыз	3
кайтасым	16
кайтасың	13
кайтасыңмы	5
кайтачагын	4
кайтачак	48
кайтачакбыз	19
кайтачакмы	3
кайтачакмын	22
кайтачаксың	5
кайткан	21
кайтканда	17
кайтканнар	3
кайтканчы	22
кайтканын	3
кайтканыңны	4
кайткач	53
кайтма	5
кайтмады	13
кайтмадымы	5
кайтмас	10
кайтмасам	5
кайтмаска	8
кайтмаячак	9
кайтмый	7
кайтмыйбыз	6
кайтмыйм	11
кайтмыйсыз	3
кайтмыйсың	3
кайтмыйчак	6
кайтса	6
кайтсак	7
кайтсам	3
кайтсаң	5
кайтсыннар	3
кайтты	126
кайттыгыз	14
кайттык	19
кайттылар	4
кайттым	79
кайттымы	6
кайттың	32
кайттыңмы	3
кайту	56
кайтуны	3
кайтуыбызны	5
кайтуыгыз	3
кайтуымны	6
кайтуын	12
кайтуың	5
кайтуыңа	6
кайтуыңны	5
кайтыгыз	28
кайтыйк	27
кайтыйм	3
кайтып	101
кайтыр	27
кайтырбыз	14
кайтырга	225
кайтырлар	4
кайтырмын	32
кайтырсың	4
кайчагында	5
кайчак	17
кайчакта	10
кайчан	592
кайчандыр	40
кайчаннан	30
кайчы	3
как	9
какао	6
каккан	5
какма	4
какмый	3
какты	6
кактылар	3
какшаган	4
какшады	3
какшамас	6
какшата	3
какшатты	3
какшау	4
кал	77
кала	271
калабыз	11
калага	3
калай	7
калак	5
калалар	3
калам	38
каласы	9
каласыз	5
каласым	10
каласында	4
каласың	25
каласыңмы	5
калач	3
калачагын	5
калачак	51
калачакбыз	8
калачакмын	13
калачаксыз	4
калачаксың	14
калган	225
калганга	4
калганда	3
калгандыр	4
калганнар	79
калганнарга	7
калганнарны	22
калганнарның	4
калганнары	16
калганнарын	8
калгансыз	3
калгансың	3
калганчы	3
калганы	17
калганын	21
калгач	11
калды	235
калдыгыз	14
калдыгызмы	5
калдык	32
калдыклар	8
калдыкларны	7
калдыклары	5
калдыкларын	4
калдылар	18
калдым	91
калдымы	7
калдыр	67
калдыра	58
калдырабыз	8
калдыралар	3
калдырам	19
калдырасы	5
калдырасың	3
калдырасыңмы	4
калдырачак	3
калдырачакбыз	4
калдырган	33
калдырганмын	4
калдырганнар	3
калдыргансың	4
калдырды	55
калдырдыгыз	3
калдырдык	3
калдырдылар	5
калдырдым	45
калдырдың	18
калдырдыңмы	7
калдырма	21
калдырмады	7
калдырмадым	3
калдырмам	5
калдырмас	4
калдырмаска	5
калдырмассыңмы	4
калдырмый	5
калдырмыйм	6
калдырмыйча	3
калдыру	19
калдырыгыз	35
калдырыйк	10
калдырыйм	3
калдырып	23
калдырыр	12
калдырырбыз	3
калдырырга	61
калдырыргамы	4
калдырырлар	3
калдырырмын	5
калдың	30
калифорниядә	3
калкан	15
калканны	4
калканы	3
калкулык	6
калкып	10
калма	20
калмаган	25
калмагыз	9
калмады	50
калмадык	3
калмадың	5
калмам	3
калмас	30
калмаска	11
калмассың	3
калмасын	4
калмаячак	6
калмый	16
калмыйм	3
калмыйсың	6
калмыйча	3
калса	57
калсак	7
калсам	6
калсаң	14
калсын	27
калтырады	4
калтырана	6
калтырансын	5
калтырану	3
калтыранып	8
калтырата	3
калтырау	5
калтырый	19
калтырыйсың	3
калу	71
калуга	3
калудан	7
калуны	3
калучы	6
калучылар	4
калуы	4
калуыгыз	7
калуыгызны	8
калуым	3
калуымны	7
калуын	10
калуың	3
калуыңны	12
калфак	3
калыгыз	29
калыйк	5
калын	23
калып	40
калыр	47
калырбыз	6
калырга	161
калырлык	3
калырмын	9
калырсыз	8
калырсың	20
калыша	6
калышма	3
калькулятор	3
каләм	31
кама	3
камаучы	3
камера	21
камерада	4
камералар	6
камералары	4
камераны	9
камерасы	9
камерасын	4
камил	62
камиллеккә	3
камилләштерергә	4
камилләшә	4
камин	4
камчы	6
камыр	8
камыш	5
кан	181
канадалы	11
канадалылар	5
канаданың	3
канал	12
каналга	5
канализация	5
каналлары	4
каналы	5
каналын	4
канат	15
канатлар	7
канатлары	5
канатларын	4
канатлы	4
канаты	7
канатын	3
канау	3
канга	8
канда	6
каникуллар	4
канлы	25
канны	13
канта	6
кантон	3
кантри	3
канун	19
канунга	3
канунлы	7
кануннар	13
кануннарны	5
кануннары	9
кануннарын	9
кануннарына	5
канунны	6
канунсыз	8
кануны	10
каны	22
каным	8
канын	4
каньон	3
канәгать	69
канәгатьлек	3
канәгатьләндерерлек	3
канәгатьләндерми	3
канәгатьләндерү	3
канәгатьләндерә	5
канәгатьме	10
канәгатьмен	3
канәгатьсез	3
кап	6
капитал	4
капитализм	8
капитан	110
капитанга	3
капитаннар	3
капитанның	3
капитаны	5
капка	17
капкага	6
капкада	3
капкадан	9
капкалап	10
капкаларга	6
капкалары	3
капкан	3
капканы	12
капкасы	5
капкасын	3
капкач	3
капкачны	3
капкачы	6
капкачында	4
капкын	4
капкында	4
капла	5
каплаган	9
каплагыз	6
каплады	15
каплан	4
капланган	21
каплап	11
каплар	3
капларга	8
каплармын	5
каплый	10
капма	10
капот	4
капсула	7
капсуланы	3
каптырма	3
капут	3
капчыгы	5
капчыгын	4
капчык	22
капчыкка	7
капчыкны	3
капчыкта	5
капы	34
капыга	8
капыда	5
капыны	17
кар	123
кара	862
караб	5
карабында	3
карават	13
караватка	5
караватта	10
караваттан	4
караватында	3
каравыл	6
каравылчы	10
каравыңны	3
карагай	3
караган	33
караганда	246
караганнан	3
караганыгызны	4
карагач	3
карагыз	199
карада	3
карадан	3
карады	79
карадыгыз	4
карадыгызмы	13
карадык	13
карадылар	7
карадым	82
карадың	12
карадыңмы	11
карак	36
каракатица	3
караклар	3
каракларны	5
караклык	3
каракны	7
карала	4
каралама	3
каралган	8
карале	22
карама	51
карамагыз	7
карамагында	5
карамады	7
карамадыгыз	6
карамадым	7
карамадыңмы	3
карамакта	8
карамас	6
карамасаң	4
карамаска	4
карамастан	63
карамый	12
карамыйм	16
карамыйсыз	4
карамыйсың	4
карамыйча	6
карамын	5
карандаш	9
карантин	6
карантинда	3
караны	5
каранып	4
карап	220
карар	122
карарак	3
карарбыз	18
карарга	198
карарлар	10
карарларны	6
карармын	21
карарны	12
карарсың	4
карары	17
карарым	4
карарын	4
карарына	4
караса	3
карасак	3
карасам	9
карасаң	15
карасы	7
карасын	6
карата	64
карау	29
караудан	3
карауны	4
караучы	8
карачкы	4
караш	16
карашка	5
карашлар	4
карашлары	4
карашларын	3
карашны	5
карашта	3
карашы	11
карашыбыз	3
карашым	7
карашын	3
карашың	4
карашыңны	3
караячак	3
караҗимеш	6
караңгы	96
караңгыда	22
караңгылана	9
караңгылык	20
караңгылыкка	3
караңгылыкны	3
караңгылыкта	10
караңгырак	3
карбыз	8
карга	45
каргага	9
каргада	3
каргалар	6
карганың	6
каргасы	4
каргатырн	3
каргыш	6
каргышны	4
карда	6
кардан	3
кардиостимулятор	4
кардәш	15
кардәше	5
кардәшем	3
кардәшләр	3
карен	5
карлос	3
карлы	7
карлыган	3
карма	5
кармавычлар	3
кармак	4
кармактан	3
карнавал	3
карп	4
карт	136
карта	43
картага	5
картада	7
картадагы	3
картадан	5
картаеп	3
картайган	7
картайгач	8
картайдым	3
картаймый	4
картайса	3
карталар	6
карталары	4
карталарын	4
картаны	21
картасы	12
картасын	6
картая	4
картина	7
картинаны	5
картлар	14
картларны	4
картлач	18
картлык	14
картлыч	7
картны	4
картон	3
карчыга	12
карчыгасы	3
карчыгы	3
карчык	11
каршы	536
каршылыгы	3
каршылык	36
каршылыклар	7
каршылыкларны	3
каршылыклы	3
каршымы	4
каршына	5
каршында	23
каршындагы	3
каршысына	3
каршысында	3
карый	129
карыйбыз	10
карыйк	76
карыйлар	8
карыйлармы	3
карыйм	97
карыйсы	5
карыйсыз	11
карыйсызмы	6
карыйсым	5
карыйсың	37
карыйсыңмы	10
карын	4
карыннан	3
карьера	6
касетаны	3
касә	6
кат	73
катафалк	3
катгый	14
катка	11
каткан	8
катламы	4
катлаулана	3
катлауландырырга	5
катлаулы	104
катлаулырак	15
катлы	10
катнаш	4
катнаша	12
катнашам	3
катнашасыз	3
катнашкан	4
катнашмасы	5
катнашмыйм	3
катнашты	9
катнаштым	3
катнашу	6
катнашудан	3
катнашучылар	11
катнашучыларның	9
катнашы	18
катнашым	7
катнашырга	20
катнашың	5
катны	3
католик	3
католиклар	6
катта	22
каттагы	7
каттан	4
каты	128
катылык	3
катында	3
катып	14
катыра	4
катырак	29
катырган	6
катыштырган	3
катыштырмагыз	3
катышы	12
катышым	4
каурый	4
кафе	5
кафега	3
кафеда	5
кач	42
кача	61
качабыз	6
качак	9
качаклар	5
качам	8
качар	6
качарга	99
качаргамы	4
качасыз	5
качасың	11
качасыңмы	3
качачакбыз	3
качкан	38
качканда	4
качкын	7
качма	6
качмаган	5
качмас	4
качмыйм	3
качты	51
качтыгыз	3
качтык	5
качтым	12
качтың	14
качу	28
качудан	3
качыгыз	14
качыйк	3
качып	81
каш	4
кашы	4
кашык	23
кашын	4
кая	543
каядер	5
каядыр	49
каян	164
каяндыр	8
каһарман	22
каһвә	86
каһәр	31
каһәргә	3
каһәрле	3
каһәрләнгән	8
квадрат	8
квант	28
квартал	3
кварталда	3
квил	3
квинджет	4
квинджетка	4
квинзель	3
квинс	4
квитанция	3
кг	7
кебек	1552
кебекләр	11
кебекләргә	4
кебекләрне	7
кебекме	38
кев	4
кейс	6
кейсны	3
кейста	4
кекслар	3
келәм	10
келәмгә	3
келәмнәр	3
келәт	3
келәшчәсе	3
кем	1566
кемгә	126
кемгәдер	22
кемдер	286
кемдә	15
кемне	119
кемнедер	47
кемнеке	18
кемнең	69
кемнеңдер	31
кемнән	26
кемнәр	46
кемнәрне	6
кендек	6
кеннеди	3
кенә	319
кер	66
кергән	62
кергәндә	5
кергәнен	11
кергәннәр	3
кергәнче	5
кергәч	21
керде	73
кердегез	4
кердек	5
керделәр	6
кердем	19
кердеме	4
кердең	10
керегез	34
керемнәр	7
керемнәре	4
кереп	110
керер	8
керербез	3
керергә	83
керермен	6
керерсең	4
кереш	7
керешербез	3
керешергә	3
керешик	6
кереште	5
керештек	12
керешә	3
керләрне	3
керми	8
кермичә	3
кермә	5
кермәгез	6
кермәгән	4
кермәдем	3
кермәс	6
керне	4
керпе	6
керпесенә	3
керсез	3
керсен	6
керсә	10
керсәң	4
керт	11
кертегез	24
кертелгән	7
кертеп	18
кертергә	18
керткән	6
кертмиләр	4
кертмим	3
кертсәгез	3
кертсәң	4
кертте	6
керттегез	3
керттек	3
керттеләр	5
керттем	8
керттең	5
керттеңме	3
кертү	17
кертә	16
кертәм	6
кертәсең	4
кертәчәк	5
керфек	3
керү	71
керүен	4
керүче	6
керә	120
керәбез	11
керәләр	3
керәм	18
керәсең	3
керәсеңме	6
керәчәк	10
керәчәкләр	3
кесә	19
кесәгә	4
кесәдә	4
кесәмдә	3
кесәне	6
кесәсендә	12
кесәсеннән	6
кесәсенә	9
кетто	3
кетчуп	6
кече	38
кечерәк	20
кечесе	3
кечкенә	303
кечкенәм	3
кечкенәне	3
кечкенәрәк	4
кеше	1797
кешебез	4
кешегә	164
кешедер	3
кешедә	15
кешедән	34
кешелек	30
кешелекле	4
кешелеклелек	5
кешелекнең	9
кешеләр	743
кешеләргә	121
кешеләрдә	8
кешеләрдән	29
кешеләре	59
кешеләрегез	3
кешеләрем	19
кешеләрен	8
кешеләренең	3
кешеләренә	3
кешеләрең	14
кешеләрме	6
кешеләрне	193
кешеләрнең	66
кешеләрсез	3
кешем	21
кешеме	17
кешемне	7
кешене	247
кешенеке	7
кешенекен	4
кешенең	156
кешесе	75
кешесез	3
кешесен	7
кешесеннән	3
кешесенә	3
кешечә	4
кешең	4
кешләр	3
ки	98
кибеп	4
кибернетик	4
кибет	28
кибете	19
кибетендә	12
кибетенә	3
кибеткә	22
кибетләр	6
кибетләргә	5
кибетләрдә	3
кибетне	9
кибеттә	23
кибеттәге	3
кибеттән	6
киборг	4
кибә	3
кигән	42
кигәнсең	3
киде	3
кидем	3
кидең	7
киегез	7
киек	4
кием	73
киемгә	3
киемдә	5
киеме	52
киемегезне	6
киемем	6
киемемне	5
киемен	25
киемендә	4
киеменә	6
киемең	7
киемеңне	21
киемле	5
киемне	7
киемнән	6
киемнәр	12
киемнәре	10
киемнәрегезне	4
киемнәремне	5
киемнәрен	14
киемнәреңне	5
киемнәрне	6
киемсез	4
киен	12
киенгән	18
киенде	4
киенеп	5
киенергә	6
киенү	3
киенә	14
киенәм	3
киеп	76
киеренке	16
кизү	15
кикерек	4
кикрикүк	10
кил	144
килгән	215
килгәнгә	3
килгәндер	4
килгәндә	25
килгәне	4
килгәнем	3
килгәнемне	3
килгәнен	25
килгәнең	7
килгәнеңне	9
килгәнне	13
килгәннең	17
килгәннән	7
килгәннәр	14
килгәннәрен	3
килгәнсең	4
килгәнче	24
килгәнчә	4
килгәч	47
килде	440
килдегез	57
килдегезме	21
килдек	61
килделәр	17
килдем	216
килдеме	15
килдемме	3
килдең	94
килдеңме	33
килегез	74
килен	7
киленем	4
килеп	612
килер	81
килербез	8
килергә	125
килерләр	3
килерме	12
килермен	32
килерсез	7
килерсең	13
килеш	125
килешеп	17
килешер	4
килешербез	3
килешергә	11
килешми	16
килешмим	13
килешмәдек	4
килеште	5
килештек	29
килештекме	4
килештем	6
килештереп	4
килешү	103
килешүгә	7
килешүе	10
килешүләр	5
килешүне	21
килешүнең	3
килешә	41
килешәбез	3
килешәм	18
килик	9
киллер	3
килмешәк	21
килмешәкләр	17
килмешәкләрне	3
килми	256
килмидер	3
килмим	14
килмиме	34
килмичәк	5
килмә	16
килмәгез	5
килмәгән	12
килмәде	66
килмәдек	5
килмәделәр	3
килмәдем	10
килмәдеме	11
килмәдең	11
килмәс	35
килмәсен	5
килмәскә	10
килмәсме	3
килмәссең	4
килмәсә	27
килмәсәгез	6
килмәсәң	3
килмәячәк	10
кило	6
килограмм	10
килограммнан	3
километр	15
килсен	24
килсә	98
килсәгез	5
килсәк	4
килсәм	3
килсәң	11
килү	38
килүгә	4
килүдән	3
килүе	8
килүебезне	5
килүегез	5
килүегезне	6
килүем	4
килүемне	6
килүен	15
килүенә	9
килүең	8
килүеңне	11
килүне	4
килүче	8
килүчеләр	6
килүчеләрнең	3
килә	1001
киләбез	24
киләбезме	6
киләдер	4
киләләр	15
киләм	114
киләме	124
киләсе	213
киләсез	13
киләсезме	6
киләсен	5
киләсең	23
киләсеңме	9
киләчәге	21
киләчәгебез	3
киләчәгегез	4
киләчәгем	4
киләчәген	23
киләчәгең	5
киләчәгеңне	3
киләчәк	263
киләчәккә	41
киләчәкләр	12
киләчәкме	6
киләчәкмен	11
киләчәкне	20
киләчәксең	5
киләчәктә	52
киләчәктән	30
ким	75
кимеде	3
кимендә	18
киметегез	4
киметергә	5
киметте	3
киметү	7
киметә	8
кими	40
кимрәк	19
кимсетергә	5
кимсетте	4
кимсеттеләр	3
кимсетү	6
кимчелеге	3
кимчелек	4
кимчелекләре	9
кимчелекләрен	3
кимчелекләренә	4
кимәгән	4
киндер	4
кино	22
кинога	28
кинода	4
кинорежиссер	3
кинотеатр	3
кинотеатрга	3
кинәт	90
кипкән	10
кипмәгән	3
кипте	4
киптерү	5
киптерә	4
кире	1020
кирегә	22
киредән	8
киресен	3
киресенчә	26
кирилл	6
кирмән	13
кирмәнгә	3
кирмәндә	4
кирмәнне	3
кирпеч	7
кирпечтән	3
киртә	16
киртәгә	4
киртәләр	6
киртәне	6
кирәге	26
кирәген	16
кирәгеннән	5
кирәгеңне	3
кирәк	3626
кирәкле	60
кирәклеге	5
кирәклеген	89
кирәкме	160
кирәкми	349
кирәкмиме	9
кирәкмәгән	3
кирәкмәс	18
кирәксез	16
кирәксә	5
кирәктер	48
кирәктән	3
кис	11
кисегез	3
киселгән	10
киселдем	4
киселешендә	3
кисеп	47
кисешкәндә	4
кисешү	4
кисешә	4
кискен	32
кискеч	4
кискән	10
кислород	11
кисмә	3
киссәң	5
кисте	7
кистеләр	5
кистем	4
кистең	5
кисү	5
кисә	8
кисәге	33
кисәген	15
кисәк	16
кисәкләр	7
кисәкләргә	13
кисәкләре	9
кисәкне	4
кисәктән	3
кисәкчә	3
кисәкчәләр	4
кисәкчәләре	5
кисәкчәләрен	3
кисәләр	3
кисәм	7
кисәргә	22
кисәтеп	10
кисәтергә	24
кисәткән	8
кисәтте	3
кисәттеләр	3
кисәттем	13
кисәтү	35
кисәтүне	4
кисәтә	4
кисәтәм	7
кисәү	5
кит	182
китабы	24
китабым	8
китабымны	10
китабын	15
китабына	3
китабында	3
китабың	8
китабыңны	5
китап	213
китапка	12
китаплар	42
китапларга	4
китапларны	20
китапларның	5
китаплары	9
китапларыгыз	3
китапларым	3
китапларымны	3
китапларын	11
китапмы	3
китапны	116
китапның	15
китапта	20
китаптан	6
китапханә	6
китапханәгә	10
китапханәдә	15
китапханәдән	6
китапханәсендә	3
китегез	82
китеп	153
китер	85
китергән	36
китергәндер	3
китергәндә	4
китергәнен	4
китергәннән	4
китергәнче	3
китерде	62
китердегез	8
китердек	3
китерделәр	20
китердем	31
китердең	20
китердеңме	5
китерегез	45
китерегә	3
китерелгән	3
китерелә	3
китереп	36
китерер	13
китерергә	70
китерерлек	3
китерерләр	3
китерермен	6
китерик	3
китерми	7
китермим	3
китермисең	6
китермә	5
китермәде	5
китермәдем	3
китермәм	4
китермәс	12
китермәскә	3
китермәсәң	3
китермәячәк	6
китерсә	4
китерсәң	8
китертмим	3
китерү	46
китерүче	6
китерә	155
китерәбез	3
китерәләр	3
китерәм	34
китерәсезме	4
китерәсең	5
китерәсеңме	10
китерәчәген	3
китерәчәк	23
китерәчәкбез	4
китерәчәкләр	5
китеш	6
китик	16
китим	3
киткән	150
киткәнгә	4
киткәндер	9
киткәндә	22
киткәнемне	4
киткәнен	31
киткәнмен	3
киткәннән	8
киткәннәр	14
киткәннәрен	3
киткәнсең	7
киткәнче	27
киткәч	45
китми	14
китмибез	5
китмим	19
китмисең	8
китмичәк	4
китмә	24
китмәгез	15
китмәгән	9
китмәде	8
китмәдем	5
китмәдең	4
китмәс	15
китмәсен	5
китмәскә	7
китмәссең	4
китмәсә	4
китмәсәң	4
китмәячәк	4
китмәячәкбез	4
китсен	9
китсә	23
китсәгез	6
китсәк	13
китсәм	11
китсәң	20
китте	519
киттегез	14
киттек	207
киттекме	4
киттеләр	58
киттеләрме	3
киттем	161
киттеме	14
киттең	55
киттеңме	6
китү	59
китүгә	4
китүдән	4
китүе	16
китүебезне	4
китүегезне	4
китүемне	8
китүен	9
китүең	6
китүеңне	14
китүне	7
китүче	3
китә	289
китәбез	76
китәбезме	5
китәләр	10
китәм	123
китәме	4
китәр	62
китәрбез	17
китәргә	383
китәргәме	3
китәрлек	3
китәрмен	15
китәрсең	16
китәсе	15
китәсез	15
китәсезме	4
китәсем	17
китәсең	36
китәсеңме	21
китәчәген	3
китәчәк	42
китәчәкбез	20
китәчәкләр	5
китәчәкмен	10
китәчәксең	8
кич	160
киче	10
кичекмәстән	14
кичектереп	7
кичектерергә	8
кичен	52
кичендә	3
киченә	3
кичеп	6
кичер	22
кичергән	16
кичергәнен	3
кичергәннәр	3
кичергәннәрне	3
кичерде	12
кичердегез	4
кичердек	6
кичердем	6
кичерегез	17
кичерер	4
кичерербез	3
кичерергә	5
кичерермен	3
кичерми	3
кичерсен	3
кичерү	6
кичерә	33
кичерәм	10
кичерәсең	3
кичке	167
кичкырын	4
кичкә	29
кичкән	5
кичкәндә	4
кичләрен	3
кичми	3
кичне	16
кичтем	3
кичтә	5
кичтән	4
кичү	7
кичә	369
кичәге	15
кичәгегә	9
кичәгедән	4
кичәгә	19
кичәдә	7
кичәдән	3
кичәне	5
кичәсендә	5
кичәсенә	6
кишер	5
кишерне	3
киштә	4
киштәдә	7
киштәдән	4
киштәсе	5
киштәсендә	3
кию	3
кия	16
кияве	4
киям	8
кияр	4
кияргә	25
киярмен	3
киясе	4
кияү	12
кияүгә	88
кияүдә	21
кияүдәме	3
киң	81
киңлеге	4
киңлегендә	3
киңлек	11
киңрәк	8
киңәйгән	3
киңәйде	3
киңәйтү	3
киңәш	121
киңәше	6
киңәшегез	5
киңәшем	5
киңәшемне	5
киңәшен	9
киңәшергә	4
киңәшләр	5
киңәшләре	3
киңәшләшергә	4
киңәшмә	5
киңәшне	3
киңәшче	15
киңәшчесе	4
киңәя	3
клараны	3
кларнетта	4
класс	6
классик	17
классика	3
класста	10
клерның	12
клиент	8
клиентка	3
клиентлар	8
клиентларыбыз	3
клиентым	5
климат	16
клиник	5
клиника	6
клиникада	3
клиникасы	4
клиникасында	3
клуб	5
клубка	4
клубта	10
клубы	5
клубында	5
клэр	6
км	8
кмги	3
ковбой	15
код	29
кодлар	4
кодларын	6
кодлау	4
кодны	25
кодрәт	11
кодрәте	4
кодрәтле	20
коды	9
кодын	8
кое	20
коега	12
коедан	3
коела	6
коелган	8
коелды	3
коелып	4
коена	4
коенам	3
коену	7
коенып	3
коенырга	11
коеп	9
козгын	9
козгыннар	3
койма	15
коймак	11
койманы	7
коймасы	3
койрыгы	19
койрыгын	16
койрыгына	3
койрыгында	4
койрыгыннан	3
койрык	12
койрыклы	7
койрыкта	4
кокос	3
коктейлен	3
коктейль	7
кол	25
кола	18
колагы	5
колагым	4
колагын	4
колагына	9
колак	48
колакка	5
колаклары	4
колакларыгызны	3
колакларым	6
колаклы	5
колаклыклар	4
колачлы	5
колга	8
коллар	7
колларны	4
коллары	3
коллык	7
коллыкта	3
колония	3
колонна	4
колы	7
колын	3
ком	31
комага	4
команда	21
командада	9
команданың	4
командасы	6
командир	30
комарлы	5
комачау	3
комачаулады	10
комачауладыммы	3
комачаулама	16
комачауламагыз	4
комачауламадыммы	3
комачауламас	7
комачауламаска	4
комачауламый	8
комачауламыйм	3
комачауларга	7
комачаулый	22
комачаулыйбыз	3
комачаулыйсың	5
комбинация	3
комга	9
комда	6
комикслар	4
комлы	7
коммунизм	6
коммунистлар	3
комнан	3
компания	19
компаниягә	3
компанияне	3
компаниянең	8
компаниясе	4
компаниясендә	3
компас	11
компенсация	3
композитор	6
композиторы	3
компот	3
компьютер	59
компьютерда	7
компьютердан	3
компьютерлар	13
компьютерларга	3
компьютерларны	3
компьютерны	15
компьютеры	3
компьютерымны	4
комсомол	3
комсыз	13
комсызлык	6
конвей	3
конверт	4
конгресс	4
конденсаторы	5
кондиционер	4
кондыз	3
конкрет	4
конрад	3
консультация	3
контейнер	3
контракт	4
контрактка	3
контрактны	5
контроле	3
контроль	5
контрольдә	18
конференция	4
конференциядә	7
конфет	9
концерт	20
концертка	20
концертта	3
координаталар	7
координаталарны	7
координаталары	3
координатлар	3
коп	7
коперник	3
коплар	3
копны	3
кора	6
кораб	130
корабка	51
кораблар	15
корабларга	3
кораблары	6
корабль	3
корабмы	3
корабны	28
корабның	11
корабта	66
корабтагы	18
корабтамы	3
корабтан	17
корабы	51
корабын	12
корабына	13
корабында	25
корабыннан	10
корал	131
коралар	3
коралга	5
коралда	6
коралланган	5
коралланыгыз	3
кораллар	62
коралларны	27
кораллары	5
коралларын	4
кораллы	20
коралны	43
коралсыз	13
коралы	31
коралым	3
коралын	5
коралың	3
коралыңны	20
корбан	62
корбаннар	13
корбанның	4
корбаны	15
корвет	4
корги	4
кордык	6
корея	23
кореяча	10
коридор	10
кормас	4
королева	3
король	14
коронавирус	4
коронавирустан	4
корпоратив	4
корпусы	4
корсагым	3
корсагына	3
корсак	9
корсакка	4
корсакта	3
корт	18
кортес	3
кортлар	3
кортлары	9
корты	9
кортының	3
кору	10
коръәнне	3
коры	69
корыган	5
корылган	16
корылма	5
корылык	3
корым	4
корып	7
корыр	3
корырга	7
корыту	3
корыч	10
корычтан	3
коса	3
косасы	4
косасым	4
космик	6
космопортка	4
костюм	41
костюмда	3
костюмны	7
костюмы	4
костюмым	6
костюмын	3
костюмыңны	3
косып	3
кот	4
коткар	31
коткара	58
коткарабыз	4
коткарам	18
коткарасы	3
коткарасың	5
коткарачак	13
коткарачакбыз	3
коткарачаклар	4
коткарачакмын	4
коткарган	12
коткарганда	3
коткарганнарын	3
коткаргач	4
коткарды	27
коткардыгыз	9
коткардык	3
коткардылар	3
коткардым	24
коткардың	23
коткармас	4
коткарсалар	4
коткару	76
коткаручы	16
коткаручылар	12
коткаручыларны	4
коткаручыны	3
коткарыгыз	13
коткарыйк	3
коткарып	15
коткарыр	10
коткарырбыз	3
коткарырга	146
коткарырлар	3
коткарырмын	4
коткарырсыз	4
котларга	5
котлау	4
котлы	14
котлыйбыз	12
котлыйм	35
коточкыч	126
коточыргыч	4
коточыргычлар	3
коты	5
котыл	3
котыла	21
котылам	3
котылгач	4
котылгысыз	22
котылды	5
котылдык	4
котылмас	3
котылу	11
котылыгыз	3
котылып	10
котылырга	20
котып	18
котыра	4
котырган	13
котырса	5
котырту	6
котыртырга	4
котычкыч	11
кофе	12
кофеин	4
кочагына	5
кочаклап	11
кочакларга	7
кочаклый	3
кочаклыйм	4
кош	108
кошка	4
кошлар	51
кошларга	3
кошларны	11
кошны	16
кошның	12
кошчык	7
кошы	14
кошым	4
коя	5
кояш	220
кояшка	12
кояшлар	3
кояшлы	15
кояшны	4
кояшның	3
кояшта	25
кояштан	10
кояшы	8
кояшым	7
коңгыз	6
коңгызлар	3
коңгырт	12
краглин	5
крайлар	3
краннан	5
креветкалар	5
кредит	20
кредитка	5
крем	6
кремы	3
кретин	3
кризис	6
кризисны	3
кризисы	3
криптон	4
кристофер	3
крокодил	5
ку	5
куа	23
куагы	4
куак	6
куакка	3
куалар	3
куанып	3
куаныч	3
куарга	8
куачаклар	7
куб	3
куба	4
кубада	6
кубны	3
кубогын	4
кубып	3
куган	3
куганнар	3
куды	5
кудылар	12
кудың	3
куе	21
куегыз	61
куела	10
куелган	27
куелды	5
куелыш	7
куен	4
куенында	5
куеп	37
кузгал	4
кузгала	4
кузгалды	3
кузгалма	3
кузгалырга	3
кузгата	5
кузгатып	3
куиммы	3
куй	104
куйган	34
куйганда	4
куйгач	4
куйды	92
куйдыгыз	4
куйдык	18
куйдылар	17
куйдым	40
куйдың	20
куйдыңмы	5
куйма	13
куймагыз	3
куймадым	5
куймам	3
куймас	8
куймаска	5
куймый	4
куймыйм	3
куйсаң	8
кул	220
кулай	21
кулайрак	5
кулбаш	3
кулга	157
кулда	51
кулдагы	5
кулдан	62
кулдаш	4
куллан	21
куллана	76
кулланабыз	6
кулланалар	8
кулланам	7
кулланасы	4
кулланасыз	6
кулланасың	7
кулланасыңмы	4
кулланачак	3
кулланачакмын	3
кулланган	27
кулланганнар	7
кулланды	7
кулландык	7
кулландым	6
кулландың	6
кулландыңмы	4
кулланма	3
кулланмагыз	3
кулланмадым	6
кулланмадың	3
кулланмый	4
кулланмыйбыз	3
кулланмыйм	4
куллансак	3
куллану	33
куллануга	3
куллануда	5
куллануны	4
кулланучы	4
кулланучылык	3
кулланучының	3
куллануын	3
кулланыгыз	12
кулланыйк	4
кулланыла	39
кулланылачак	3
кулланылган	11
кулланылмый	6
кулланылырга	4
кулланып	35
кулланырбыз	3
кулланырга	49
кулланышта	4
куллап	3
куллар	36
кулларга	3
кулларда	10
кулларны	13
куллары	24
кулларыгызны	18
кулларым	16
кулларымнан	3
кулларымны	14
кулларын	22
кулларына	3
кулларында	7
кулларыннан	4
кулларың	7
кулларыңда	3
кулларыңны	32
куллы	4
кулны	12
кулсыз	6
култыгында	4
култык	4
кулчатыр	12
кулчатырны	4
кулчатырымны	5
кулчатырын	7
кулъяулык	3
кулы	38
кулыбызда	3
кулыгыз	6
кулыгызны	9
кулым	24
кулыма	6
кулымда	7
кулымнан	6
кулымны	19
кулын	36
кулына	18
кулында	37
кулыннан	12
кулың	23
кулыңа	3
кулыңда	8
кулыңнан	7
кулыңны	45
кун	12
куна	4
кунагы	3
кунак	53
кунакка	27
кунаклар	35
кунакларга	3
кунакларны	5
кунаклары	6
кунакны	3
кунакта	8
кунакханә	26
кунакханәгә	12
кунакханәдә	30
кунакханәдән	4
кунакханәсе	7
кунакханәсендә	5
кунакханәсенә	3
кунакчыллык	3
кунар	7
кунарга	6
кунмас	4
кунык	3
кунып	3
купты	3
купшы	3
кура	6
кургаш	8
курка	82
куркабыз	4
куркак	78
куркаклык	4
куркакның	4
куркалар	4
куркам	90
куркасыз	9
куркасызмы	5
куркасың	20
куркасыңмы	19
курку	36
куркуга	11
куркудан	10
куркулар	3
куркуны	4
куркусыз	5
куркуын	7
куркыныч	424
куркынычлык	5
куркынычмы	4
куркынычрак	10
куркынычсыз	23
куркынычсызлыгы	4
куркынычсызлыкта	7
куркынычсызрак	3
куркынычтан	4
куркынычы	19
куркып	20
куркыр	7
куркырга	13
куркыта	26
куркытабыз	3
куркытасың	6
куркыткан	3
куркытма	3
куркытмый	7
куркытты	8
куркыттың	9
куркыту	12
куркытып	3
куркытырга	20
курорт	4
курс	12
курсны	5
курсы	12
курсын	3
курт	3
куртка	14
курчак	13
курчаклар	4
курык	6
курыккан	35
курыкканга	5
курыкма	46
курыкмаган	4
курыкмагыз	14
курыкмадым	5
курыкмас	5
курыкмасаң	3
курыкмаска	5
курыкмау	3
курыкмый	18
курыкмыйбыз	3
курыкмыйм	22
курыкмыйсың	4
курыкмыйча	3
курыксаң	6
курыкты	13
курыктыгызмы	3
курыктым	22
курыктың	5
курыктыңмы	4
куу	3
кухня	3
кухняда	3
кучкар	3
куш	17
куша	16
кушалар	7
кушам	15
кушамат	9
кушаматлар	3
кушаматны	3
кушаматы	6
кушар	6
кушарга	4
кушармын	4
кушачак	3
кушкан	37
кушканны	22
кушканча	10
кушкач	4
кушмады	5
кушмадым	3
кушса	7
кушсам	3
кушсаң	4
куштан	3
кушты	127
куштыгыз	6
куштылар	24
куштым	61
куштымы	11
куштың	18
куштыңмы	3
кушу	6
кушыгыз	7
кушыл	3
кушыла	14
кушылам	3
кушылган	8
кушылды	5
кушылса	3
кушылсам	6
кушылуы	3
кушылыгыз	5
кушылып	8
кушылыр	3
кушылырга	22
кушымта	4
кушымтаны	3
кушып	10
кушырган	3
кушырып	9
куыгы	3
куык	3
куылган	5
куылды	3
куып	101
куыш	6
кую	17
куючы	3
куя	48
куябыз	10
куялар	7
куям	52
куян	57
куянга	5
куяннар	4
куянны	4
куяр	8
куярбыз	7
куярга	116
куярмын	4
куярсың	3
куясың	12
куясыңмы	3
куячак	5
куячакбыз	7
куячакмын	4
куәт	6
куәте	5
куәтен	4
куәтле	16
кыек	10
кыен	109
кыенлаша	3
кыенлык	19
кыенлыклар	30
кыенлыкны	4
кыз	319
кыза	4
кызарды	3
кызарынды	3
кызарып	5
кызарыр	3
кызга	39
кызган	6
кызгана	4
кызганам	29
кызганган	3
кызганды	3
кызгану	4
кызганып	3
кызганырга	4
кызганыч	178
кызганычка	91
кызгылт	6
кызда	3
кыздан	3
кызды	3
кыздыра	14
кыздырылган	9
кызлар	102
кызларга	19
кызлардан	3
кызларны	18
кызларның	5
кызлары	13
кызларының	3
кызларың	3
кызма	5
кызмы	9
кызны	69
кызның	33
кызу	26
кызурак	5
кызуында	3
кызы	106
кызыбыз	3
кызыграк	11
кызыгы	4
кызыгыз	21
кызыгызны	3
кызыгын	4
кызый	10
кызык	225
кызыклы	80
кызыклырак	7
кызыкмы	3
кызыксына	15
кызыксынам	5
кызыксынасыз	3
кызыксынасың	7
кызыксынган	3
кызыксындыра	13
кызыксындырмый	17
кызыксындырса	3
кызыксындырыр	3
кызыксынмый	4
кызыксынмыйм	3
кызыксыну	14
кызыксынулар	3
кызыксынучан	9
кызыксынучы	3
кызыксынуы	3
кызыксынуым	3
кызыксынуын	4
кызыксынуың	3
кызыксынып	5
кызыл	151
кызылга	4
кызылы	4
кызым	97
кызыма	11
кызымны	26
кызымның	5
кызымы	4
кызын	12
кызына	4
кызының	5
кызып	12
кызың	45
кызыңа	4
кызыңны	20
кызыңның	3
кыйбат	23
кыйбатлы	4
кыйммәт	47
кыйммәте	5
кыйммәтен	5
кыйммәткә	11
кыйммәтле	49
кыйммәтләре	4
кыйммәтләрен	3
кыйммәтләренә	3
кыйммәтрәк	6
кыймылда	4
кыйна	3
кыйнаган	4
кыйнады	8
кыйнадылар	3
кыйнадым	4
кыйнап	7
кыйнарга	7
кыйнау	4
кыйный	8
кыйссасын	3
кыл	23
кыла	11
кылабыз	4
кылам	3
кылан	5
кылана	22
кыланалар	4
кыланасың	7
кыланган	4
кыланды	6
кыландым	4
кыландың	3
кыланма	17
кыланмагыз	3
кыланчык	3
кыланып	3
кыланырга	5
кыланыш	5
кыланышы	3
кылган	24
кылганнар	4
кылганын	3
кылды	7
кылдым	14
кылдың	3
кыллы	3
кылма	3
кылмаган	3
кылмадым	3
кылсаң	3
кылу	7
кылыгыз	3
кылынган	3
кылып	6
кылыр	4
кылырга	6
кылыч	22
кылычлар	3
кылычны	5
кылычтан	4
кылычы	5
кылычымны	3
кылычын	3
кымыз	4
кына	460
кыны	4
кыпчак	3
кыр	21
кыра	6
кырау	4
кырга	6
кыргый	40
кырда	14
кырлар	7
кырлары	3
кырлы	5
кырмыска	11
кырмыскалар	13
кыры	8
кырыена	6
кырыенда	9
кырыеннан	3
кырыйга	4
кырыйда	3
кырыйдан	4
кырык	67
кырыктан	4
кырылган	6
кырылды	3
кырымда	3
кырын	11
кырына	6
кырынганда	4
кырында	5
кырыннан	3
кырынырга	4
кырып	4
кырыс	36
кыс	11
кыса	12
кысаларында	3
кысан	7
кысарга	6
кыска	82
кыскара	3
кыскарак	13
кыскарта	5
кыскартып	3
кыскасы	27
кыскача	17
кыскыч	4
кысла	6
кысты	5
кыстыбый	3
кысыгыз	3
кысыла	4
кысылган	5
кысылып	4
кысып	11
кысыр	7
кытай	50
кытайлар	3
кытайның	6
кытайча	13
кытаклый	4
кытыклый	3
кычкыр	3
кычкыра	42
кычкырам	4
кычкырган	14
кычкырганны	3
кычкырганын	7
кычкырды	15
кычкырдыгыз	3
кычкырдым	9
кычкырдың	4
кычкырма	13
кычкырмагыз	4
кычкыру	13
кычкырулар	5
кычкырыбрак	5
кычкырып	47
кычкырыр	5
кычкырырга	7
кычыта	10
кычыткан	7
кыш	78
кышка	5
кышкы	27
кышны	9
кышын	15
кышының	3
кыю	58
кыюлыгы	6
кыюлыгым	3
кыюлык	16
кыюрак	9
кыюсыз	5
кыя	21
кыяга	13
кыяда	5
кыядан	14
кыяк	3
кыялар	4
кыяр	5
кыяташны	3
кыяфәт	12
кыяфәте	17
кыяфәтем	3
кыяфәтен	4
кыяфәтенә	8
кыяфәтең	5
кыяфәткә	3
кыяфәтне	4
кыяфәттә	5
кыңгыр	5
кыңгыравы	6
кыңгырау	7
кэн	4
кэсс	5
кэти	7
кэтны	3
күбе	8
күбебез	9
күбеге	3
күбегез	3
күбесе	41
күбесен	6
күбесенчә	17
күбрәк	412
күбрәккә	6
күбрәкме	3
күбрәкне	3
күбәләк	7
күбәләкләр	6
күбәләкне	3
күгәргән	5
күгәрек	8
күгәреп	4
күгәрчен	8
күз	340
күзгә	29
күздә	37
күздән	14
күзе	28
күзем	8
күземне	7
күземә	8
күзен	20
күзеннән	6
күзенә	12
күзең	14
күзеңне	16
күзеңә	4
күзле	18
күзлеге	5
күзлегемне	6
күзлеген	7
күзлегеннән	4
күзлек	19
күзлекне	7
күзлексез	3
күзлим	5
күзләр	21
күзләре	45
күзләрегез	6
күзләрегезне	7
күзләрем	15
күзләремне	11
күзләремә	11
күзләрен	28
күзләрендә	4
күзләреннән	10
күзләренә	17
күзләрең	14
күзләреңне	24
күзләреңә	4
күзләрне	4
күзне	12
күзәнәге	3
күзәнәкләре	6
күзәт	8
күзәтегез	11
күзәтеп	62
күзәтергә	25
күзәтермен	5
күзәткән	6
күзәтми	3
күзәтте	6
күзәттек	3
күзәттем	14
күзәттең	3
күзәттеңме	4
күзәтчелек	9
күзәтү	45
күзәтүсез	4
күзәтүче	5
күзәтә	25
күзәтәбез	5
күзәтәләр	7
күзәтәм	17
күзәтәсез	3
күзәтәсезме	3
күзәтәчәк	3
күзәтәчәкмен	4
күзәтәчәксез	3
күк	138
күке	9
күккә	42
күкләр	11
күкләргә	4
күкләрдә	3
күкне	5
күкнең	3
күкри	4
күкрәге	3
күкрәгендә	4
күкрәгенә	9
күкрәк	9
күкрәккә	4
күкрәү	26
күктә	41
күктәге	8
күктән	16
күкәй	28
күкәйләрне	4
күл	28
күлгә	13
күлдә	15
күлдәге	3
күле	7
күлендә	3
күлмәге	11
күлмәгем	6
күлмәгемне	7
күлмәген	10
күлмәгең	4
күлмәгеңне	9
күлмәк	52
күлмәкләр	8
күлмәкне	16
күлмәктә	7
күлне	4
күлнең	4
күләгә	12
күләгәдә	6
күләгәдән	5
күләгәсе	6
күләгәсендә	10
күләгәсеннән	3
күләмдә	10
күләме	12
күләмен	5
күмегез	3
күмелгән	10
күмеп	7
күмер	9
күмә	5
күмәк	13
күмәргә	6
күмәч	7
күн	9
күндер	3
күндерде	5
күндердем	11
күндердең	3
күндереп	3
күндерергә	15
күндерү	3
күндерә	9
күндәм	6
күнегергә	3
күнегү	9
күнегүләр	32
күнегүләре	3
күнегә	3
күнеккән	20
күнекмәгән	14
күнектем	3
күнле	7
күп	1352
күпер	36
күпергә	3
күпердә	8
күпердән	10
күпере	12
күперен	4
күперне	6
күпернең	3
күпертмә	4
күпертмәне	4
күпкә	114
күпләп	11
күпләр	21
күпме	466
күпмегә	24
күпмедер	42
күпмедә	4
күпне	19
күпсанлы	5
күптелле	3
күптән	258
күптәнге	5
күптәнме	6
күптәннән	8
күптөрле	9
күпчелеге	6
күпчелек	42
күпьеллык	3
күр	25
күралмыйм	8
күргәзмә	6
күргәзмәгә	4
күргән	94
күргәндер	5
күргәндә	15
күргәне	11
күргәнегез	10
күргәнегезчә	5
күргәнем	50
күргәнемне	12
күргәнен	9
күргәнең	14
күргәнеңне	6
күргәнеңчә	9
күргәнне	7
күргәннән	4
күргәннәр	6
күргәнче	4
күргәч	52
күрде	65
күрдегез	14
күрдегезме	44
күрдек	33
күрделәр	6
күрдем	317
күрдеме	10
күрдең	50
күрдеңме	85
күрегез	18
күрек	4
күрекле	3
күрем	3
күремем	4
күрен	3
күренгән	11
күренгәне	4
күренгәнен	6
күренде	29
күрендең	6
күренекле	17
күренеп	21
күренер	10
күренергә	23
күренеш	42
күренеше	7
күренешкә	4
күренешләр	11
күренешләре	4
күренешләрне	3
күренешме	4
күренешне	9
күренештә	4
күренми	44
күренмисең	6
күренмәде	7
күренмәле	7
күренмәс	6
күренмәү	9
күренсен	4
күренсә	4
күренүдән	3
күренә	172
күренәбез	5
күренәм	6
күренәме	3
күренәмме	4
күренәсез	21
күренәсең	65
күренәчәк	6
күреп	70
күрер	36
күрербез	16
күрергә	249
күрерлек	4
күрермен	24
күрерсез	14
күрерсең	30
күрешербез	104
күрешергә	17
күрешкәндә	5
күрешкәнче	4
күрешкәч	3
күрешмәдек	10
күрештек	6
күрешү	5
күрешә	5
күрешәбез	5
күрик	3
күрке	16
күркә	11
күркәм	23
күрми	26
күрмим	55
күрмисезме	5
күрмисең	8
күрмисеңме	7
күрмисеңмени	3
күрмичә	5
күрмичәксең	5
күрмә	30
күрмәгез	6
күрмәгән	27
күрмәгәнгә	5
күрмәгәнне	4
күрмәде	10
күрмәдегез	7
күрмәдегезме	22
күрмәдек	13
күрмәдем	109
күрмәдеме	5
күрмәдең	17
күрмәдеңме	32
күрмәс	8
күрмәсен	16
күрмәскә	4
күрмәссең	7
күрмәсә	3
күрмәсәм	3
күрмәсәң	7
күрмәячәк	5
күрмәячәкмен	4
күрсен	3
күрсә	13
күрсәгез	9
күрсәләр	4
күрсәм	10
күрсәт	79
күрсәтегез	37
күрсәтелгән	14
күрсәтелмәгән	3
күрсәтелә	9
күрсәтеп	17
күрсәтер	16
күрсәтергә	62
күрсәтермен	12
күрсәтерсез	3
күрсәтерсең	7
күрсәтерсеңме	3
күрсәтик	3
күрсәткеч	3
күрсәткече	5
күрсәткечләр	7
күрсәткечләре	6
күрсәткән	12
күрсәткәнен	3
күрсәткәнчә	3
күрсәтмә	16
күрсәтмәде	4
күрсәтмәләр	13
күрсәтмәләрне	11
күрсәтмәне	4
күрсәтсен	7
күрсәтсә	5
күрсәтсәм	3
күрсәтсәң	3
күрсәтте	39
күрсәттегез	3
күрсәттегезме	3
күрсәттеләр	8
күрсәттем	10
күрсәттең	6
күрсәтү	21
күрсәтүгә	3
күрсәтүегезне	3
күрсәтүен	3
күрсәтүче	4
күрсәтә	74
күрсәтәләр	8
күрсәтәм	51
күрсәтәсем	12
күрсәтәсеңме	4
күрсәтәчәк	9
күрсәтәчәкбез	5
күрсәтәчәкмен	3
күрсәң	17
күрше	42
күршегә	3
күршеләр	17
күршеләргә	3
күршеләре	4
күршеләрне	3
күршем	7
күршемнең	3
күршесе	3
күрү	50
күрүгә	14
күрүдә	6
күрүемне	3
күрүемә	9
күрүен	8
күрүеңне	4
күрүче	6
күрүчеләр	4
күрүчән	3
күрә	480
күрәбез	12
күрәзәлек	3
күрәзәче	9
күрәләр	5
күрәм	187
күрәме	4
күрәсе	12
күрәсегез	3
күрәсез	10
күрәсезме	39
күрәсем	39
күрәсең	173
күрәсеңме	92
күрәчәк	5
күрәчәкбез	7
күрәчәкләр	3
күрәчәкмен	6
күрәчәксез	4
күрәчәксең	4
күсе	19
күселәр	4
күт	13
күте	4
күтенә	7
күтеңне	6
күтеңә	6
күткә	9
күтәр	32
күтәргән	6
күтәрде	17
күтәрделәр	5
күтәрдем	3
күтәрдең	3
күтәрегез	19
күтәрелгән	4
күтәрелде	15
күтәрелдек	3
күтәрелеп	7
күтәрелергә	5
күтәрелеш	3
күтәрелсә	4
күтәрелү	6
күтәрелә	21
күтәреләбез	3
күтәреләчәк	3
күтәренке	13
күтәреп	49
күтәрер	10
күтәрергә	20
күтәрү	4
күтәрә	35
күтәрәбез	6
күтәрәм	12
күтәрәчәк	3
күч	7
күчемсез	5
күченгән	4
күченгәч	3
күченде	9
күчендем	7
күченеп	3
күченергә	7
күченү	9
күченүдә	3
күченә	5
күчеп	24
күчер	5
күчергеч	4
күчергечне	6
күчергән	4
күчерде	5
күчерделәр	3
күчердем	7
күчердең	3
күчерегез	5
күчерелгән	5
күчерелмә	4
күчереп	30
күчерергә	39
күчерик	4
күчермә	12
күчермәсе	4
күчермәсен	8
күчерү	10
күчерә	18
күчерәбез	4
күчерәләр	3
күчерәм	4
күчерәчәкбез	3
күчерәчәкләр	3
күчик	7
күчкән	15
күчкәннәр	3
күчкәч	3
күчмә	12
күчмәде	3
күчсен	3
күчте	11
күчтек	4
күчтем	3
күчтәнәч	5
күчү	18
күчүе	4
күчә	15
күчәбез	4
күчәргә	12
күчәре	6
күчәчәк	4
күңел	117
күңелгә	5
күңелдә	7
күңелдән	28
күңеле	22
күңелем	24
күңелемне	7
күңелемнән	6
күңелемә	6
күңелен	13
күңелендә	8
күңеленә	3
күңелең	8
күңелле	147
күңеллеләр	3
күңелләрне	3
күңелне	5
күңелнең	3
күңелсез	114
күңелсезлек	6
күңелсезлекләр	10
күңелсезлектән	3
күңелсезләнмә	3
кә	4
кәбестә	10
кәвеш	3
кәгазе	8
кәгазен	4
кәгазь	36
кәгазьгә	10
кәгазьдә	4
кәгазьләр	8
кәгазьләргә	3
кәгазьләрен	3
кәгазьләрне	6
кәеф	8
кәефе	23
кәефем	14
кәефемне	3
кәефен	6
кәефең	6
кәефеңне	4
кәефне	3
кәефсез	5
кәефтә	4
кәкре	11
кәкәй	3
кәлтә	8
кәләш	7
кәләшне	3
кәнфит	21
кәнфитләр	7
кәнәфи	6
кәнәфигә	3
кәнәфидә	7
кәрван	5
кәрзин	3
кәрим	4
кәрлә	8
кәрт	4
кәрәзле	10
кәсеп	3
кәсәбә	3
кәчтүм	7
кәчтүмдә	5
кәшеф	6
кәҗә	15
кәҗәләр	6
кәҗәләрне	3
кәүсәсендә	3
кәһвә	41
кәһәрләнгән	7
көбәне	3
көбәсе	3
көе	4
көен	4
көз	30
көзге	38
көзгегә	8
көзгедә	8
көзгене	4
көзгесе	13
көзен	4
көзме	3
көзне	3
көй	8
көйли	4
көйләр	3
көйләргә	3
көймә	44
көймәгә	9
көймәдә	26
көймәдән	7
көймәләргә	3
көймәләре	5
көймәне	14
көймәнең	3
көймәсе	10
көймәсен	4
көймәсендә	4
көймәң	3
көкпар	5
көл	18
көлгә	5
көлгән	6
көлгәнен	5
көлде	9
көлделәр	5
көлдер	3
көлдерде	3
көле	3
көлемсерәп	5
көлен	4
көлеп	28
көлке	75
көлкеле	6
көлкеме	5
көллият	3
көллияткә	6
көллияттә	11
көллияттән	7
көлмә	7
көлмәгез	3
көлмәс	3
көлмәскә	3
көлне	4
көлү	14
көлүен	4
көлә	57
көләләр	5
көләргә	8
көләсең	12
көләсеңме	8
көмеш	16
көн	683
көнбатыш	26
көнбатышка	13
көнбатышта	12
көнбатыштагы	3
көнбатыштан	10
көнгә	88
көндез	27
көндезге	9
көндә	47
көндәлеге	4
көндәлек	26
көндәш	10
көндәшлек	3
көндәшләр	3
көне	264
көнебез	3
көнегез	7
көнегезне	5
көнем	28
көнемдә	3
көнемне	5
көнен	22
көнендә	25
көненә	35
көнең	40
көнеңне	4
көнеңә	4
көнкүреш	6
көнлек	20
көнләштерергә	3
көнләшү	3
көнләшә	9
көнләшәләр	3
көнләшәм	3
көнләшәсеңме	3
көнме	5
көнне	200
көннең	16
көннән	64
көннәр	37
көннәрдә	33
көннәре	11
көннәремне	3
көннәрен	11
көннәрендә	46
көннәреннән	3
көннәренә	3
көннәрне	18
көнче	7
көнчелек	11
көнчыгыш	39
көнчыгышка	11
көнчыгышта	5
көнчыгыштан	4
көнчыгышында	3
көньягында	4
көньяк	38
көньякка	30
көньякта	9
көньяктан	3
көпшә	5
көпшәләр	4
көр	5
көрсенеп	8
көрсенә	10
көртлек	3
көрәк	8
көрәкләр	4
көрәкне	5
көрән	7
көрәш	44
көрәше	6
көрәшендә	3
көрәшеп	10
көрәшергә	31
көрәшик	4
көрәшкә	5
көрәшкән	6
көрәшне	6
көрәште	11
көрәштек	3
көрәштем	9
көрәштә	7
көрәшче	4
көрәшчеләр	3
көрәшү	15
көрәшә	18
көрәшәбез	7
көрәшәләр	4
көрәшәм	5
көрәшәчәк	3
көрәшәчәкбез	6
көт	218
көтегез	76
көтелгән	4
көтелмәгән	23
көтелә	12
көтеп	143
көтик	16
көткән	41
көткәнгә	3
көткәндә	3
көткәнен	9
көткәнеңне	3
көткәннән	7
көтми	6
көтмим	7
көтмә	7
көтмәгез	4
көтмәгән	40
көтмәгәндә	25
көтмәдем	4
көтсен	4
көтсәк	3
көтсәң	6
көтте	16
көттек	13
көттеләр	3
көттем	36
көттең	7
көттеңме	3
көтү	20
көтүдә	5
көтүдән	3
көтүе	4
көтүен	4
көтүне	4
көтүче	6
көтә	173
көтәбез	44
көтәләр	14
көтәм	71
көтәр	3
көтәрбез	10
көтәргә	88
көтәрлек	3
көтәрләр	3
көтәрмен	18
көтәсе	7
көтәсез	4
көтәсезме	6
көтәсем	3
көтәсең	19
көтәсеңме	9
көтәчәк	9
көтәчәкбез	7
көтәчәкмен	8
көферлек	3
көч	165
көче	77
көчеге	3
көчегет	3
көчек	15
көчем	12
көчемне	5
көчен	27
көчендә	4
көченә	14
көчең	19
көчеңне	16
көчеңә	3
көчкә	47
көчле	272
көчлерәк	53
көчләп	11
көчләр	9
көчләре	14
көчләрен	5
көчләренә	3
көчләрне	4
көчләү	5
көчне	6
көчсез	43
көчсезлек	9
көчсезләр	3
көчсезрәк	3
көчәйде	5
көчәйтә	6
көчән	13
көчәнергә	6
көчәнеш	3
көчәнә	5
көчәя	10
көя	6
ла	18
лабарбара	3
лаборатория	9
лабораториягә	5
лабораториядә	16
лабораториядән	3
лабораториясе	7
лабораториясендә	6
лава	5
лагерена	6
лагерына	3
лагерь	23
лагерьга	34
лагерьда	8
лагерьны	6
лаек	36
лаеклы	103
лазер	6
лазерлы	10
лайм	3
лакей	3
лампа	11
лампаны	5
ланнистерлар	3
латин	29
латыш	5
лаура	10
лаф	3
лафлёрны	3
лачын	8
лашад	3
ле	3
лев	4
леди	6
лейтенант	12
лексик	3
лекция	6
лена	4
леонид	3
лесли	5
либерал	3
лигасы	4
лидер	5
лилага	3
лимбо	4
лимон	7
лимонад	7
линд	3
линди	7
линдси	3
линзалар	6
линия	8
линиясе	3
лирик	3
литва	4
литр	4
лифт	20
лифтка	4
лифтта	6
ллойд	4
лонг	3
лонгботтом	3
лора	7
лори	3
лотерея	13
лотереяда	12
лукас	3
лупа	3
лыгырдады	3
люк	6
люкны	5
ля	6
лә	10
ләбаса	6
ләгънәт	21
ләззәт	32
ләззәтле	3
ләззәтлән	5
ләззәтләнегез	6
ләкин	3020
ләкләк	4
мавыга	4
мавыгуы	3
мавыгып	3
мавыктыргыч	9
магазин	4
маггл	3
магнит	15
магнитарның	3
магнитлы	4
магнитофон	6
мадам	5
мае	24
маен	10
май	54
майами	3
майда	7
майклның	3
майлар	4
майлы	15
маймыл	31
маймыллар	10
майны	9
майның	3
майонез	6
майтара	3
макарон	5
макароннар	3
макдугал	3
макияж	3
максат	79
максатка	21
максатлар	11
максатларны	4
максатлары	4
максатларында	4
максатмы	3
максатны	16
максатчан	3
максаты	46
максатыбыз	5
максатыгызга	3
максатым	9
максатын	9
максатына	9
максатың	8
максималь	13
максны	4
мактама	3
мактан	3
мактана	4
мактанма	12
мактанчык	6
мактанчыкның	3
мактап	4
мактар	6
мактау	10
мактауга	5
мактаулы	7
мактый	5
мал	25
малае	15
малай	236
малайга	12
малайдан	3
малайлар	51
малайларны	5
малайларның	4
малайларың	3
малаймы	8
малайны	33
малайның	10
малкин	4
маллиган	4
малын	3
малярия	3
мамык	10
манара	15
манарага	13
манарада	5
манарасы	12
манарасына	12
манго	9
мандалор	3
мандалорлы	7
мансон	3
мантыйгын	3
мантыйк	3
мантыйкый	6
манәр	5
мар	4
марафон	5
марафонга	4
маргарет	6
мари	34
марика	6
марича	3
маркалар	6
маркасы	3
маркасын	3
марксизм	4
маркус	4
марсның	5
марстагы	3
март	8
марта	3
мартта	4
марфа	3
маршал	8
маршалның	3
маршы	3
марья	4
марҗа	4
марҗамы	3
масаючан	7
маскарад	3
массакүләм	9
мат	3
матай	3
маташканда	3
маташты	3
матбугат	11
матбугатка	3
матбугатны	3
матди	18
матдә	12
матдәләр	12
матдәләрне	4
матдәсе	6
математик	5
математика	20
математикада	3
математикадан	6
математиканы	8
материалны	3
матур	308
матурлыгы	10
матурлык	16
матурмы	4
матуррак	14
матурым	4
матч	5
мафия	3
махсус	52
машина	281
машинага	30
машинагыз	3
машинагызны	5
машинада	68
машинадан	26
машиналар	50
машиналарга	6
машиналарны	13
машинам	12
машинамны	11
машинаны	84
машинаның	8
машинасы	76
машинасын	45
машинасына	17
машинасында	18
машинасыннан	3
машинасының	3
машинаң	9
машинаңны	15
маэмай	3
маҗар	8
маҗара	5
маҗаралар	5
маҗарстан	3
маңгаена	4
маңгай	6
маңка	15
мега	5
мед	3
медаль	4
медальнең	3
медиа	3
медицина	35
медицинага	4
медуза	3
медузалар	3
мельбурн	3
мембата	3
мемфис	3
мен	25
менгәч	3
менде	11
мендек	4
мендем	5
мендәр	3
менегез	4
менеджер	5
менеп	27
мени	21
меннад	5
менсә	6
менсәм	3
меню	5
меня	5
менү	3
менә	965
менәбез	6
менәм	5
менәргә	13
меркурий	4
мескен	59
мескенне	3
метал	6
металл	34
метастазлар	3
метафора	6
метеорит	7
метеорологлар	3
метод	3
метр	64
метрга	5
метрда	4
метрдан	4
метро	7
метрога	6
метрода	4
метродан	4
механизм	5
механизмы	4
механик	7
механикалаштырылган	3
механикасы	3
мең	192
меңгә	7
меңләгән	22
меңләп	4
меңне	5
меңнән	16
меңнәр	3
ми	17
мидтаун	6
мие	24
миегез	3
мием	8
миен	9
миендә	4
миенең	3
миең	3
миеңне	3
мизгел	23
мизгелгә	23
мизгелдә	41
мизгелдән	8
мизгеле	7
мизгелне	10
мик	3
микроблар	5
микродулкынлы	7
микрокомпьютер	3
микроскоп	4
микрофон	7
микән	27
микәнни	5
милек	11
милли	76
миллиард	17
миллиардер	5
миллиардлаган	5
миллиардтан	3
миллион	99
миллионга	5
миллионер	7
миллионлаган	8
миллионнан	3
миллионнар	7
милләт	37
милләте	8
милләтебез	5
милләтен	4
милләтеннән	3
милләтенә	3
милләтләр	11
милләтләрнең	3
милләтнең	14
милләттән	3
милләтче	3
милославский	3
миль	19
мильдә	3
миләш	8
мимешләр	8
мин	19604
минди	3
миндә	140
мине	2627
минеке	136
минекеләре	3
минекен	10
минекендә	4
минекеннән	11
минекенә	4
минем	5631
минемчә	550
минималь	13
министры	9
минме	15
миннесота	4
миннән	404
минсез	12
минус	7
минут	245
минутка	64
минутлар	5
минутлык	8
минутны	3
минутта	16
минуттан	99
минутың	4
мирас	22
мирасын	3
мирдин	5
мисал	17
мисаллар	3
мисс	5
миссия	10
мистер	37
мистериога	3
миттелос	4
митч	6
мифик	3
михаил	6
мич	18
мичиган	3
мичкә	12
мичкәгә	4
мичтә	3
мияу	3
миң	3
миңа	4854
миңамы	9
миңгерәү	8
мм	5
ммм	18
мне	4
мобиль	5
могҗиза	43
могҗизага	4
могҗизалар	16
могҗизаларга	5
могҗизалы	5
мода	6
модалы	5
модель	8
модуле	6
модулен	7
модуль	3
молчановский	3
монах	5
монда	3271
мондагы	26
мондамы	39
мондарак	4
мондый	320
мондыйны	11
мондыйрак	9
моник	5
моннан	429
монополия	3
монстр	5
монстрлар	9
монсы	17
монсын	3
монсысы	3
монтаж	3
монтан	3
моны	2946
монымы	3
монысы	16
монысын	12
моның	613
мораг	3
мораль	3
морат	3
моратка	4
морбо	3
морган	5
мордо	3
мориарти	3
моррис	4
мостафа	4
мотор	14
моторны	3
мотоцикл	3
мотоциклда	6
мохит	4
мохиттә	3
мохтаҗ	36
мохтаҗлык	3
моң	4
моңа	425
моңарда	3
моңардан	12
моңарчы	46
моңлана	3
моңлы	6
моңсу	28
моңы	8
мс	3
муен	4
муенга	7
муеннан	6
муенса	6
муенсалар	4
муенсаны	3
муенсасын	3
муены	7
муенын	11
муенына	5
муенында	5
муеныннан	3
муеныңны	5
музее	4
музеенда	6
музей	9
музейга	6
музейда	10
музыка	90
музыкага	6
музыкаль	3
музыкант	6
музыканы	15
музыкасы	7
музыкасыз	3
музыкасын	5
музыкачы	3
мул	13
мулдан	3
мулла	4
муллалар	6
муллык	4
муллыкта	3
мулрак	3
мунча	7
мунчала	3
мурза	15
мурзасы	4
мускуллар	5
мускуллы	3
мутант	4
мы	5
мыгырдау	5
мыгырдаш	4
мыегы	3
мыеклары	3
мыжык	3
мылтыгы	7
мылтыгын	3
мылтыгыңны	5
мылтык	36
мылтыклар	3
мылтыклы	4
мылтыкны	20
мылтыктан	4
мыскыл	22
мыскыллап	6
мыскыллау	10
мыскыллы	3
мэнди	3
мэнтис	3
мэр	16
мэринең	4
мүк	8
мә	49
мәгариф	6
мәгарә	8
мәгарәгә	3
мәгарәдә	16
мәгарәләр	3
мәгарәләргә	16
мәгарәләрдә	6
мәгарәләрдән	3
мәгълүм	6
мәгълүмат	117
мәгълүмати	7
мәгълүматлар	6
мәгълүматлары	5
мәгълүматны	40
мәгълүматның	6
мәгълүматы	4
мәгълүматын	3
мәгънә	16
мәгънәгә	6
мәгънәдә	16
мәгънәле	4
мәгънәсе	89
мәгънәсез	56
мәгънәсезлек	13
мәгънәсен	25
мәгънәсендә	6
мәгърифәт	3
мәгърифәтле	4
мәдрәсә	3
мәдхия	4
мәдәни	9
мәдәният	11
мәдәнияте	3
мәдәниятне	3
мәет	37
мәете	16
мәетен	19
мәетләр	14
мәетләре	3
мәетләрне	7
мәетне	8
мәетнең	3
мәеттән	4
мәзәк	19
мәзәкләр	7
мәйдан	4
мәйданга	11
мәйданда	7
мәйданны	3
мәйданчыгы	6
мәйданчыгында	3
мәйданы	16
мәйданын	4
мәйданына	7
мәйданында	4
мәк	8
мәкаль	9
мәкалә	11
мәкаләләр	3
мәкер	6
мәкерле	9
мәктәбе	18
мәктәбендә	3
мәктәбенә	6
мәктәп	70
мәктәпкә	100
мәктәпләрдә	8
мәктәпләрендә	12
мәктәпне	15
мәктәпнең	6
мәктәптә	93
мәктәптән	24
мәлдә	12
мәмләкәт	4
мәнфәгатьләрен	3
мәнфәгатьләренә	3
мәрмәр	5
мәртәбә	31
мәрхүм	14
мәрхүмнәр	3
мәрхәмәт	7
мәрхәмәтле	15
мәрхәмәтлек	6
мәрхәмәтсез	3
мәскәүгә	3
мәсьәлә	24
мәсьәләгә	5
мәсьәләдә	8
мәсьәләләр	3
мәсьәләне	17
мәсьәләсе	11
мәсәлән	45
мәтрүшкә	5
мәхкәмә	5
мәхкәмәгә	4
мәхкәмәдә	3
мәхрүм	24
мәхәббәт	130
мәхәббәте	8
мәхәббәтем	15
мәхәббәтемне	5
мәхәббәтең	4
мәхәббәткә	8
мәхәббәтне	11
мәхәббәттә	4
мәче	91
мәчегә	8
мәчеләр	22
мәчеләрне	9
мәчем	12
мәчене	14
мәченең	4
мәчесе	14
мәчет	4
мәчеткә	8
мәчеттә	3
мәчкәй	32
мәчкәйләр	9
мәчкәйләргә	3
мәчкәйнең	3
мәшгуль	83
мәшһүр	7
мәшәкать	4
мәшәкатьле	7
мәшәкатьләр	4
мәҗбүр	159
мәҗбүри	30
мәҗлес	12
мәҗлесе	3
мәҗлескә	3
мәңге	63
мәңгегә	41
мәңгелек	61
мәңгелеккә	13
мәһабәт	5
мөгаен	313
мөгаллимә	4
мөгамәлә	18
мөгамәләне	3
мөгез	4
мөгезенә	3
мөгезле	4
мөгәен	3
мөлаем	4
мөлкәте	4
мөмкин	605
мөмкиндер	4
мөмкинлеге	71
мөмкинлегебез	6
мөмкинлегегез	5
мөмкинлегем	7
мөмкинлеген	18
мөмкинлегең	10
мөмкинлек	192
мөмкинлеккә	3
мөмкинлекләр	16
мөмкинлекләрдән	3
мөмкинлекләре	10
мөмкинлекләрен	3
мөмкинлекләрне	3
мөмкинлекне	23
мөмкинлектә	3
мөмкинлектән	5
мөмкинме	56
мөмкинсез	3
мөнәсәбәт	5
мөнәсәбәте	4
мөнәсәбәтләр	20
мөнәсәбәтләргә	3
мөнәсәбәтләрдә	4
мөнәсәбәтләре	4
мөнәсәбәтләрем	4
мөнәсәбәтләрен	6
мөнәсәбәтләрне	3
мөнәсәбәттә	11
мөрәҗәгать	39
мөрәҗәгатькә	3
мөселман	21
мөселманнар	7
мөстәкыйль	36
мөстәкыйльлек	3
мөхәммәт	3
мөшкел	3
мөһим	360
мөһиме	58
мөһимме	10
мөһимрәк	35
мөһимрәкме	3
н	5
на	7
надан	21
наданга	4
наданлык	8
наданнарга	3
наданның	5
надин	4
надя	3
назлы	15
назлый	5
наив	4
намаз	7
намасте	6
намастэ	3
намус	19
намуслы	44
намуссыз	9
намусы	4
намусым	3
намусын	5
намусың	4
намусыңны	3
нан	3
нанотехнология	4
наомины	5
нарат	14
наркоман	9
наркотик	6
наркотиклар	10
насара	3
насыйп	16
наташа	11
начальнигы	3
начальник	5
начар	531
начарга	3
начарлана	6
начарланды	3
начарлык	30
начармы	13
начарны	5
начаррак	72
начарракмы	4
начары	21
не	30
невилл	5
нейрон	4
нейроннар	3
нейрохирург	8
нейтан	6
немец	13
немецча	3
неоны	3
нерв	10
нервлар	4
нервлары	4
нет	3
нефрит	3
нефть	16
нечкә	22
нечкәлек	3
нечкәлекләре	4
нең	7
ни	1312
нибары	36
нигез	44
нигезгә	7
нигездә	19
нигездән	3
нигезе	25
нигезен	9
нигезендә	13
нигезенә	8
нигезле	3
нигезләнгән	25
нигезләнеп	14
нигезләнә	5
нигезләр	3
нигезләре	4
нигезсез	4
нигерия	5
нигериядә	5
нигә	1665
нигәдер	31
нидавеллир	4
нидер	163
нидерланд	6
нидә	13
нидән	10
низаг	6
низаглар	3
низагы	3
ник	260
никадәр	67
никах	19
никахның	3
никахта	4
николай	5
никотинлы	3
ниләр	28
нимбуска	3
нимерия	4
нинди	1255
ниндидер	246
ниндине	3
ниндирәк	16
нинни	4
нитроглицерин	5
нихәл	6
нихәлләрдә	4
нихәтле	3
ничегрәк	8
ничек	2248
ничектер	54
ничә	276
ничәдә	16
ничәне	3
ничәнче	28
ничәү	21
нишли	61
нишлибез	32
нишлиләр	8
нишлим	18
нишлисез	42
нишлисең	129
нишличәксең	6
нишлиячәксең	3
нишлә	6
нишләгез	3
нишләгән	8
нишләгәнебезне	7
нишләгәнегезне	6
нишләгәнемне	8
нишләгәнен	19
нишләгәнеңне	16
нишләгәнне	5
нишләгәннәрен	4
нишләде	20
нишләдегез	20
нишләделәр	5
нишләдем	16
нишләдең	47
нишләп	21
нишләптер	3
нишләр	22
нишләргә	169
нишләрмен	4
нишләрсең	5
нишләттең	3
ният	80
нияте	32
ниятебез	5
ниятем	16
ниятен	8
ниятенә	4
ниятең	21
ниятли	6
ниятлим	13
ниятлисез	3
ниятлисең	5
ниятләгән	8
ниятләнгән	3
ниятләр	11
ниятләргә	3
ниятләре	10
ниятләрегез	3
ниятләрендә	5
ниятләрең	3
ниятләрне	3
ниятләү	3
ниятне	5
ниятнең	7
нияттә	3
ниһаять	141
но	4
ногыт	5
нокта	20
ноктага	4
ноктада	3
ноктаны	4
ноктасы	10
ноктасын	4
ноктасына	3
ноктасында	4
ноль	19
номер	30
номерга	6
номерны	9
номеры	9
номерым	3
номерымны	8
номерын	15
номерыңны	5
номи	6
норберт	3
норвуд	3
норма	3
нормаль	19
нормальме	3
норск	3
нортон	4
нотык	4
ноутбук	3
ноябрь	13
ну	10
нугай	7
нугайлар	4
нуль	3
нульгә	6
нур	22
нурланыш	13
нурлары	5
нурларын	3
нурларына	4
нурлы	6
нуры	12
нурым	4
нурын	6
нурында	3
нче	277
нчы	47
ны	19
ныграк	24
ныгыт	3
ныгытып	3
ныгытырга	3
нык	170
ныклап	26
ныклы	8
ныклыгы	3
ныклыгын	3
ныклык	8
ның	15
ньюман	4
нэтны	3
ням	5
нәзакәтле	5
нәзек	5
нәкъ	209
нәмәзмәт	8
нәмәзмәте	3
нәмәзмәтләр	5
нән	4
нәни	4
нәрсә	4632
нәрсәгез	4
нәрсәгә	211
нәрсәгәдер	9
нәрсәдер	300
нәрсәдә	47
нәрсәдән	68
нәрсәдәндер	5
нәрсәләр	109
нәрсәләргә	4
нәрсәләрдән	4
нәрсәләрне	30
нәрсәләрнең	6
нәрсәм	14
нәрсәме	6
нәрсәмне	4
нәрсәне	319
нәрсәнедер	17
нәрсәнең	12
нәрсәсе	26
нәрсәң	13
нәрсәңне	4
нәсел	3
нәселе	5
нәтиҗә	34
нәтиҗәгә	9
нәтиҗәдә	20
нәтиҗәдән	4
нәтиҗәле	9
нәтиҗәлерәк	7
нәтиҗәләр	25
нәтиҗәләргә	11
нәтиҗәләре	18
нәтиҗәләрен	11
нәтиҗәләрне	3
нәтиҗәсе	41
нәтиҗәсендә	26
нәфес	6
нәфесен	3
нәфесне	3
нәфис	14
нәфрәт	43
нәфрәтле	12
нәшер	4
о	203
обручевны	3
объект	6
объектив	4
оеды	3
оекбаш	5
оекбашлар	5
оешкан	3
оешма	22
оешмага	4
оешмада	5
оешмалар	8
оешмаларга	3
оешмаларда	3
оешмаларында	3
оешманың	5
оешмасы	20
оешмасын	5
оешмасына	9
оешмасында	12
оешмасыннан	3
оешмасының	5
оештыра	8
оештырам	5
оештырачакбыз	4
оештырган	5
оештырдың	7
оештыру	10
оештыручы	3
оештырылган	3
оештырырга	13
озаграк	31
озайтырга	5
озак	217
озакка	42
озаккамы	3
озакламый	34
озата	15
озатам	4
озаткан	3
озаттылар	3
озатып	5
озатырга	8
озын	150
озынайту	3
озыная	3
озынборын	4
озынлыгы	9
озынлыгын	3
озынлык	6
озынлыкта	4
озынлыктагы	3
озынрак	22
ой	49
океан	32
океанга	16
океанда	14
океанны	5
оксфордта	4
октавиус	4
окти	4
октябрендә	3
октябрь	18
октябрьдә	12
олтан	3
олуг	5
олы	74
олылар	4
олырак	23
олысы	5
омега	3
омикрон	4
омтыла	8
омтылабыз	3
омтылам	3
омтылган	4
омтылу	3
омтылыш	3
омтылышы	14
он	20
она	5
они	4
онлайн	3
оныгымны	4
оныклар	3
оныклары	4
оныт	25
оныта	38
онытабыз	3
онытам	7
онытачак	6
оныткан	34
оныткандыр	4
онытканмын	35
онытканнар	5
онытма	83
онытмагыз	53
онытмадым	9
онытмадыңмы	8
онытмам	10
онытмас	11
онытмасам	3
онытмаска	11
онытмассың	4
онытмаячак	4
онытмаячакмын	7
онытмыйм	3
онытсаң	5
онытты	9
оныттыгыз	8
оныттыгызмы	6
оныттык	5
оныттым	53
оныттың	14
оныттыңмы	17
оныту	6
онытчак	3
онытыгыз	9
онытыйк	6
онытыла	3
онытылган	3
онытылмас	6
онытылмый	3
онытып	23
онытыр	10
онытырга	26
онытырмын	4
ооп	3
оп	3
опера	12
операга	6
оператор	7
операцион	3
операция	89
операциягә	6
операциядә	4
операциядән	10
операцияләр	3
операцияне	18
операциясез	3
оптимизм	5
оптимист	4
оптимистик	7
оптимус	3
оранжерея	5
оранжереяга	3
орбитага	3
орбитасына	3
орган	4
организм	7
организмга	3
организмда	3
организмында	3
органик	4
органнары	5
органы	3
оргокорп	5
оргокорпның	3
оригиналь	4
оркестр	3
орлыгы	4
орлык	3
орлыклары	5
ослода	4
осоно	5
оста	69
остадан	3
остаз	6
остазы	6
остазын	4
осталыгы	6
осталыгын	4
осталыгың	6
остамы	3
останы	3
остасы	14
остаханә	3
остинны	3
отель	3
отставкага	4
оттава	3
отты	3
оттым	3
оттыра	3
оттырды	4
оттырдылар	3
оттырдың	3
отчетны	3
отышлы	4
оу	8
офис	9
офиска	13
офиста	10
офистан	6
офисына	3
офисында	9
офицер	15
офицерлар	5
официант	12
официантны	3
офык	6
офыкта	9
ох	29
охшаган	108
охшаганмы	9
охшаганмын	3
охшагансыз	5
охшагансың	11
охшаганын	3
охшамаган	42
охшамагансың	8
охшамый	3
охшар	3
охшарга	8
охшаш	59
оч	24
оча	89
очабыз	20
очалар	9
очам	10
очар	13
очарга	46
очасы	5
очасың	6
очасыңмы	4
очачак	10
очачакбыз	7
очка	4
очкан	35
очканда	15
очкын	6
очкынлы	4
очкыннар	4
очкыч	141
очкычка	46
очкычлар	10
очкычларда	3
очкычлары	3
очкычны	45
очкычның	14
очкычта	73
очкычтан	22
очкычы	11
очлары	3
очлы	17
очмас	3
очмый	3
очмыйм	6
очраган	7
очрагы	14
очрагында	7
очрады	6
очрак	25
очракка	6
очраклар	7
очракларда	6
очраклы	110
очраклылык	4
очракны	6
очракның	3
очракта	77
очрата	4
очратасың	5
очраткан	18
очратканда	4
очратканым	4
очратканымны	3
очратты	6
очраттык	3
очраттым	34
очраттың	3
очрату	6
очратуыма	6
очратырга	5
очратырмын	3
очраша	31
очрашабыз	18
очрашам	7
очрашасы	3
очрашасым	3
очрашачак	3
очрашачакбыз	3
очрашкан	16
очрашканга	3
очрашканда	7
очрашканчы	9
очрашкач	4
очрашмадым	3
очрашмас	5
очрашты	7
очраштыгызмы	4
очраштык	14
очраштылар	3
очраштым	9
очраштың	3
очрашу	73
очрашуга	42
очрашуда	12
очрашудан	7
очрашулар	8
очрашуны	15
очрашуы	3
очрашуыбыз	5
очрашуым	3
очрашуын	3
очрашуың	4
очрашыйк	4
очрашып	3
очрашырбыз	36
очрашырга	58
очрый	29
очса	10
очты	11
очтыгыз	6
очтык	11
очтым	15
очу	33
очуга	3
очуны	3
очучы	23
очы	8
очыгыз	3
очына	7
очында	5
очып	177
очыра	3
очырту	4
очыртып	4
очыш	42
очышка	17
очышлар	3
очышны	4
очышта	6
очыштан	5
очышы	15
очышына	4
очышында	8
ошаган	20
ошаганын	9
ошады	35
ошадым	3
ошадымы	12
ошадың	3
ошамаган	8
ошамаганын	4
ошамады	20
ошамас	19
ошамаса	16
ошамаска	3
ошамый	104
ошамыйм	3
ошамыймы	12
ошамыйсың	7
ошап	7
ошар	38
ошарлык	3
ошармы	5
ошаса	8
ошатасың	4
ошаткан	3
ошаячак	7
ошый	303
ошыйдыр	3
ошыйм	7
ошыймы	74
ошыйсыз	3
ошыйсың	18
оя	15
ояга	3
оял	5
ояла	8
ояларын	3
оялган	6
оялдым	3
оялма	5
оялмаган	3
оялмагыз	5
оялмыйм	3
оялчан	19
оялып	5
оялырга	3
оясы	5
оясын	12
оясына	6
оясында	4
оят	31
оятка	11
оятлы	3
оятсыз	30
оятсызның	3
ояты	3
оҗмах	9
оҗмахка	4
оҗмахта	3
оҗмахы	3
оһ	179
оһо	3
п	3
падишаһ	3
палата	3
палома	3
пальм	3
пальто	8
пальтоңны	3
панда	5
паникага	7
панорама	4
папайя	4
папкада	3
пар	23
парадокс	6
парадоксы	3
паразит	3
паралич	5
параличланган	5
параллель	7
паранойя	5
парашют	9
парижның	3
парк	20
паркерга	3
паркка	18
паркны	4
паркта	26
парктагы	3
паркы	5
парламент	5
парлап	7
парлашып	3
паровоз	6
партия	4
паспорт	9
паспортны	4
паспорты	5
паспортым	6
паспортыңны	3
пассажир	12
пассажирлар	25
патрон	4
патроннар	4
патфайндер	4
патша	109
патшабикә	15
патшабикәсе	9
патшага	7
патшадан	3
патшалар	3
патшалыгына	3
патшалыгың	4
патшалык	5
патшалыкка	4
патшалыкны	3
патшалыкта	4
патшам	9
патшаны	8
патшаның	6
патшасы	19
паундер	3
пациент	4
пейджер	7
пейзажы	4
пеләш	14
пендрагон	5
пеннига	3
пеннины	3
пенсия	5
пенсиягә	17
пенсиядә	3
пентагон	3
пепси	4
периметр	12
периметрны	6
перси	3
персонаж	3
перчаткалар	4
песи	32
песием	4
песиләр	4
песнәк	5
пессимист	6
петр	4
печенье	10
печән	23
печәнне	3
пешекче	16
пешеп	4
пешергән	5
пешерде	6
пешердем	10
пешереп	7
пешерер	3
пешерергә	10
пешерермен	4
пешерү	7
пешерүче	3
пешерә	25
пешерәләр	3
пешерәм	6
пешкән	30
пешмәгән	3
пештем	3
пешә	3
пешәр	3
пи	3
пианино	7
пианинода	12
пианистка	4
пиджак	6
пикассо	3
пикник	6
пикникка	3
пилот	18
пилотны	7
пинг	3
пират	3
пиратлар	3
пирс	3
пистолет	23
пистолетны	9
пистолеты	3
пистолетын	7
пифия	8
пицца	29
пиццага	4
план	28
планета	33
планетабыздагы	3
планетага	6
планетада	19
планетадан	7
планеталар	7
планетаны	7
планетаның	4
планетасы	7
планетасында	3
планетасыннан	3
планлаштыра	6
планлаштырабыз	4
планлаштырам	5
планлаштырасың	5
планлаштырган	3
планнар	5
планнарны	4
планнары	8
планнарыгыз	8
планнарым	6
планнарын	5
планнарың	3
планны	6
планы	6
планыгыз	4
планым	3
планын	3
пластик	4
платиналы	3
платформа	3
плитәсе	4
плутоний	20
плутонийны	7
плюс	7
пляж	11
пляжга	10
пляжда	12
пневматик	4
поезд	52
поездга	38
поездда	21
поезддан	3
поездлар	3
поездны	9
поезды	3
покер	9
полиглот	3
полицейский	15
полиция	132
полициягә	31
полициядә	5
полициядән	9
полицияне	3
полициясе	12
полициячы	3
полковник	11
польша	4
поляк	3
поляр	3
помидор	5
помидорлар	5
пони	3
поп	5
попкорн	5
популяр	12
порт	6
портал	3
порталны	5
портсигар	3
португал	7
пост	3
посылка	5
пот	5
потенциал	3
потенциалы	4
потларга	3
почмагы	3
почмагына	4
почмагында	7
почмакка	13
почмаклы	4
почмакта	13
почмактан	4
почта	32
почтага	8
почтальон	3
почтаны	3
пошкырып	3
прайс	3
практика	7
президент	19
президенты	19
премьер	4
препарат	5
пресс	6
принц	4
принцесса	5
принцессаны	3
принцибы	3
проблем	9
проблема	163
проблемага	4
проблемалар	56
проблемаларны	7
проблемалары	23
проблемаларым	6
проблемаларыңны	4
проблемам	3
проблемамы	4
проблеманы	39
проблеманың	6
проблемасы	15
проблемаң	6
проблемнарны	3
проблемнарың	3
проблемны	4
программа	34
программага	8
программалар	4
программалаштырылган	4
программаны	12
программаның	3
программасы	14
программасын	3
продюсер	6
продюсерлар	3
проект	10
проектны	6
проектның	3
проектор	4
проекты	8
проектына	3
проектында	4
прокуроры	6
пролетарий	5
протест	5
профессионал	3
профессиональ	6
профессор	61
профессорлар	3
профессорның	6
профессоры	3
процент	17
процентка	14
процентлар	3
процентлы	3
проценты	9
процентын	3
процесс	12
процессорына	3
пруссия	3
психиатр	10
психиатрия	12
психик	6
психолог	7
психологик	12
психология	4
псс	3
пудинг	3
пульс	7
пультны	5
пуля	18
пулялар	4
пунктка	4
пунш	4
пычагы	9
пычагыма	7
пычагын	3
пычак	66
пычаклар	7
пычакларны	4
пычакны	19
пычкы	5
пычкысы	3
пычрак	83
пычрактан	3
пычранган	10
пычранса	3
пычрата	4
пышылдады	8
пышылдап	7
пышылдау	7
пышылдый	4
пыяла	18
пыялага	3
пыяладан	4
пыяланы	3
пьер	5
пьетро	4
пэп	3
пәйгамбәр	3
пәйда	23
пәйдә	8
пәнҗешәмбе	5
пәрдә	7
пәрдәләр	6
пәрдәләрне	4
пәрдәне	3
пәрие	3
пәрәвез	21
пәрәвезен	3
пәрәвезне	5
пәрәмәч	6
пәрәмәчләр	4
пөхтә	10
р	7
ра	3
раббым	6
радар	5
радары	4
радиация	4
радио	61
радиоактив	5
радиоалгыч	3
радиодан	12
радионы	15
радиусы	4
разый	11
райан	7
район	11
районга	4
районда	6
районы	6
ракета	48
ракеталар	14
ракетаны	11
рамазан	3
рамлоу	3
рас	5
раслаган	3
раслады	9
расланган	8
расланды	4
расланмаган	5
расларга	12
раслау	15
раслауны	3
раслый	28
раслыйбыз	3
раслыйм	6
расс	3
рация	16
рацияне	14
реактив	6
реакция	9
реакциясе	3
реаль	5
реанимация	4
реанимациядә	4
ребекка	6
регби	4
регина	5
режимында	3
режиссер	3
резерв	3
резина	3
реймонд	3
рейсында	3
реклама	4
рекорд	11
рекордын	5
ремонт	3
ремонтлау	3
рене	6
рентген	8
репортаж	4
рептилиус	5
республика	9
республикасында	4
ресторан	16
ресторанга	9
ресторанда	15
ресторандагы	3
ресторанны	6
рестораны	3
рецепт	6
рецептны	3
риваять	5
риваятьләр	5
риваятьтә	3
риза	93
ризалашсам	3
ризалашты	9
ризалаштым	9
ризалаштың	7
ризалашыр	7
ризалыгы	4
ризалыгын	3
ризалык	5
ризамы	9
ризыгы	14
ризыгын	8
ризык	134
ризыкка	4
ризыклар	6
ризыкларны	3
ризыклары	4
ризыкларын	5
ризыкны	20
ризыктан	4
римлылар	6
рингта	3
ритм	6
риторик	3
рич	10
ричардка	4
ришвәт	11
ришвәтчелеккә	4
рнк	3
робо	5
робот	28
роботлар	19
ровер	3
роверны	7
роз	9
роза	16
розалар	4
розалинд	5
розен	3
ройс	3
рок	18
ролен	5
роленә	3
роль	8
рольләрдә	3
ром	5
роман	35
романнар	7
романны	5
романтик	15
романын	4
рональд	6
росс	5
россиядә	6
роуди	8
роудс	6
рузвельт	4
руль	15
рульгә	5
рульне	4
румын	6
рун	3
рус	48
русиялеләр	5
русиялеләрнең	5
руссоны	3
русча	9
рух	11
рухани	26
руханилар	4
рухи	33
рухларны	3
рухлы	7
рухта	3
рухы	12
рухын	3
рф	3
рюкзак	3
рюмка	4
рәвеше	25
рәвешен	4
рәвешендә	16
рәвештә	133
рәис	4
рәнҗетергә	11
рәнҗеткән	3
рәнҗетмәгез	3
рәнҗетмәс	6
рәнҗетүче	3
рәнҗетә	6
рәнҗетәсең	3
рәсем	47
рәсемгә	3
рәсемдә	8
рәсемен	5
рәсемне	14
рәсемнәр	16
рәсемнәргә	3
рәсемнәре	3
рәсемнәрне	7
рәсми	38
рәссам	16
рәссамы	4
рәсәйлеләр	7
рәсәйнең	3
рәт	7
рәте	4
рәткә	6
рәтләргә	3
рәттән	9
рәхим	98
рәхимле	4
рәхимсез	25
рәхмәт	708
рәхмәтле	49
рәхмәтлебез	3
рәхмәтлемен	13
рәхәт	73
рәхәтлек	5
рәхәтләнеп	30
рәхәтме	4
рәшәткә	5
рәшәткәне	5
рөхсәт	318
рөхсәте	10
рөхсәтегез	3
рөхсәтеннән	3
рөхсәтне	3
рөхсәтсез	8
с	22
са	4
сабагын	3
сабак	26
сабан	28
сабаны	3
сабы	5
сабыем	36
сабый	90
сабыйга	4
сабыйлар	5
сабын	17
сабыр	64
сабырлыгым	3
сабырлык	15
сабыррак	8
саваплы	3
савыгачаксың	5
савыгып	3
савыгыр	3
савыгырга	3
савыктыра	3
савыт	20
савытка	6
савытларны	4
савытны	5
савыты	8
савытына	5
саграк	16
сагы	3
сагыз	8
сагына	14
сагынам	35
сагынасыз	4
сагынасың	3
сагынасыңмы	5
сагыначакбыз	3
сагыначакмын	12
сагынган	3
сагынды	3
сагындым	25
сагыну	3
сагынып	5
сагынырбыз	3
сагынырмын	7
сагыш	8
саен	289
саескан	14
саз	10
сазда	3
сазлык	7
сазын	3
сай	9
сайла	22
сайлавын	3
сайлаган	15
сайлагыз	20
сайлады	17
сайладыгыз	5
сайладыгызмы	4
сайладык	4
сайладылар	3
сайладым	21
сайладың	11
сайладыңмы	5
сайлана	3
сайланган	18
сайланганнар	6
сайланганның	3
сайланды	5
сайлап	25
сайлар	3
сайларга	40
сайларлык	3
сайлармын	4
сайлау	79
сайлаулар	5
сайлауларда	7
сайлый	27
сайлыйбыз	6
сайлыйм	6
сайлыйсыз	3
сайлыйсың	7
сайлыкка	3
сайлыкта	3
сайонара	3
сайрамый	3
сайрый	9
сайт	11
сайтның	4
сайты	3
сак	169
сакаар	6
сакал	17
сакаллы	6
сакалы	9
сакалын	5
сакалың	7
сакалыңны	4
сакла	43
саклаган	5
саклагыз	28
саклагыч	23
саклагычка	7
саклагычларда	3
саклагычта	4
саклагычтан	5
саклагычы	5
саклады	5
сакладылар	3
сакладым	3
сакламый	3
саклан	6
саклана	19
сакланган	18
саклану	20
сакланыгыз	4
сакланып	15
сакланырга	11
саклап	109
саклар	7
сакларга	66
саклармын	11
сакласын	15
саклау	50
саклаучы	12
саклаучысы	3
саклый	55
саклыйбыз	4
саклыйк	8
саклыйлар	5
саклыйм	11
саклык	23
сакны	4
саксыз	6
сакчы	17
сакчыл	7
сакчылар	27
сакчыларны	8
сакчылары	13
сакчыларына	3
сакчысы	9
сал	84
сала	35
салабыз	5
салават	11
салалар	5
салам	20
саласың	6
салат	16
салаты	3
салачак	5
салга	13
салган	45
салганнар	4
салганчы	3
салда	20
салдан	4
салды	45
салдыгыз	4
салдылар	4
салдым	16
салдыр	4
салдыра	3
салдырдым	3
салдырып	4
салдырырга	5
салдың	8
салдыңмы	3
салих	5
салкын	188
салкынга	8
салкынмы	4
салкыннан	8
салкыннар	3
салкынны	5
салкынрак	3
салкынча	10
салма	7
салмаган	3
салмак	8
салмас	4
салмый	5
салны	17
салсаң	7
салу	25
салун	3
салучы	11
салы	3
салыгыз	18
салыйк	3
салым	20
салымнарны	3
салымны	4
салымы	3
салына	5
салынган	12
салынды	5
салынып	4
салынырга	4
салып	45
салыр	10
салырга	36
салырмын	3
салырсың	3
салышмагыз	3
сами	67
саминың	6
самолет	8
самолетка	3
самолетта	3
сан	41
сана	15
санавы	3
санаган	10
санаганны	3
санагыз	4
санагыч	7
санады	7
санадым	9
санак	47
санакка	4
санаклар	9
санакларны	4
санакта	3
санала	39
саналган	8
санама	6
санамый	3
санамыйм	7
санап	16
санарга	8
санаса	3
санасаң	3
санау	6
санаучы	3
санга	8
санда	7
сандал	4
сандвич	4
сандерс	3
сандугач	25
сандугачлар	3
сандугачны	4
санжей	4
санитар	3
сания	4
санлы	31
саннар	52
саннарга	3
саннарны	24
саннарын	5
саннарының	3
санны	4
сантаның	3
сантиметр	8
сантиметрга	7
саны	51
саный	91
саныйбыз	8
саныйлар	10
саныйм	26
саныйсызмы	5
саныйсың	7
саныйсыңмы	7
саным	3
санын	7
санына	5
санының	4
сарае	5
сараена	4
сарай	9
сарайга	5
сарайда	6
сарайдан	3
саран	14
саранлык	6
саранның	5
саргайган	3
сарказм	4
саркып	4
сары	75
сарыга	3
сарык	21
сарыклар	8
сарыкылыч	3
сарымсак	6
сарыф	66
сасы	22
сасыган	6
сата	23
сатабыз	4
саталар	5
сатам	5
сатар	5
сатарга	19
сатасыз	4
саташа	6
саташкан	3
саташтым	3
саташу	9
саташулар	6
саташып	3
саткан	16
сатканда	3
сатлык	7
сатма	4
сатмадым	4
сатмаячакмын	3
сато	3
сатты	12
саттым	12
саттыңмы	5
сату	15
сатуга	3
сатуда	4
сатучы	10
сатучылар	5
сатучысы	6
сатыла	20
сатылган	5
сатылды	6
сатылмый	8
сатылып	3
сатып	530
сатырның	3
сау	73
саубул	19
саубуллаш	5
саубуллаша	3
саубуллашмыйча	8
саубуллашу	6
саубуллашырга	12
саубулыгыз	6
саумы	6
саф	59
сафка	3
сафсата	30
сафсатаны	3
сафсатасы	3
сафтан	8
свитер	9
свитерны	4
свитерын	3
сеанс	3
сеансны	3
себерке	16
себеркене	6
себерә	6
сез	4044
сезгә	1336
сездә	105
сездәме	7
сездән	108
сезме	4
сезне	721
сезнеке	46
сезнекеләр	3
сезнекеме	7
сезнекеннән	3
сезнең	1799
сезнеңчә	38
сезон	3
сезоны	3
сейф	8
сейфны	3
секс	10
сексуаль	6
секунд	79
секундка	12
секундта	5
секундтан	10
секундына	12
секундың	4
селия	5
селкен	3
селкенде	3
селкенергә	3
селкенми	4
селкенмә	24
селкенмәгез	7
селкенмәскә	5
селкенсәң	5
селкенү	3
селкенә	7
селкеп	5
селкетеп	6
селкетте	3
селкетә	11
селфи	4
сенатор	3
сенсоры	3
сентябрь	15
сер	54
сервер	3
сергей	4
сере	15
серем	3
серемне	4
серен	12
серенә	3
серең	3
сереңне	8
сержант	8
сериал	4
сериаллар	3
сериалны	5
серле	42
серләр	14
серләре	4
серләремне	3
серләрен	8
серләреңне	3
серләрне	8
серне	17
серсүз	6
серсүзең	3
сет	3
сеул	7
сеңгән	3
сеңел	10
сеңелем	5
сеңелесе	5
сеңлегез	3
сеңлем	38
сеңлемне	6
сеңлемнең	3
сеңлемә	3
сеңлесе	18
сеңлесен	6
сеңлесенә	4
сеңлең	10
си	8
сибелгән	5
сибеп	4
сибә	6
сибәли	3
сибәргә	3
сигез	89
сигезаяк	3
сигезгә	6
сигездә	15
сигездән	5
сигезенче	15
сигнал	68
сигналдан	3
сигнализация	8
сигналлар	5
сигналларны	6
сигналлары	4
сигналларын	5
сигналны	20
сигналы	29
сигналын	16
сигәк	3
сигән	3
сидек	4
сизгер	15
сизгерлек	9
сизгән	4
сизде	11
сиздегезме	3
сиздем	12
сиздермичә	10
сиздеңме	4
сизелеп	8
сизелерлек	8
сизелми	4
сизелмичә	3
сизелә	17
сиземләү	3
сизеп	11
сизми	10
сизмим	8
сизмәгән	4
сизмәде	12
сизмәдем	8
сизмәс	4
сизү	9
сизүем	7
сизә	18
сизәм	40
сизәсезме	6
сизәсең	4
сизәсеңме	11
сикер	15
сикергән	9
сикерде	12
сикердем	6
сикерегез	3
сикереп	38
сикерер	5
сикерергә	17
сикертеп	4
сикертә	3
сикерү	11
сикерүдән	3
сикерүче	3
сикерә	9
сикерәсең	6
сиксән	15
сильвия	10
символы	12
симез	22
симерсә	6
симерә	5
симптомнар	6
симптомнары	4
симпутрон	3
симуляция	12
симуляциядә	4
симуляцияләнгән	5
симуляцияне	3
син	10337
синбад	3
сингапурга	3
сингх	3
синдзюку	3
синди	10
синдромы	3
синдә	137
синдәме	8
сине	2086
синеке	93
синекеме	7
синекен	5
синекеннән	5
синекенә	5
синең	3157
синеңчә	135
синме	24
синнән	289
синоптиклар	4
синсез	18
сипкеллем	25
сирена	7
сиреналар	3
сирәк	93
система	41
системага	3
системада	4
системалар	3
системалары	4
системалы	6
системаны	11
системаның	7
системасы	46
системасын	11
системасына	5
системасында	6
системасындагы	4
системасыннан	3
сити	5
ситига	3
ситикокуяма	3
сихер	11
сихерле	3
сихерли	3
сихерләр	3
сихерләргә	4
сихерләү	5
сихерләүне	5
сихерче	10
сихерчелек	4
сихерчеләр	6
сишәмбе	14
сия	3
сияргә	4
сиңа	2804
сиңамы	3
сказал	4
скафандр	4
скафандрда	6
скипетр	5
скипетрны	6
складта	4
скотч	12
скраффи	4
скрипкада	5
скурдж	3
слизеринга	3
словак	4
сменада	4
смизмар	3
смс	4
снитчны	4
совет	15
советы	3
согы	6
сойердан	4
сойерның	4
сок	5
соклана	5
сокланам	9
сокландыра	7
сокландыргыч	8
сокландырды	3
соклану	5
сокланып	6
солдат	12
солдатлар	9
соломон	3
солтан	8
солтаны	4
солы	13
солых	3
сонар	4
сора	60
соравы	8
соравыгызга	3
соравым	15
соравыма	6
соравын	4
соравына	9
соравың	3
соравыңны	3
сораган	40
сораганга	5
сораганда	5
сораганнарның	3
сораганны	19
сораганын	3
сораганың	3
сорагач	11
сорагыз	30
сорады	93
сорадыгыз	8
сорадыгызмы	4
сорадылар	14
сорадым	70
сорадымы	5
сорадың	25
сорадыңмы	6
сорама	31
сорамаган	4
сорамагыз	7
сорамады	6
сорамадылар	6
сорамадым	22
сорамадың	6
сорамас	8
сорамасаң	3
сорамаска	6
сорамый	4
сорамыйлар	3
сорамыйм	19
сорамыйча	3
сорап	46
сорар	12
сорарбыз	3
сорарга	87
сораргамы	3
сорармын	8
сорарсыз	5
сорарсың	4
сораса	4
сорасагыз	7
сорасалар	4
сорасам	14
сорасаң	12
сорау	224
сорауга	65
сораудан	7
сораулар	81
сорауларга	26
сораулардан	4
сорауларны	12
сорауларсыз	3
сорауларыгыз	10
сорауларым	4
сорауларыма	3
сорауларына	3
сорауларыңа	6
сораумы	3
сорауны	20
сорашты	3
сораштыра	3
сораштырды	3
сораштыру	5
сорнай	4
соры	14
сорый	75
сорыйбыз	11
сорыйк	7
сорыйлар	5
сорыйм	86
сорыйсы	4
сорыйсыз	4
сорыйсың	18
сорыйсыңмы	8
соус	3
соустагы	6
соусы	5
соусын	3
социаль	29
соң	1072
соңардым	3
соңга	175
соңгарам	3
соңгардым	5
соңгы	477
соңгысы	24
соңгысын	4
соңмы	23
соңрак	135
соңыннан	27
спагетти	7
спектакль	4
спирт	6
спорт	42
спортзалга	3
спортны	5
спорты	4
стадион	5
стадиясендә	3
стакан	22
стальск	3
станция	24
станциягә	21
станциядә	9
станциядән	6
станцияләр	3
станцияләргә	3
станцияләрдә	3
станцияне	6
станциясе	32
станциясен	5
станциясендә	11
станциясеннән	4
станциясенә	15
старла	3
статистика	4
статистикасы	3
стейк	4
стен	3
стильле	4
стимулятор	4
стратегик	5
стратегия	10
стресс	4
стрикленд	4
стриминг	3
студент	25
студентка	3
студентлар	13
студенты	5
студиядә	4
стэн	3
су	595
суалчаннар	13
суалчаннарга	4
суалчаннарны	6
суаяк	6
субатом	3
сувенир	3
суга	82
сугабыз	3
сугам	3
суган	11
суганны	5
сугарга	6
сугасың	4
сугачак	6
сугу	15
сугудан	3
сугыгыз	4
сугылып	4
сугып	14
сугыш	164
сугыша	12
сугышалар	4
сугышасым	3
сугышка	18
сугышкан	10
сугышканда	3
сугышканнар	3
сугышлары	3
сугышны	21
сугышның	5
сугышта	28
сугыштан	12
сугыштым	5
сугышу	11
сугышудан	3
сугышчы	22
сугышчылар	3
сугышы	21
сугышында	9
сугышып	3
сугышырга	19
суд	3
суда	50
судан	11
судка	3
суз	8
суза	5
сузар	3
сузарга	4
сузасың	5
сузды	7
суздым	3
сузма	4
сузу	3
сузучы	3
сузык	3
сузыла	9
сузылган	11
сузылып	6
суйдым	3
сук	19
сукбай	4
сукбайлар	3
сукеше	3
суккан	19
сукканнан	3
сукканын	6
суккач	3
суккыры	10
сукмак	11
сукса	5
суксын	6
сукты	29
суктылар	4
суктым	4
суктың	5
сукыр	48
сукырайта	3
сукырлар	6
сукырларча	4
сукырмы	3
сул	59
сула	22
сулагай	4
суламый	4
сулап	12
сулар	11
суларга	10
суларда	5
сулары	6
сулга	36
сулда	6
сулдан	3
сулкылдап	3
сулы	4
сулый	19
сулыймы	4
сулыш	42
сулышым	5
сум	13
сумкаларны	4
сумкамда	3
сумкамны	3
сумканы	5
сумкасын	3
сумкаңа	3
сумма	4
сунарчылар	3
сунарчысы	4
суны	35
суның	4
супер	39
супербатыр	16
супербатыры	3
супермаркетка	4
супермаркетта	4
суперяман	3
суртур	5
сурәт	10
сурәте	6
сурәтләнгән	4
сурәтнең	3
сусаган	6
сусадым	3
сусадыңмы	3
сусау	3
сусаудан	3
сусыз	5
сусызлану	5
сусыл	6
суши	10
суы	35
суык	20
суын	17
суына	7
суынган	5
суыра	3
суырып	5
суыта	6
суыткыч	13
суыткычка	8
суыткычны	3
суыткычта	15
суытылган	4
суярга	3
сфера	3
схемаларын	4
сценарий	13
сценаристлар	3
счет	3
сыбызгы	3
сыгылмалы	3
сыгылып	3
сыек	18
сыеклык	4
сыекча	4
сыену	18
сыеныр	3
сыер	32
сыерга	5
сыерлар	5
сыерны	4
сыерчык	4
сызгыра	4
сызгырды	4
сызгырмагыз	3
сызлый	5
сызыгы	5
сызыгын	3
сызык	18
сызыклар	3
сызыкны	3
сызылган	3
сызым	3
сызымнары	3
сызып	8
сыйлан	3
сыйланыгыз	4
сыйларга	3
сыймас	8
сыймаслык	20
сыймый	9
сыйныф	27
сыйныфны	3
сыйныфта	33
сыйныфтан	6
сыйныфташлар	3
сыйныфында	7
сыйфат	13
сыйфатларын	3
сыйфатлы	7
сыйфаты	9
сыйфатын	3
сыйфатында	4
сылтама	9
сылтау	13
сылу	7
сыман	73
сын	22
сына	5
сынавын	3
сынала	3
сынап	80
сынарга	3
сынатма	3
сынау	47
сынауга	3
сынаулар	17
сынаулары	5
сынауны	11
сынган	24
сында	3
сынды	6
сындыра	3
сындырам	4
сындырасың	3
сындырган	10
сындырды	13
сындырдым	14
сындырдың	4
сындырма	3
сындыру	3
сындырып	3
сындырыр	3
сынлы	5
сыннар	3
сынны	3
сыны	5
сынык	3
сынын	4
сынып	3
сыр	33
сыра	79
сыраны	8
сырасы	3
сырны	4
сыртлы	4
сыртыңа	3
сыры	6
сырын	3
сырып	4
сытам	3
сыя	6
сэмми	3
сэндвич	14
сэр	14
сюзан	7
сюрприз	12
сүгенмә	3
сүгенү	6
сүгенә	4
сүз	586
сүзгә	27
сүздә	14
сүздән	19
сүзе	68
сүзебез	3
сүзем	19
сүземне	14
сүземә	7
сүзен	32
сүзендә	19
сүзенең	10
сүзеннән	7
сүзенә	13
сүзең	23
сүзеңдә	5
сүзеңне	6
сүзеңә	3
сүзле	8
сүзлеге	12
сүзлегем	5
сүзлеген	4
сүзлек	51
сүзлекне	3
сүзлекнең	3
сүзлектән	5
сүзләр	120
сүзләргә	3
сүзләрдән	9
сүзләре	47
сүзләрегез	4
сүзләрем	4
сүзләремне	9
сүзләремә	6
сүзләрен	26
сүзләрендә	3
сүзләренең	4
сүзләреннән	7
сүзләренчә	24
сүзләренә	8
сүзләрең	16
сүзләреңне	5
сүзләреңчә	4
сүзләрне	40
сүзләрнең	10
сүзме	6
сүзне	56
сүзнең	30
сүзсез	10
сүлпән	5
сүнгән	16
сүнде	17
сүндер	23
сүндергеч	3
сүндергән	4
сүндерде	10
сүндердегезме	3
сүндерделәр	3
сүндердем	6
сүндердеңме	3
сүндерегез	11
сүндерелгән	4
сүндереп	13
сүндерергә	30
сүндермә	4
сүндерү	11
сүндерүче	5
сүндерүчеләр	7
сүндерә	13
сүндерәм	5
сүнеп	6
сүнмәс	3
сүнә	4
сүнәчәк	3
сүт	4
сүтегез	3
сүтелгән	7
сәбәбе	56
сәбәбем	3
сәбәбен	27
сәбәп	68
сәбәпле	36
сәбәпләр	12
сәбәпләре	5
сәбәпләрем	5
сәбәпләрен	3
сәбәпне	3
сәбәпсез	13
сәбәптән	3
сәгате	15
сәгатегез	4
сәгатем	4
сәгатемне	5
сәгатен	10
сәгатендә	4
сәгатенә	9
сәгатең	4
сәгать	431
сәгатькә	50
сәгатьлек	13
сәгатьләр	10
сәгатьләре	5
сәгатьләрне	3
сәгатьне	23
сәгатьтә	27
сәгатьтән	90
сәдәп	8
сәдәпләр	3
сәдәпне	6
сәер	221
сәид	4
сәлам	346
сәламлибез	3
сәламлиләр	3
сәламлә	3
сәламләде	4
сәламәт	82
сәламәтлеге	14
сәламәтлек	30
сәламәтлеккә	4
сәламәтлекне	4
сәламәтлектә	3
сәламәтме	3
сәлҗык	5
сәлҗыклар	5
сәләт	29
сәләте	30
сәләтем	6
сәләтемне	5
сәләтен	11
сәләтенә	10
сәләтең	18
сәләтеңне	9
сәләткә	6
сәләтле	62
сәләтне	3
сәләтсез	6
сәнгате	12
сәнгать	39
сәнәгать	5
сәнәк	5
сәпид	3
сәркатибе	5
сәркатип	9
сәфәр	31
сәфәргә	14
сәфәрдән	3
сәфәре	12
сәфәрне	6
сәфәрнең	3
сәхифәне	3
сәхнә	7
сәхнәгә	8
сәхнәдә	6
сәяси	28
сәясәт	14
сәясәте	4
сәясәткә	3
сәясәтче	10
сәясәтчеләр	9
сәясәтчеләргә	3
сәяхәт	110
сәяхәте	13
сәяхәтегез	3
сәяхәтем	4
сәяхәтемне	3
сәяхәткә	14
сәяхәтләр	8
сәяхәтне	8
сәяхәтнең	3
сәяхәттә	4
сәяхәттән	5
сәяхәтчеләр	3
сәүдә	31
сәүдәгәр	5
сәүдәгәре	3
сөекле	15
сөеклем	45
сөембикә	3
сөендерә	5
сөзеп	3
сөйгән	21
сөйгәнне	3
сөйкемле	101
сөйкемлем	4
сөйли	138
сөйлибез	6
сөйлиләр	14
сөйлим	30
сөйлиме	5
сөйлисе	3
сөйлисез	11
сөйлисем	4
сөйлисең	50
сөйлисеңме	11
сөйличәк	3
сөйлә	110
сөйләве	3
сөйләвемне	3
сөйләвен	4
сөйләвеңне	4
сөйләгез	38
сөйләгән	52
сөйләгәндә	13
сөйләгәнегезне	3
сөйләгәнемне	5
сөйләгәнен	13
сөйләгәнеңне	5
сөйләгәннәр	3
сөйләгәннәрен	6
сөйләгәннәрнең	3
сөйләгәнче	4
сөйләгәч	5
сөйләде	87
сөйләделәр	7
сөйләдем	17
сөйләдеме	9
сөйләдемме	4
сөйләдең	13
сөйләдеңме	8
сөйләм	13
сөйләмдә	3
сөйләми	17
сөйләмибез	3
сөйләмим	4
сөйләмисең	8
сөйләмә	34
сөйләмәгән	4
сөйләмәде	16
сөйләмәдем	14
сөйләмәдеме	5
сөйләмәдең	12
сөйләмәс	6
сөйләмәскә	14
сөйләмәсәң	6
сөйләп	58
сөйләр	24
сөйләрбез	3
сөйләргә	112
сөйләрлек	4
сөйләрмен	38
сөйләрсең	23
сөйләсә	5
сөйләсәм	6
сөйләсәң	13
сөйләш	29
сөйләшегез	15
сөйләшеп	61
сөйләшер	16
сөйләшербез	29
сөйләшергә	352
сөйләшерлек	4
сөйләшермен	13
сөйләшерсең	3
сөйләшик	36
сөйләшкән	24
сөйләшкәндә	16
сөйләшкәнем	3
сөйләшкәнемне	8
сөйләшкәнен	6
сөйләшкәнеңне	4
сөйләшкәнне	4
сөйләшкәнче	3
сөйләшкәч	4
сөйләшләрдә	4
сөйләшләрендә	3
сөйләшми	48
сөйләшмибез	6
сөйләшмиләр	7
сөйләшмим	18
сөйләшмиме	3
сөйләшмисең	5
сөйләшмисеңме	3
сөйләшмичәк	5
сөйләшмә	26
сөйләшмәгез	6
сөйләшмәде	6
сөйләшмәдек	6
сөйләшмәделәр	4
сөйләшмәдем	8
сөйләшмәкче	3
сөйләшмәскә	4
сөйләшмәсәк	3
сөйләшмәячәк	3
сөйләшмәячәкмен	5
сөйләшсәгез	7
сөйләшсәң	8
сөйләште	19
сөйләштегез	6
сөйләштегезме	4
сөйләштек	36
сөйләштем	28
сөйләштеме	4
сөйләштең	10
сөйләштеңме	11
сөйләшү	50
сөйләшүгә	5
сөйләшүдән	10
сөйләшүе	5
сөйләшүегез	3
сөйләшүегезне	3
сөйләшүенә	6
сөйләшүеңне	4
сөйләшүләр	16
сөйләшүләре	3
сөйләшүләрне	3
сөйләшүне	17
сөйләшүче	18
сөйләшүчеләргә	3
сөйләшә	318
сөйләшәбез	20
сөйләшәләр	47
сөйләшәләрме	3
сөйләшәм	65
сөйләшәме	17
сөйләшәсе	6
сөйләшәсез	14
сөйләшәсезме	22
сөйләшәсем	39
сөйләшәсең	57
сөйләшәсеңме	27
сөйләшәчәген	3
сөйләшәчәк	4
сөйләшәчәкбез	8
сөйләшәчәкмен	5
сөйләячәкмен	3
сөйләү	17
сөйләүдән	3
сөйләүче	8
сөйми	20
сөймим	8
сөймәс	4
сөйрәлүче	4
сөйрәп	3
сөлге	17
сөлгеләр	4
сөлтәр	3
сөләйман	4
сөргенгә	3
сөргән	3
сөрт	9
сөртеп	5
сөртергә	6
сөртте	4
сөрттем	5
сөртә	3
сөрә	8
сөт	63
сөте	14
сөтне	9
сөттән	5
сөю	7
сөюче	5
сөючән	14
сөючәнлеге	5
сөя	4
сөяге	8
сөяген	3
сөяк	37
сөяккис	5
сөяккә	6
сөякле	3
сөякләр	8
сөякләрдән	5
сөякләре	6
сөякләрен	3
сөям	3
сөяр	3
сөяркәме	3
сөяркәсе	4
сөңге	3
т	3
та	404
таб	3
таба	402
табабыз	11
табак	4
табакка	4
табалар	3
табалмас	3
табам	30
табаны	4
табар	32
табарбыз	40
табарга	288
табарлар	6
табармын	27
табарсыз	4
табарсың	23
табасың	4
табачак	21
табачакбыз	11
табачаклар	5
табачакмын	19
табачаксыз	3
табачаксың	9
табиб	175
табибка	33
табиблар	24
табибларга	3
табибларны	3
табибмы	9
табибны	9
табибның	4
табибта	3
табибы	14
табибым	3
табигате	10
табигатен	6
табигатең	3
табигать	57
табигатькә	5
табигатьле	3
табигатьне	4
табигатьнең	5
табигатьтә	6
табигатьтән	3
табигый	55
табтым	4
табу	65
табут	13
табутны	10
табутта	7
табучы	3
табуы	8
табуын	4
табыгыз	32
табыйк	5
табыла	9
табылган	24
табылды	24
табылдык	3
табылдыклар	5
табылмады	9
табылыр	15
табын	5
табынган	5
табынучы	3
табып	59
табыр	4
табыш	11
табышлы	3
табышмак	5
табышмакларны	3
табышны	3
табышы	3
табышын	5
тавис	4
тавы	7
тавыгы	4
тавык	89
тавыкка	8
тавыклар	6
тавыкны	9
тавыкның	6
тавыктан	6
тавыш	135
тавышка	6
тавышлану	4
тавышлар	11
тавышларны	4
тавышлары	6
тавышларын	4
тавышлы	7
тавышны	17
тавышсыз	11
тавыштан	4
тавышы	74
тавышыгыз	3
тавышым	4
тавышымны	6
тавышын	36
тавышына	4
тавышың	6
тавышыңны	3
тагаракка	3
тагасы	3
тагы	15
тагыла	3
тагылган	3
тагын	1246
тагып	7
таеп	8
таз	3
таза	18
тазакай	3
таити	3
тай	15
тайгак	3
тайган	3
тайдан	3
тайды	3
тайдым	3
тайм	5
таймер	5
тайпылган	3
тайянг	4
так	5
тако	10
такси	50
таксига	12
таксида	7
такта	6
тактага	8
такталар	3
такталары	3
тактаны	4
тактик	3
такылдык	3
такым	8
такымы	10
такымының	4
такыр	4
тал	7
талаганнар	4
талак	4
талантлы	7
талап	5
таларга	3
талау	21
талауны	3
талаучы	3
талашыр	3
талган	3
талгын	3
талды	6
талкан	3
таллахасси	3
таллий	11
талый	5
талымлаучан	3
талымлы	3
талымсыз	4
таләп	56
таләпләр	6
таләпчән	9
тама	5
тамагы	4
тамагым	6
тамагын	6
тамагың	4
тамак	16
тамалар	3
таман	6
тамаша	26
тамашаны	3
тамашасын	4
тамашачы	3
тамашачылар	14
тамга	8
тамганы	3
тамгасы	6
тамгасын	6
таможня	3
таможняда	3
тамса	3
тамчы	26
тамчыдан	3
тамчылап	3
тамыр	8
тамырдан	4
тамырлары	8
тамыры	10
тамырында	3
тан	10
танавына	3
таннер	3
тансык	3
тантана	5
тантаналы	9
тантанасы	6
тану	7
таны	14
таныган	5
таныды	10
таныдылар	3
таныдым	9
таныдыңмы	4
таный	8
таныйм	12
таныйсыңмы	9
таныклыгы	9
таныклыгым	3
таныклыгын	4
таныклыкны	4
таныла	3
танылган	57
танылды	6
танылу	3
танымады	6
танымадым	7
танымас	11
танымый	10
танымыйм	4
танымыйсың	3
танып	15
таныр	3
танырга	22
таныш	128
таныша	3
танышам	3
танышкан	8
танышканда	3
танышканнар	3
танышлар	3
танышмы	19
танышты	4
таныштыгыз	3
таныштык	8
таныштым	18
таныштырам	3
таныштырасың	3
таныштырды	5
таныштырыгыз	3
таныштырырга	15
танышу	8
танышуыма	11
танышыгыз	7
танышым	8
танышымны	3
танышырга	50
тап	83
тапкан	95
тапканмы	3
тапканнар	13
тапканнарын	4
тапкансыз	3
тапканчы	16
тапканымны	3
тапкач	20
тапкыр	657
тапкырга	14
тапкырдан	4
тапкырлар	12
таплар	3
тапмаган	6
тапмаганнар	3
тапмады	7
тапмадык	8
тапмадылар	3
тапмадым	19
тапмадың	4
тапмадыңмы	4
тапмас	7
тапмасак	3
тапмасам	3
тапмаска	3
тапмый	6
тапны	6
тапса	6
тапсагыз	7
тапсак	5
тапсам	5
тапсаң	3
тапсын	4
тапты	78
таптыгыз	31
таптыгызмы	25
таптый	5
таптык	69
таптылар	20
таптылармы	3
таптым	188
таптымы	7
таптың	56
таптыңмы	31
тапшыр	3
тапшыра	7
тапшырам	7
тапшырган	4
тапшыргыч	9
тапшыргычны	5
тапшыргычы	3
тапшырды	4
тапшырдык	3
тапшырдылар	3
тапшырдым	10
тапшыру	34
тапшырулар	4
тапшыруларны	3
тапшыруны	8
тапшыруы	3
тапшырыгыз	5
тапшырыла	5
тапшырылды	3
тапшырып	5
тапшырыр	3
тапшырырга	23
тар	49
таракан	5
тарала	20
таралган	26
таралды	11
таралып	6
таралырга	3
таралыштылар	3
тарата	4
тараткан	4
таратты	3
тарату	6
таратып	6
таратырга	4
тарафдарлары	4
тарафка	4
тарафта	3
тарафтан	12
тарафына	3
тарафыннан	39
тарая	3
таргариен	3
тарик	4
тарих	43
тарихи	21
тарихка	15
тарихлар	5
тарихны	19
тарихның	7
тарихта	9
тарихтагы	3
тарихчылар	4
тарихы	33
тарихын	20
тарихында	23
тарихыңны	3
таркала	5
таркалды	5
таркалу	3
таркалуы	4
таркалып	3
таркау	5
тарлавыгы	3
тармагы	3
тармада	3
тармадан	3
тармак	4
тарт	17
тарта	49
тартай	6
тартам	9
тартар	6
тартасызмы	5
тартасың	10
тартасыңмы	4
тартачак	5
тарткан	7
тартма	41
тартмага	14
тартмагыз	4
тартмада	14
тартмадан	7
тартмалар	9
тартмаларны	3
тартмаларның	3
тартмам	4
тартманы	22
тартмас	3
тартмаска	7
тартмасы	14
тартмасын	12
тартмасына	5
тартмасында	6
тартмасыннан	3
тартмачы	6
тартмаячакмын	3
тартмый	8
тартмыйм	5
тартты	35
тарттылар	12
тарттым	6
тарттың	8
тарту	27
тартудан	3
тартуны	18
тартучы	4
тартуым	4
тартыгыз	4
тартыла	4
тартылу	4
тартым	3
тартынмагыз	4
тартып	63
тартыр	4
тартырга	26
тартышы	4
тары	5
тарыган	4
тасвирладың	3
тасвирлап	3
тасвирлый	7
тасма	3
тасманы	6
татар	479
татарга	4
татарлар	60
татарларга	3
татарлармы	3
татарларның	3
татарлары	7
татармы	6
татарча	256
татарчага	6
татлы	65
татлым	27
тату	18
татуировка	6
татып	26
тау	81
тауарлар	3
тауга	31
тауда	7
таудан	10
таулар	20
тауларга	6
тауларда	7
тауларны	4
таулары	4
тауны	5
тауның	3
таш	121
ташбака	8
ташбакалар	3
ташка	20
ташкыннар	7
ташкынсыман	3
ташла	48
ташлаган	18
ташлагыз	18
ташлады	37
ташладыгыз	3
ташладык	6
ташладылар	6
ташладым	21
ташладың	9
ташлама	23
ташламаган	6
ташламады	5
ташламалар	3
ташламалы	3
ташламас	8
ташламаска	4
ташламыйм	5
ташлана	4
ташланган	7
ташланды	10
ташландык	19
ташлап	60
ташлар	39
ташларга	57
ташларны	18
ташларның	3
ташлары	9
ташлау	7
ташлый	15
ташлыйм	6
ташны	46
таштан	6
ташу	5
ташы	31
ташыдым	3
ташый	9
ташын	22
ташына	3
ташып	7
таягы	6
таягын	6
таягың	3
таяк	41
таякка	4
таяклар	4
таякларны	3
таякларын	3
таякны	8
таяктагы	3
таян	4
таяна	11
таянган	3
таянма	4
таянып	6
таянырга	6
таяныч	9
таҗ	17
таҗга	5
таҗы	3
таң	48
таңга	3
таңнан	3
таңы	3
театр	21
театрга	9
театрда	10
театры	5
тебя	3
теге	351
тегелгән	8
тегелә	3
тегеләй	4
тегеләр	4
тегеләре	3
тегендә	46
тегеп	7
тегермән	5
тегесе	10
тегесен	8
тегесеннән	4
тегү	6
тегүче	4
тегә	5
тегәргә	5
тез	9
тезелеп	4
тезлән	7
тезләнегез	3
тезләнеп	4
текила	7
теккәндә	4
текст	9
текстны	12
тексты	3
текстын	3
тектем	3
текә	52
текәлеп	7
тел	216
телгә	23
телдә	66
телдәге	3
телдән	8
теле	322
телебез	22
телевизион	5
телевизия	3
телевизор	73
телевизорда	6
телевизордан	24
телевизорлар	4
телевизорны	12
телевизоры	3
телегезне	11
телеграм	3
телем	48
телеметрия	3
телемне	8
телен	377
телендә	175
телендәге	16
теленең	14
теленнән	29
теленә	37
телескоп	7
телефон	102
телефонга	9
телефонда	3
телефондагы	3
телефоннан	21
телефоннар	5
телефонны	45
телефонның	5
телефоны	13
телефоныгызны	4
телефоным	9
телефонымны	5
телефонын	14
телефоның	5
телефоныңны	5
телең	10
телеңне	17
тели	351
телибез	49
телиләр	37
телиләрдер	4
телим	689
телиме	18
телимме	4
телисез	72
телисезме	108
телисең	185
телисеңдер	10
телисеңме	279
телле	17
теллеләр	3
телләр	48
телләргә	6
телләрдә	11
телләрдән	5
телләре	12
телләрен	5
телләрендә	12
телләренә	9
телләрне	17
телләрнең	12
телләшмә	7
телме	3
телне	36
телнең	4
телсез	12
телә	5
теләве	5
теләвегезне	3
теләвен	17
теләвенә	3
теләвеңне	6
теләвеңә	4
теләге	27
теләгегез	6
теләгез	3
теләгем	16
теләгемне	5
теләген	10
теләгенә	5
теләгең	16
теләгеңне	3
теләгән	243
теләгәнгә	3
теләгәндер	5
теләгәндә	10
теләгәнегезне	16
теләгәнем	4
теләгәнемне	21
теләгәнен	41
теләгәнеңне	22
теләгәнне	28
теләгәннәрен	10
теләгәнче	3
теләгәнчә	32
теләгәч	3
теләде	107
теләдегез	7
теләдегезме	3
теләдек	7
теләделәр	9
теләдем	121
теләдең	30
теләдеңме	13
теләк	23
теләкләр	7
теләкләремне	3
теләктәш	4
теләми	119
теләмибез	26
теләмиләр	9
теләмим	270
теләмиме	3
теләмисез	15
теләмисезме	18
теләмисең	55
теләмисеңдер	4
теләмисеңме	58
теләмичә	5
теләмәвен	14
теләмәвеңә	3
теләмәгән	20
теләмәде	57
теләмәдем	92
теләмәдең	12
теләмәс	20
теләмәссең	3
теләмәсә	6
теләмәсәгез	15
теләмәсәң	27
теләмәү	3
теләп	29
теләр	203
теләргә	5
теләрсез	7
теләсә	198
теләсәгез	57
теләсәк	7
теләсәләр	5
теләсәм	14
теләсәң	133
теләү	3
теләүче	3
теләүчеләр	9
тема	13
темага	11
темадан	5
темалар	4
теманы	8
темасы	3
темасына	4
температура	24
температурада	4
температураны	3
температурасы	10
теннесси	3
теннис	23
тентү	3
теоретик	5
теория	14
теориядә	7
теорияләре	3
теорияне	4
теориясе	5
терапевт	5
тере	61
терек	6
тереклек	21
тереклекне	5
тереклекнең	4
терел	3
терелде	3
терелер	3
терелергә	5
терелтә	4
терелү	3
тереләй	3
теркәлү	5
терлек	8
террорист	5
терәк	8
тессеракт	4
тест	7
тестка	3
тестны	4
тестостерон	3
тетрәү	14
техник	26
техника	6
техникасын	4
технология	17
технологияләр	9
технологияләре	5
технологиясе	12
технологиясен	3
теш	49
теше	9
тешем	4
тешен	4
тешең	3
тешле	5
тешли	7
тешлә	10
тешләгән	3
тешләде	12
тешләми	5
тешләп	6
тешләр	9
тешләре	12
тешләрегезне	4
тешләрем	6
тешләремне	5
тешләрен	6
тешләреңне	8
тешләрне	5
тешне	3
тешсез	3
теңкәгә	3
теңкәмә	3
тибеп	12
тибеш	3
тибеше	7
тибешен	6
тибешер	3
тибү	3
тибә	8
тигез	55
тигезлеге	7
тигезлеген	3
тигезлек	8
тигезлеккә	3
тигезлекне	5
тигезләмәләр	3
тигезләнгән	3
тигезләргә	3
тигән	8
тигәнәк	8
тиде	12
тиделәр	4
тидергән	4
тидердем	5
тиен	31
тиенгә	4
тиеннәр	4
тиеп	4
тиеш	2239
тиешбез	34
тиешенчә	17
тиешле	49
тиешлегемне	8
тиешлеген	14
тиешлене	3
тиешлесен	3
тиешләр	7
тиешме	58
тиешмен	32
тиешсез	23
тиешсең	39
тиештер	10
тиз	433
тиздән	240
тизлеге	15
тизлегем	3
тизлегендә	4
тизлегеннән	3
тизлек	41
тизлеккә	6
тизлекне	19
тизлектә	10
тизләнеш	3
тизләнү	3
тизләткән	3
тизләтте	4
тизләтү	3
тизрәк	353
тизәге	8
тизәк	19
тизәккә	4
тизәкне	6
тик	577
тикмәгә	3
тикшер	25
тикшергәндә	3
тикшерде	10
тикшердегез	3
тикшердек	6
тикшерделәр	4
тикшердем	18
тикшердеңме	3
тикшерегез	25
тикшерелмәгән	3
тикшеренү	17
тикшеренүләр	16
тикшеренүчеләр	3
тикшереп	72
тикшерербез	3
тикшерергә	54
тикшерермен	5
тикшерик	9
тикшерү	56
тикшерүгә	3
тикшерүе	8
тикшерүен	5
тикшерүләр	13
тикшерүне	6
тикшерүче	11
тикшерә	15
тикшерәбез	8
тикшерәм	18
тикшерәсеңме	3
тиле	33
тилегә	3
тилеләр	5
тилене	3
тилергән	3
тили	4
тим	3
тимгел	7
тимер	80
тимераякта	6
тимергә	4
тимердән	5
тимерле	3
тимерне	6
тимерче	15
тими	4
тимибез	3
тимә	45
тимәгез	10
тимәгән	3
тимәде	3
тимәс	12
тинтәк	14
типик	7
типте	3
тир	14
тиран	6
тиргә	3
тиргәп	5
тире	14
тирес	6
тиресе	10
тиресен	4
тирләп	3
тирә	16
тирәдә	15
тирәк	3
тирәли	19
тирән	63
тирәнлеге	4
тирәнлеген	4
тирәнлеккә	3
тирәнлектә	4
тирәнме	5
тирәнрәк	13
тирәнтен	4
тирәсе	8
тирәсендә	38
тирәсендәге	4
тискәре	31
тисә	7
титан	5
тито	3
тишеге	9
тишек	30
тишеккә	9
тишекләр	7
тишекләрем	3
тишекне	3
тишектә	7
тишелгән	4
тишеп	9
тишкән	5
тиште	6
тишә	4
тишәргә	6
тишәчәк	3
тию	5
тия	13
тияр	8
тияргә	7
тиң	20
тиңдәш	9
тиңдәшсез	7
тиңләшә	3
тмб	3
товар	5
тогы	3
тод	3
тоела	83
тоелган	5
тоелганча	3
тоелды	49
тоелмады	4
тоелмый	8
тоелмыймы	13
тоелырга	4
тоз	21
тозагына	5
тозак	31
тозакка	15
тозакта	8
тозлы	20
тозсыз	3
тойган	3
тойгы	3
тойгылар	4
тойгысы	3
тойды	4
тойдым	13
ток	16
токио	10
токмач	6
токны	4
токым	3
тол	9
толның	3
томаланган	3
томалап	4
томан	18
томанлы	11
томат	7
томбо	3
томда	10
томшыгы	4
тоник	7
тонна	7
тонналы	5
тоннель	8
тончыгып	6
тонык	12
тор	337
тора	577
торабыз	24
торак	42
торалар	14
торам	78
торамы	8
торасы	10
торасыз	9
торасызмы	5
торасым	5
торасың	36
торасыңмы	5
торачак	12
торачакбыз	5
торачакмын	5
торачаксың	3
торачаксыңмы	3
торба	3
торбалар	5
торган	506
торганга	3
торганда	9
торгандыр	6
торганнан	5
торганнар	3
торганчы	3
торганымны	3
торганын	12
торгач	12
торгыза	3
торгызу	3
торгызырга	6
торгынлыгы	3
торды	61
тордык	6
тордылар	8
тордым	45
тордың	16
тордыңмы	7
торетто	5
торма	33
тормаган	5
тормагыз	14
тормады	9
тормадым	7
тормам	8
тормас	27
тормасаң	3
тормасын	4
тормозга	3
тормый	45
тормыйк	5
тормыйм	24
тормыйсың	3
тормыйча	5
тормыш	237
тормышка	69
тормышны	24
тормышның	18
тормышта	62
тормыштагы	3
тормыштан	11
тормышы	33
тормышыбыз	8
тормышыгыз	4
тормышыгызда	5
тормышым	17
тормышыма	3
тормышымда	16
тормышымдагы	6
тормышымнан	4
тормышымны	23
тормышымның	11
тормышын	21
тормышына	7
тормышында	16
тормышыннан	4
тормышының	5
тормышың	15
тормышыңда	7
тормышыңдагы	3
тормышыңны	10
торна	9
торнадан	3
торның	4
торрето	3
торса	15
торсагыз	7
торсак	5
торсам	7
торсаң	16
торсын	15
торсыннар	3
торт	13
тортны	7
тору	45
торуга	4
торудан	6
торуның	3
торучан	3
торучы	9
торуы	8
торуымны	4
торуын	9
торуың	7
торыгыз	61
торыйк	14
торыннары	3
торып	56
торыр	33
торырбыз	6
торырга	114
торырлар	3
торырлык	4
торырмын	18
торырсың	3
торырсыңмы	3
торышы	83
торышын	10
торышына	4
торышында	4
тоссыз	3
тост	5
тот	121
тота	141
тотабыз	11
тоталар	19
тотам	58
тотамы	4
тотар	11
тотарга	86
тотармын	7
тотарсың	3
тотасы	3
тотасыз	7
тотасың	25
тотасыңмы	8
тотачак	4
тотачакбыз	4
тотачакмын	5
тоташа	9
тоташкан	11
тоташтыр	9
тоташтыра	6
тоташтырам	5
тоташтырыгыз	3
тоташтырып	3
тоташу	8
тоткан	65
тотканда	4
тотканнар	6
тотканы	4
тотканымны	5
тотканын	8
тоткарлаган	3
тоткарланган	4
тоткарланды	3
тоткарланып	4
тоткарлау	3
тоткарлый	8
тоткарлык	9
тоткарлыклар	9
тоткасы	3
тоткасын	3
тоткын	17
тоткынлыкта	5
тоткыннар	10
тоткыннарны	3
тоткынны	6
тоткычы	3
тотлыга	7
тотлыгып	5
тотма	8
тотмас	3
тотмыйм	4
тотрыклы	23
тотрыклылык	3
тотрыксыз	14
тотсак	5
тотсалар	9
тотсаң	9
тотты	40
тоттыгыз	5
тоттык	13
тоттылар	9
тоттылармы	3
тоттым	36
тоттың	15
тоттыңмы	5
тоту	30
тотудан	6
тотуны	4
тотучы	4
тотыгыз	54
тотыла	7
тотылган	9
тотылмаган	3
тотылуны	3
тотын	33
тотына	5
тотынма	4
тотыныгыз	9
тотынырга	3
тотып	95
тотышы	9
тотышына	3
тою	4
тоя	4
тоягы	4
тоям	11
тоярга	5
трактор	5
транзакция	3
трансивер	5
трансиверны	3
транспорт	16
требюше	5
тренер	16
тренеры	3
триллион	3
тролль	5
тролльне	4
трон	4
тропик	3
троян	3
трубканы	12
туа	32
туар	3
туарга	4
туачак	3
тубы	5
тубык	3
тубыктан	5
туган	474
туганда	6
тугандаш	7
туганмын	9
туганнан	14
туганнар	27
туганнарча	3
туганнары	8
туганнарыгыз	4
туганнарым	4
туганнарын	3
туганнарына	3
туганнарың	4
тугансың	3
туганчы	7
туганы	7
туганым	12
туганымы	3
туганын	5
туганыңны	4
тугач	4
туграсы	3
тугры	28
тугрылыгы	3
тугрылык	8
тугрылыклы	3
тугыз	82
тугызда	16
тугыздан	3
тугызынчы	10
туды	13
тудыка	3
тудым	19
тудыра	21
тудырачак	4
тудырган	8
тудырды	5
тудыру	6
тудырырга	7
тудың	4
туе	14
туегыз	4
туемда	4
туена	9
туенда	9
туеның	3
туеп	4
тузан	21
тузанга	4
тузанкайлар	5
тузанлы	3
тузаннан	6
тузаны	3
тузган	7
тузганак	3
туздырып	4
тузмас	3
тузып	4
туй	37
туйга	11
туйган	4
туйганчы	7
туйгач	6
туйда	7
туйдан	4
туйды	5
туйдыгызмы	3
туйдым	57
туйдыра	8
туйдырды	15
туйдырдың	7
туйдыңмы	4
туйлар	3
туйлары	3
туймаган	6
туймас	13
туймый	3
туйны	4
туйсын	3
тук	22
туклана	15
туклык	3
туклыклы	5
тукмак	5
тукран	9
туксан	15
туксанынчы	5
тукта	197
туктаган	8
туктагач	7
туктагыз	56
туктады	51
туктадыгыз	4
туктадык	8
туктадым	8
туктадымы	4
туктадың	3
туктала	3
туктале	4
тукталыш	19
тукталышта	7
тукталышы	7
тукталышында	3
туктама	14
туктамагыз	5
туктамады	6
туктамадым	3
туктамас	8
туктамасаң	3
туктамый	10
туктап	33
туктар	8
туктарбыз	4
туктарга	44
туктармын	4
туктарсың	5
туктаса	4
туктасаң	3
туктат	40
туктата	75
туктатабыз	5
туктатам	6
туктатачак	3
туктатма	12
туктатмас	7
туктатмасаң	4
туктатты	11
туктаттыгыз	4
туктаттык	3
туктаттылар	5
туктаттым	10
туктату	18
туктатыгыз	29
туктатыйк	3
туктатылган	3
туктатылды	14
туктатып	14
туктатыр	9
туктатырбыз	3
туктатырга	95
туктау	5
туктаусыз	32
туктый	23
туктыйк	12
туктыйсыңмы	6
туктыйчак	4
туку	4
тукыма	9
тукымалар	3
тула	16
тулаем	51
тулай	6
тулгак	3
тулгаклар	4
тулган	37
тулгач	3
тулды	23
тулмаган	3
тулы	170
тулып	6
тулырак	4
тулысынча	113
тумаган	7
тумадым	3
тумый	4
тумыштан	15
тун	11
тунис	4
туннель	4
тунын	4
туп	42
тупас	37
тупик	3
туплаган	5
туплагыз	4
тупламам	3
тупланган	6
туплар	5
тупларга	6
туплары	3
туплау	6
туплый	7
тупны	19
тура	3
тургай	9
тургайлар	3
турист	3
туристлар	12
турникет	5
турта	9
туры	503
турыга	5
турыда	269
турыдан	25
турылык	3
турылыклы	6
турында	1904
турындагы	48
турындамы	17
туса	3
туташ	109
туташка	4
туташның	3
туташы	16
тутый	12
тутыр	5
тутыра	8
тутырган	3
тутырды	8
тутырдым	3
тутырма	4
тутыру	3
тутырыгыз	4
тутырылган	8
тутырып	8
тутырырга	6
туу	5
тууын	3
туфли	5
туфрагы	3
туфрагың	4
туфрак	15
туфракка	4
туфракта	4
туып	7
туң	3
туңа	4
туңган	3
туңдырма	22
туңдырманы	3
туңып	5
ты	10
тыга	3
тыгыз	38
тыгызлыгы	5
тыгызрак	3
тыгылган	3
тыгылма	6
тыгылырга	3
тыгын	4
тыгып	9
тыела	18
тыелган	30
тыелып	5
тыеп	5
тый	7
тыйнак	14
тыйнаклык	5
тыккан	3
тыкрыкта	3
тыкшынма	4
тылмач	9
тылсым	54
тылсымга	4
тылсымлы	30
тылсымнары	4
тылсымны	7
тылсымчы	54
тылсымчыга	3
тылсымчылар	6
тылсымчыны	3
тылсымы	5
тылсымын	5
тын	62
тынгылык	3
тынгысыз	5
тынлыгы	3
тынлык	17
тынлыкта	3
тынмас	4
тыннары	3
тынчу	3
тыны	3
тынып	12
тыныч	233
тынычлан	106
тынычлана	9
тынычланабыз	4
тынычланам	3
тынычланды	3
тынычландык	3
тынычландыр	7
тынычландыра	8
тынычландыргыч	19
тынычландыру	3
тынычландырырга	8
тынычланыгыз	22
тынычланырга	24
тынычлап	3
тынычлыгы	3
тынычлыгын	3
тынычлык	72
тынычлыкка	8
тынычлыкны	8
тынычлыкта	29
тынычрак	17
тып	7
тырай	5
тырмаладым	3
тырнагы	3
тырнак	9
тырнаклары	6
тырнакларын	3
тырный	3
тырпаеп	4
тырыш	62
тырыша	68
тырышабыз	17
тырышалар	11
тырышам	92
тырышасың	19
тырышасыңмы	7
тырышачак	7
тырышачаклар	3
тырышачакмын	4
тырышкан	27
тырышканда	13
тырышканын	4
тырышлыгың	4
тырышлык	9
тырышма	17
тырышмагыз	10
тырышмады	6
тырышмадым	5
тырышмаска	4
тырышмыйсың	3
тырышса	5
тырышсагыз	3
тырышсам	4
тырышсаң	12
тырышты	68
тырыштыгыз	5
тырыштык	12
тырыштылар	6
тырыштым	71
тырыштың	11
тырышу	12
тырышучы	3
тырышуы	3
тырышыбрак	3
тырышыгыз	25
тырышыйк	3
тырышып	108
тырышыр	7
тырышырбыз	6
тырышырга	21
тырышырмын	24
тычкак	11
тычкан	33
тычканга	3
тычканнан	3
тычканнар	7
тычканнарны	4
тычканны	15
тычканы	3
тыш	66
тышка	26
тышкы	47
тышлыгы	3
тышлык	3
тышлыкта	3
тышта	62
тыштан	7
тышчасы	3
тышы	5
тышында	3
тыю	6
тыя	15
тыярга	5
тыңла	248
тыңлаган	12
тыңлаганда	5
тыңлагыз	87
тыңлады	10
тыңладылар	5
тыңладым	7
тыңладың	3
тыңлама	10
тыңламагыз	4
тыңламады	8
тыңламадым	3
тыңламадың	5
тыңламас	6
тыңламый	11
тыңламыйлар	4
тыңламыйм	4
тыңламыйсың	4
тыңлап	32
тыңлар	14
тыңларга	49
тыңлармын	4
тыңласам	3
тыңласаң	6
тыңласын	3
тыңлау	8
тыңлауга	3
тыңлаудан	3
тыңлаулар	3
тыңлаусыз	3
тыңлаучан	5
тыңлый	17
тыңлыйбыз	3
тыңлыйк	7
тыңлыйлар	5
тыңлыйм	38
тыңлыйсы	3
тыңлыйсың	8
тыңлыйсыңмы	4
тьфу	3
түбә	24
түбәгә	9
түбәдә	5
түбәле	3
түбән	60
түбәнгә	6
түбәндәге	3
түбәне	6
түбәнрәк	14
түбәнчелек	4
түбәсе	11
түбәсен	7
түбәсендә	6
түбәсеннән	4
түбәсенә	3
түгел	4040
түгелгән	3
түгелдер	30
түгеллегемне	6
түгеллеген	20
түгелләр	6
түгелме	199
түгелмен	12
түгелмени	29
түгелсең	6
түгелсеңме	3
түгәрәгендә	3
түгәрәгенә	4
түгәрәк	39
түгәрәккә	3
түгәрәкне	3
түз	22
түзегез	9
түземле	6
түземлегем	3
түземлек	6
түземсез	3
түземсезлек	20
түзеп	16
түзә	70
түзәр	3
түзәргә	5
түзәрлек	7
түзәрмен	3
түктем	5
түктең	3
түли	35
түлибез	4
түлиләр	11
түлим	15
түлисе	4
түлисең	3
түлиячәк	3
түлә	9
түләгез	11
түләгән	4
түләде	9
түләдек	3
түләделәр	8
түләдем	15
түләдең	5
түләмиләр	3
түләнгән	5
түләнәчәк	3
түләп	10
түләр	9
түләргә	50
түләрмен	9
түләрсең	8
түләячәк	8
түләү	25
түләүле	6
түләүне	4
түләүсез	6
түмгәккә	4
түрендә	8
түрә	12
түрәләр	4
түрәсенең	3
түти	8
түтием	3
түтиең	3
түтәй	5
түтәлдә	3
түшәге	3
түшәктә	4
түшәм	3
түшәмгә	6
түшәмдә	5
түшәмнән	4
тә	412
тәбә	7
тәбәнәк	4
тәвә	5
тәвәккәл	11
тәвәккәллек	3
тәвәккәлләргә	3
тәгаен	11
тәгълимат	5
тәгәри	3
тәгәрмәч	17
тәгәрмәче	3
тәгәрмәчле	6
тәгәрмәчләр	12
тәгәрмәчләрне	3
тәгәрмәчне	4
тәгәрәде	5
тәгәрәп	4
тәк	8
тәкать	3
тәкрарлый	3
тәкъдим	238
тәкъдиме	11
тәкъдимегез	3
тәкъдимегезне	3
тәкъдимем	7
тәкъдимен	5
тәкъдименә	3
тәкъдимең	6
тәкъдимне	13
тәкъдимнәр	4
тәкъдимнәрең	3
тәкъдимнәрне	4
тәкә	11
тәкәббер	6
тәкәбберлек	5
тәкәсе	3
тәлинкә	16
тәлинкәләр	10
тәлинкәләрне	7
тәлинкәне	8
тәлинкәсе	5
тәлинкәсен	3
тәм	16
тәмам	82
тәмамла	8
тәмамлаган	7
тәмамлаганнан	3
тәмамлаганчы	4
тәмамлагач	10
тәмамлады	14
тәмамладык	8
тәмамладым	11
тәмамладың	3
тәмамладыңмы	5
тәмамламады	3
тәмамламадык	4
тәмамламадым	6
тәмамлана	19
тәмамланачагын	7
тәмамланачак	16
тәмамланган	7
тәмамланганчы	4
тәмамланганын	4
тәмамлангач	4
тәмамланды	19
тәмамланмаган	5
тәмамлануын	3
тәмамланырга	3
тәмамларга	37
тәмамлау	5
тәмамлый	9
тәмамлыйбыз	4
тәмамлыйм	9
тәмамлыйсың	5
тәме	22
тәмек	5
тәмеккә	3
тәмен	14
тәмендә	3
тәмле	101
тәмлерәк	8
тәмләткечләр	3
тәмсез	7
тәмуг	8
тәмугка	16
тәмугта	8
тәмугъ	6
тәмугъка	5
тәмугъта	6
тәмәке	106
тән	42
тәнгә	5
тәне	7
тәнем	7
тәнемдә	3
тәнемне	5
тәнен	6
тәнендә	4
тәненә	4
тәнең	7
тәнкыйтьләргә	3
тәнле	8
тәнне	4
тәннең	3
тәнәфес	34
тәпие	4
тәпикәй	5
тәрбия	5
тәрбиягә	3
тәрбияләп	4
тәрбияләргә	3
тәрбияләү	5
тәре	5
тәртибен	4
тәртибендә	4
тәртип	60
тәртипкә	20
тәртипле	20
тәртипме	16
тәртипне	6
тәртипсез	10
тәртипсезлек	23
тәртиптә	211
тәртиптәме	88
тәрҗемә	163
тәрҗемәдә	3
тәрҗемәләр	3
тәрҗемәне	3
тәрҗемәсе	4
тәрҗемәче	17
тәрҗемәчесе	3
тәрәзә	51
тәрәзәгә	7
тәрәзәдә	4
тәрәзәдән	30
тәрәзәләр	8
тәрәзәләрне	12
тәрәзәне	46
тәрәзәсе	8
тәрәзәсеннән	4
тәрәккый	5
тәтегә	6
тәхет	6
тәхеткә	9
тәхетне	3
тәхеттән	3
тәшкил	20
тәэмин	58
тәэминаты	5
тәэсир	54
тәэсирендә	4
тәэсирле	3
тәҗрибә	42
тәҗрибәгә	5
тәҗрибәле	16
тәҗрибәләр	17
тәҗрибәләрендә	3
тәҗрибәм	9
тәҗрибәне	3
тәҗрибәсе	19
тәҗрибәсез	3
тәңгәл	7
тәңкә	6
тәңкәләр	6
тәңкәләрне	3
тәңре	21
тәңрегә	4
тәңреләр	3
тәңрем	5
тәңречелек	3
тәүбә	26
тәүбәсе	4
тәүге	10
тәүлек	18
тәүлеккә	3
тәүрәт	3
төбе	16
төбен	4
төбендә	43
төбендәге	4
төбеннән	4
төбенә	18
төбәде	5
төбәк	15
төбәкләрендә	3
төбәктә	5
төгәл	146
төгәллек	3
төгәлме	3
төгәлрәге	3
төгәлрәк	24
төене	3
төеннәр	4
төер	3
төз	7
төзе	5
төзегез	4
төзегән	19
төзегәндә	3
төзегәннәр	7
төзеде	8
төзедек	8
төзеделәр	3
төзедем	12
төзек	5
төзелгән	19
төзелде	3
төзелеш	29
төзелеше	12
төзелешен	5
төзелешендә	3
төзелешенә	3
төзелештә	3
төзелмәгән	4
төзелә	4
төзеп	12
төзер	3
төзергә	28
төзи	19
төзибез	7
төзик	5
төзиләр	3
төзим	5
төзисең	3
төзү	10
төзүгә	3
төзәлер	6
төзәлә	3
төзәт	9
төзәтегез	5
төзәтелгән	3
төзәтелде	3
төзәтеп	22
төзәтергә	51
төзәткәч	3
төзәтмә	5
төзәтте	7
төзәттек	3
төзәттеләр	3
төзәттем	7
төзәттең	3
төзәтү	21
төзәтә	40
төзәтәм	11
төймә	25
төймәгә	70
төймәләр	3
төймәсе	4
төймәсенә	8
төймәсәрдә	3
төкер	3
төкергән	3
төкереп	6
төкерә	3
төкерәм	5
төлке	21
төлкеләр	3
төлкенең	3
төн	116
төнге	36
төнгә	19
төндә	17
төне	31
төнендә	5
төнлә	98
төнне	67
төннең	3
төннәр	6
төннәрен	8
төнтек	3
төньяк	47
төньякка	26
төньякта	8
төп	150
төпкә	6
төпле	5
төпләрендә	3
төпсез	8
төр	10
төрбә	3
төргәк	14
төргәкне	7
төрдәге	5
төре	34
төрегез	4
төрек	24
төрелгән	4
төрем	3
төрен	6
төрендә	3
төреп	7
төрергә	4
төркем	108
төркемгә	13
төркемдә	22
төркеме	52
төркемен	13
төркемендә	6
төркеменнән	5
төркеменә	8
төркемме	3
төркемне	15
төркемнең	11
төркемнән	7
төркемнәр	4
төрки	36
төркиләр	13
төркиләрдә	3
төркиядә	4
төркиянең	4
төрле	192
төрлечә	24
төрләр	4
төрләре	5
төрмә	17
төрмәгә	32
төрмәдә	25
төрмәдән	11
төрмәсе	13
төрмәсендә	3
төрнең	3
төрт	5
төртеп	6
төрткән	3
төрттем	3
төртү	5
төрү	10
төрә	3
төс	34
төсе	17
төсен	6
төсенә	4
төсең	3
төскә	19
төсле	23
төсләр	8
төсләре	3
төсләрен	4
төсне	4
төссез	4
төстә	38
төстәге	19
төтен	62
төтенгә	5
төтене	5
төтенле	5
төтенли	3
төтенне	6
төтеннән	8
төче	5
төш	114
төше	5
төшегез	11
төшемдә	8
төшемә	3
төшендә	4
төшенке	3
төшенкелеге	5
төшенкелеккә	13
төшенчә	4
төшенчәләр	3
төшенчәсе	7
төшенчәсен	3
төшенчәсенең	3
төшенә	5
төшеп	46
төшер	51
төшергән	9
төшерде	17
төшердек	5
төшерделәр	6
төшердем	23
төшердеңме	5
төшерегез	14
төшерелгән	20
төшереп	31
төшерер	3
төшерергә	38
төшерермен	5
төшерерсең	4
төшермә	3
төшерсәң	5
төшерү	13
төшерә	42
төшерәбез	8
төшерәм	22
төшик	3
төшке	102
төшкә	11
төшкән	67
төшкәндә	11
төшкәнен	3
төшкәнче	16
төшкәч	12
төшле	16
төшләр	29
төшләрдә	8
төшләрең	3
төшләреңдә	3
төшми	7
төшмә	4
төшмәгән	3
төшмәде	4
төшмәс	5
төшмәсен	4
төшне	7
төшсә	19
төште	107
төштегез	3
төштек	12
төштем	14
төштеме	6
төштең	7
төштеңме	3
төштә	11
төштән	21
төшү	16
төшүе	3
төшүен	4
төшә	72
төшәбез	9
төшәм	17
төшәр	13
төшәргә	12
төшәрсең	4
төшәчәк	23
төяк	5
у	28
уайт	3
убырлар	3
убырлы	21
убырлыдан	3
убырлылар	3
углерод	3
углы	5
угры	4
угы	3
угыл	5
удмурт	4
уе	14
уем	7
уемда	4
уен	108
уенга	8
уенда	15
уеннан	11
уеннар	6
уеннарны	3
уеннары	10
уеннарын	4
уеннарында	4
уеннарының	3
уенны	27
уенчы	10
уенчык	19
уенчыклар	9
уенчыкны	5
уенчылар	3
уены	25
уенын	6
уенына	5
уенында	3
уеныңны	5
уеп	4
уең	6
уз	5
уза	45
узар	10
узарга	22
узачак	15
узган	154
узганда	3
узгансың	3
узганын	8
узгач	11
узды	56
уздым	13
уздымы	3
уздыра	5
уздырды	4
уздырдык	3
уздырдым	5
уздыру	4
уздырыла	3
уздырырга	4
уздың	5
узи	5
узмады	3
узмый	6
узмыш	3
узсам	3
узсаң	3
узу	15
узыгыз	3
узына	3
узып	32
узыш	7
узышлар	4
узышчы	3
уилер	4
уинта	3
уй	104
уйга	7
уйгур	4
уйгыр	4
уйдырма	11
уйла	55
уйлавымча	32
уйлавын	6
уйлавың	5
уйлавыңны	5
уйлаган	205
уйлаганга	5
уйлаганда	5
уйлаганмы	3
уйлаганнан	34
уйлаганны	5
уйлаганча	28
уйлаганчы	8
уйлаганымны	8
уйлаганын	9
уйлаганың	5
уйлаганыңны	10
уйлагыз	10
уйлады	45
уйладыгыз	7
уйладыгызмы	11
уйладык	20
уйладым	374
уйладың	18
уйладыңмы	32
уйлама	41
уйламаган	58
уйламагыз	10
уйламады	12
уйламадык	3
уйламадым	34
уйламадың	5
уйламадыңмы	17
уйламас	6
уйламасаң	3
уйламаска	4
уйламый	24
уйламыйм	162
уйламыйсызмы	8
уйламыйсың	19
уйламыйсыңмы	14
уйламыйча	9
уйлана	7
уйланган	6
уйланылган	4
уйланыр	3
уйланырга	4
уйлап	253
уйлар	32
уйларбыз	6
уйларга	111
уйлармын	10
уйларсыз	4
уйларсың	9
уйларым	5
уйларын	5
уйларың	5
уйласа	4
уйласагыз	7
уйласак	3
уйласаң	26
уйласын	5
уйлау	6
уйлаудан	5
уйлаячак	3
уйлый	145
уйлыйбыз	18
уйлыйлар	13
уйлыйлармы	4
уйлыйм	562
уйлыйммы	4
уйлыймы	3
уйлыйсыз	54
уйлыйсыздыр	3
уйлыйсызмы	72
уйлыйсың	151
уйлыйсыңдыр	4
уйлыйсыңмы	205
уйлым	3
уйлысыңмы	5
уймак	6
уйна	27
уйнавы	3
уйнавын	3
уйнаган	18
уйнаганда	14
уйнаганын	12
уйнады	17
уйнадык	7
уйнадылар	5
уйнадым	10
уйнадың	5
уйнама	3
уйнамаган	3
уйнамадым	3
уйнамый	8
уйнап	31
уйнар	6
уйнарга	91
уйнау	15
уйнаудан	5
уйнауны	3
уйны	6
уйный	140
уйныйбыз	13
уйныйбызмы	5
уйныйк	7
уйныйлар	9
уйныйм	19
уйныйсыз	3
уйныйсызмы	4
уйныйсың	8
уйныйсыңмы	6
уйныйчакмын	3
ук	470
уклар	6
укол	3
украинага	3
украинаның	9
уку	44
укуга	8
укудан	4
укуны	7
укучы	33
укучылар	24
укучыларга	8
укучыларны	4
укучыларның	7
укучыларын	5
укучым	4
укучымы	3
укучыны	3
укучының	3
укучысы	5
укучысына	3
укы	27
укыган	37
укыганда	17
укыганымны	3
укыгыз	15
укыды	22
укыдыгыз	3
укыдыгызмы	8
укыдык	4
укыдым	62
укыдыңмы	5
укый	100
укыйбыз	5
укыйк	3
укыйлар	5
укыйм	32
укыйсым	5
укыйсың	14
укыйсыңмы	14
укыла	3
укылган	4
укыма	7
укымаган	12
укымады	3
укымадым	6
укымый	11
укымыйбыз	3
укымыйсыңмы	3
укымыйча	3
укымышлы	3
укып	60
укыр	6
укырга	97
укырмын	6
укырсың	3
укыта	12
укытам	8
укыткан	5
укыту	15
укытучы	113
укытучыбыз	5
укытучыга	4
укытучылар	25
укытучыларыгыз	3
укытучыларым	3
укытучым	4
укытучымы	4
укытучыны	6
укытучының	10
укытучысы	23
укытучысын	3
укытыла	6
укытырга	7
укыячакмын	4
ул	11979
уллары	7
улларым	3
улларын	3
уллыкка	11
улмы	7
улы	101
улыгыз	25
улыгызга	3
улыгызны	4
улыгызның	3
улый	3
улым	171
улыма	13
улыммы	4
улымнан	6
улымны	58
улымның	6
улын	15
улына	19
улының	8
улың	29
улыңа	7
улыңны	11
ультратавыш	3
ульяна	3
умарта	9
умартаны	3
умырзая	3
умыртка	9
умырткалык	8
умырткасы	4
ун	182
уналты	17
уналтышарлы	3
унарлы	3
унбер	10
унбердә	4
унбиш	25
унбишенче	3
унга	8
унда	6
ундүрт	5
ундүртенче	4
универ	3
универсаль	3
университет	8
университетка	4
университетны	7
университетта	6
университеты	13
университетына	5
университетында	4
университетының	5
уникаль	10
унике	33
уникегә	3
уникедә	4
уникенче	3
унитазда	3
уннан	5
унсигез	13
унсигезенче	3
унтугыз	3
унтугызынчы	3
унынчы	5
унҗиде	9
унөч	11
уолтер	4
упкын	4
упкынга	10
упс	3
ура	20
ураган	5
ураза	5
урак	3
урам	47
урамга	49
урамда	82
урамдагы	4
урамнар	6
урамнарда	4
урамны	4
урамның	7
урамы	14
урамында	7
урамындагы	3
урап	31
уратып	3
урдасы	3
урду	5
урлаган	58
урлаганнар	15
урлаганнарын	3
урлаганын	3
урлады	42
урладыгыз	6
урладылар	18
урладым	19
урладың	17
урладыңмы	4
урламаган	3
урланган	19
урлап	21
урларга	27
урлаткан	3
урлау	21
урлауда	8
урлаучы	5
урлый	20
урлыйлар	3
урлыйм	3
урман	69
урманга	27
урманда	40
урмандагы	6
урманнан	7
урманнар	6
урманнарда	8
урманнарның	3
урманны	4
урманы	3
урнаша	6
урнашкан	94
урнашты	7
урнаштык	3
урнаштым	3
урнаштыра	9
урнаштырам	6
урнаштырачак	3
урнаштырган	5
урнаштыру	9
урнаштырылган	8
урнаштырырга	15
урнашу	5
урнашуы	5
урнашуын	9
урнашырга	9
урнашырсың	3
урта	40
уртага	3
уртак	50
уртаклашам	11
уртаклашасым	3
уртаклашу	3
уртаклашырга	3
уртаклык	3
урталай	3
урталык	3
уртасы	9
уртасына	12
уртасында	71
уртасындагы	5
уртасыннан	5
уртача	23
урын	281
урынбасары	3
урынга	98
урында	166
урындамы	6
урындык	17
урындыкка	7
урындыкларны	3
урындыкны	7
урындыкта	9
урынлы	13
урынмы	3
урыннан	40
урыннар	29
урыннарда	10
урыннарны	8
урыннары	5
урыннарыгызга	3
урыннарыгызны	6
урыннарын	3
урыннарына	5
урынны	61
урынсыз	15
урыны	65
урыныгыз	7
урыныгызга	4
урыныгызда	9
урыныгызны	5
урыным	7
урынымда	4
урынымнан	4
урынымны	8
урынын	33
урынына	94
урынында	33
урынындагы	3
урыныннан	23
урыныңа	4
урыныңда	14
урыныңны	5
урырсың	3
урыс	66
урысча	8
усак	4
усал	29
усрак	4
устрица	3
ут	145
утка	16
утлар	7
утлары	3
утлы	16
утны	45
утның	4
утравы	8
утравына	7
утравында	10
утрау	150
утрауга	149
утрауда	172
утраудагы	26
утраудамы	3
утраудан	154
утрауларында	4
утрауны	53
утрауның	49
утсыз	7
утта	8
уттан	5
уты	12
утыз	72
утызда	5
утыздан	4
утызынчы	3
утын	44
утына	4
утынны	3
утыр	85
утыра	124
утырабыз	16
утыралар	6
утырам	34
утырасы	3
утырасыз	4
утырасым	5
утырасың	17
утырачак	11
утырачакмын	3
утырачаксың	3
утырган	52
утырганда	11
утыргансыз	3
утырганчы	6
утырганын	5
утыргач	4
утырды	49
утырдыгыз	4
утырдык	10
утырдылар	4
утырдым	22
утырдың	3
утырдыңмы	6
утырма	11
утырмас	4
утырмый	7
утырмыйм	4
утырса	5
утырсагыз	3
утырсам	10
утырсаң	6
утырсын	5
утырт	6
утырта	7
утыртам	4
утырткан	4
утыртты	6
утырттылар	6
утырттым	4
утырттың	4
утырту	6
утыртыгыз	7
утыртып	8
утыртырга	14
утыру	25
утыручы	5
утырыгыз	44
утырыйк	8
утырып	73
утырыр	8
утырырга	71
утырырмын	3
утырырсың	4
утырыш	3
утырышы	3
уф	7
ух	8
уч	6
учагы	3
учагым	4
учак	36
учакка	3
учакны	8
учакта	4
учактан	4
уян	63
уяна	15
уянам	3
уянасың	4
уянгач	14
уянды	21
уяндым	22
уяндымы	4
уяндың	5
уяндыңмы	4
уяну	5
уяныгыз	6
уянып	10
уянырга	7
уят	3
уята	15
уяткан	3
уяткыч	8
уятмас	4
уятты	15
уяттым	4
уяттыммы	3
уяттың	5
уятыгыз	3
уятырга	12
уяу	13
уҗым	3
уң	68
уңа	3
уңаенда	34
уңаеннан	15
уңай	29
уңайдан	15
уңайлы	47
уңайлырак	12
уңайсыз	40
уңайсызлануыннан	3
уңайсызрак	4
уңар	3
уңга	29
уңган	7
уңмас	4
уңыш	48
уңышка	36
уңышлар	82
уңышларга	8
уңышлы	58
уңышсыз	23
уңышсызлык	7
уңышсызлыкка	18
уңышсызлыклар	5
уңышы	8
уңышына	3
уһ	43
уһһ	3
фабрика	3
фабрикага	4
фабрикада	5
фабриканы	4
фадил	7
фазалауны	4
файда	80
файдага	15
файдалана	22
файдаланалар	3
файдаланам	4
файдалану	4
файдаланыгыз	7
файдаланыла	4
файдаланылмаган	3
файдаланып	3
файдаланырга	18
файдалы	99
файдалымы	3
файдалырак	3
файдасы	26
файдасыз	66
файдасын	4
файдасына	4
файл	6
файллар	4
файлларны	5
файлларын	4
файлны	7
факс	4
факт	6
фактлар	4
фактларны	3
фамилия	8
фамилиям	4
фамилиясе	12
фамилиясен	11
фанатик	6
фани	9
фантазия	3
фантастик	12
фантастика	4
фарадай	3
фарадейны	3
фараз	14
фаразлады	4
фаразларга	8
фаразлары	3
фаразлау	8
фаразлый	7
фарсы	8
фасылга	3
фасылы	9
фатир	22
фатирга	4
фатирда	15
фатирдан	3
фатирны	6
фатирым	3
фатирымнан	3
фатирына	6
фатирында	9
фатих	3
фатиха	8
фахишә	15
фахишәләр	4
фаш	14
фаҗига	7
фаҗигале	9
фбр	4
февраль	4
федераллар	6
федераль	13
федератив	3
федор	4
феникс	3
феннек	4
ферма	6
фермада	4
фермасында	3
фермер	5
фермерлар	3
фестиваль	6
фетнә	6
фигыль	9
фигыльләр	4
фида	6
физик	35
физика	16
физикасы	3
фикер	82
фикергә	8
фикердә	8
фикере	12
фикерегез	6
фикерегезне	5
фикерем	12
фикеремне	16
фикерен	17
фикеренчә	10
фикеренә	6
фикерең	13
фикереңне	7
фикерләр	12
фикерләрегезне	4
фикерләрен	4
фикерләреңне	4
фикерләрне	3
фикерләү	11
фикерне	9
фил	34
филадельфия	3
филипп	3
филләр	5
филтә	3
фильм	57
фильмда	5
фильмнар	16
фильмнарда	3
фильмнарны	4
фильмнарын	4
фильмны	27
фильмы	9
фильмын	7
фильмында	4
фин	13
финал	5
финалга	3
финанс	12
финанслар	3
финанслау	6
финиш	3
финляндия	3
финляндиядә	3
фиркасе	3
фирма	5
фирмада	4
флинт	4
флирт	4
флэшмоб	3
фон	5
фонарь	6
фонд	3
фонды	7
форма	4
формага	4
формада	7
формаль	3
формальлек	3
формасы	8
формасын	5
формасында	5
формула	5
формулага	3
форпост	3
форсат	5
фортис	3
фото	26
фотоаппарат	4
фотоаппаратны	4
фотога	26
фотограф	4
фотография	6
фотографиядә	3
фотографияне	7
фотографиясен	5
фотографчы	3
фотода	3
фотолар	16
фотоларны	5
фотолары	6
фотоларын	5
фотоны	4
фоторәсемне	3
фотосурәт	3
фотосурәтләр	4
фотосы	10
фотосын	3
фотоңны	3
фрайны	4
франциско	5
франция	6
француз	179
французлар	10
французмы	3
французча	104
фрейзер	3
фрейхт	3
фу	19
фудзи	4
функциясе	3
фунт	12
фуны	5
фуның	3
фургон	3
фургонны	6
фут	7
футбол	67
футболка	3
футболкаңны	5
футболны	3
футболчы	7
футурама	5
фьюрига	3
фюзеляж	4
фюзеляжны	3
фәкать	7
фәкыйрь	4
фәкыйрьләр	3
фәлсәфи	5
фәлсәфә	6
фәлсәфәче	12
фән	49
фәнгә	3
фәндә	3
фәне	3
фәненең	4
фәннең	4
фәнни	44
фәннәрне	4
фәрештә	25
фәрештәләр	4
фәрештәм	3
фәрештәсе	4
фәхеш	3
фәхешханә	5
х	3
ха	12
хаддад	3
хайван	66
хайванга	4
хайваннар	52
хайваннардан	4
хайваннарны	14
хайваннарның	3
хайваннары	7
хайванны	10
хайваны	10
хак	21
хаким	14
хакимият	30
хакимияте	7
хакимиятенең	3
хакимияткә	5
хакимиятне	3
хакимиятнең	4
хакимияттән	3
хакимлек	7
хакимлеккә	3
хакка	10
хаклы	234
хаклыдыр	9
хаклык	4
хаклымы	5
хакта	342
хакы	40
хакыгыз	12
хакыйкать	29
хакыйкатьне	7
хакыйкатьнең	3
хакыйкатьтән	3
хакыйкый	4
хакым	8
хакын	9
хакына	48
хакында	24
хакың	15
халатта	3
халкы	48
халкыбызның	3
халкым	8
халкын	7
халкына	7
халкында	3
халкының	27
халкыңа	5
халык	218
халыкара	52
халыкка	21
халыклар	21
халыкларга	4
халыкларны	4
халыкларның	13
халыклары	9
халыкларын	4
халыкны	20
халыкның	23
халыкта	11
халыктан	6
халәт	3
халәте	9
халәтен	3
халәттә	4
хан	26
ханлыгы	14
ханлыгында	3
ханлыгының	4
хансо	3
ханука	3
ханы	6
ханым	145
ханымга	6
ханымнар	42
ханымны	12
ханымның	7
ханымы	9
хаос	13
хаоска	3
харап	18
харитадан	4
харпер	5
хас	12
хастаханә	14
хастаханәгә	45
хастаханәдә	40
хастаханәдән	12
хастаханәсе	14
хастаханәсендә	6
хат	108
хата	136
хатадан	3
хаталар	36
хаталарны	11
хаталарын	7
хаталы	4
хатам	4
хатамны	4
хатаны	16
хатасы	8
хатасыз	7
хатасын	3
хатаң	4
хатаңны	3
хатирәләр	9
хатка	9
хатлар	21
хатларны	6
хатлары	5
хатны	36
хаты	14
хатын	261
хатына	3
хатынга	17
хатында	3
хатыннан	3
хатыннар	15
хатыннары	4
хатынны	15
хатынның	11
хатыны	73
хатыныгыз	19
хатыныгызга	4
хатыным	61
хатыныма	8
хатынымнан	3
хатынымны	13
хатынымның	10
хатынын	15
хатынына	9
хатыныннан	5
хатынының	5
хатының	33
хатыныңа	7
хатыныңны	14
хатыңны	5
хафаланма	4
хач	6
хаҗәте	6
хезмәт	169
хезмәте	14
хезмәтегезгә	3
хезмәтен	4
хезмәтендә	4
хезмәтеннән	3
хезмәтенә	8
хезмәткәр	8
хезмәткәре	20
хезмәткәрләр	10
хезмәткәрләре	12
хезмәткәрләрен	3
хезмәткәрләренең	3
хезмәткәрне	3
хезмәтләр	3
хезмәтләре	5
хезмәттә	4
хезмәттән	6
хезмәттәш	3
хезмәттәшем	4
хезмәттәшлек	26
хезмәттәшләр	4
хезмәттәшләрем	6
хезмәтче	7
хезмәтчеләр	3
хезмәтчесе	4
хей	3
хиббс	3
хизертон	3
хикмәт	8
хикәя	30
хикәяләр	13
хикәяне	9
хикәясе	3
хикәясен	3
хиллдейл	3
химик	16
химия	8
хин	3
хирург	14
хирургия	13
хирургы	3
хис	182
хисабы	3
хисабына	5
хисап	25
хисапка	4
хисаплар	4
хисапларны	4
хисапны	12
хисе	37
хисен	8
хисләр	21
хисләре	5
хисләремне	4
хисләрен	10
хисләрең	3
хисләреңне	5
хисләрне	4
хисне	3
хитроу	3
хлороформ	3
хм	13
хмм	10
хобби	5
ходайларга	4
ходайларның	3
ходайның	5
ходам	13
хозурында	3
хокук	23
хокуклар	8
хокуклардан	3
хокукларны	3
хокуклары	6
хокукларымны	3
хокукларын	11
хокуклы	19
хокукы	25
хокукыгыз	4
хокукый	6
хокукым	3
хокукымны	3
хокукын	6
хокукына	3
холкы	17
холкын	4
холык	10
холыклы	6
хорда	3
хорос	4
хосе	3
хоу	3
христиан	6
христианнар	3
ху	3
хуан	4
хулиган	4
хулиганлык	6
хуплавы	3
хуплаган	3
хуплады	7
хупламый	3
хуплап	3
хупларга	3
хуплау	3
хуплый	4
хуплыйм	6
хур	9
хурлык	16
хурлыклы	7
хуш	99
хушбуйга	3
хушлашыр	3
хушлашырга	9
хушыгыз	10
хуҗа	79
хуҗабикә	6
хуҗалыгы	5
хуҗалык	13
хуҗалыкка	3
хуҗалыкны	3
хуҗам	8
хуҗаның	3
хуҗасы	43
хуҗасыз	5
хуҗасын	9
хуҗасына	7
хуҗасының	6
хыял	28
хыялдан	3
хыяллан	4
хыяллана	15
хыялланам	10
хыялланган	7
хыялландым	7
хыялланмаган	4
хыялланып	4
хыялланырга	4
хыяллар	4
хыялларда	3
хыяллары	5
хыялларым	3
хыялларын	4
хыялларың	3
хыялы	9
хыялым	20
хыялымдагы	3
хыялын	4
хыянәт	35
хыянәтне	3
хыянәтче	11
хьюстон	7
хәбәр	218
хәбәрдар	9
хәбәрдән	4
хәбәре	4
хәбәрем	11
хәбәрләр	23
хәбәрләрне	3
хәбәрне	26
хәбәрсез	4
хәбәрче	3
хәвеф	6
хәер	56
хәерле	110
хәерлерәк	18
хәерче	10
хәерчелек	5
хәзер	2327
хәзерге	105
хәзергә	13
хәзердән	3
хәзерме	5
хәзинә	9
хәзинәне	4
хәзинәсе	5
хәй	5
хәйдәр	10
хәйлә	21
хәйләкәр	21
хәйләкәррәк	3
хәйран	3
хәйрия	9
хәким	7
хәл	557
хәлгә	31
хәлдә	76
хәлдән	17
хәле	36
хәлегез	4
хәлем	7
хәлемне	4
хәлен	9
хәлендә	11
хәленә	6
хәлең	14
хәлеңне	8
хәлиткеч	8
хәлләр	92
хәлләргә	4
хәлләрдә	7
хәлләре	9
хәлләрегез	11
хәлләрен	6
хәлләрең	17
хәлләрне	3
хәлме	3
хәлне	35
хәлнең	13
хәлсез	5
хәләл	4
хәмер	12
хәнҗәр	5
хәнҗәрне	5
хәрби	53
хәрбиләр	3
хәреф	19
хәрефе	3
хәрефләр	6
хәрефләре	4
хәрефләрен	3
хәрефтән	3
хәрәкәт	50
хәрәкәте	13
хәрәкәткә	3
хәрәкәтләнергә	3
хәрәкәтләнә	4
хәрәкәтләрдә	3
хәрәкәтсез	6
хәтер	16
хәтере	14
хәтерем	3
хәтеремдә	6
хәтеремә	3
хәтерен	10
хәтерендә	7
хәтерли	14
хәтерлибез	3
хәтерлим	97
хәтерлисез	3
хәтерлисезме	34
хәтерлисең	12
хәтерлисеңме	71
хәтерләми	7
хәтерләмим	70
хәтерләмисең	5
хәтерләмисеңме	7
хәтерләр	6
хәтерләтмиме	5
хәтерләтә	19
хәтерләтәсең	4
хәтерне	5
хәтле	15
хәтта	290
хәттин	3
хәттә	6
хәтфә	9
хәтәр	9
хәшәрәт	3
хөкем	80
хөкемгә	13
хөкемдар	6
хөкемдары	3
хөкеме	3
хөкеменә	4
хөкемнән	3
хөкүмәт	20
хөкүмәте	7
хөкүмәтеннән	3
хөкүмәтнең	3
хөрмәт	161
хөрмәте	4
хөрмәтенә	15
хөрмәткә	5
хөрмәтле	31
хөррият	3
хөрти	5
цент	6
цивилизация	6
цивилизацияле	4
ципья	3
циркта	3
цунами	3
чаб	3
чаба	25
чабак	3
чабам	3
чабарга	5
чабата	3
чабатасын	3
чабу	4
чабып	10
чабышкы	5
чабышы	3
чабышып	3
чагыла	8
чагылыш	6
чагылышы	6
чагымда	13
чагында	36
чагындагы	4
чагыштырганда	15
чагыштыргысыз	5
чагыштырма	4
чагыштырмача	9
чагыштырып	5
чагыштырырга	4
чагыштырырлык	5
чагыңда	5
чайкады	3
чайкала	5
чак	70
чаклар	3
чакларда	3
чаклы	25
чакра	4
чакрым	77
чакрымга	7
чакрымда	10
чакрымнан	5
чакрымы	3
чакта	159
чактан	4
чакыр	28
чакыра	31
чакырабыз	3
чакыралар	6
чакырам	26
чакырасың	4
чакырасыңмы	3
чакырган	12
чакырганын	3
чакырды	23
чакырдыгыз	5
чакырдыгызмы	5
чакырдылар	15
чакырдым	20
чакырдың	6
чакырдыңмы	4
чакырмаган	3
чакырмадылар	7
чакырмас	3
чакырт	4
чакырта	6
чакыртам	8
чакыртыгыз	10
чакыртып	3
чакыртырга	7
чакыру	14
чакыруга	3
чакыруны	3
чакыруын	5
чакырыгыз	22
чакырыйк	5
чакырыла	3
чакырылган	6
чакырылмаган	9
чакырып	10
чакырырга	30
чакырырмын	3
чал	9
чалбар	10
чалбарымны	3
чалбарыңны	3
чалгы	5
чалкан	4
чаллыдан	3
чалт	5
чама	5
чамалап	4
чамаларга	3
чамалый	6
чамасы	22
чамасыз	4
чана	6
чао	4
чап	7
чапкан	6
чапканда	3
чапма	3
чапмый	3
чапты	6
чаптым	4
чар	4
чара	30
чаралар	14
чараларны	5
чаралары	6
чараларын	12
чараларына	3
чарам	4
чарасы	29
чат	3
чатный	3
чатта	6
чаты	3
чатында	4
чатыр	8
чатырга	7
чатырда	7
чатырлар	6
чатырларны	3
чатырны	3
чатырында	5
чаян	4
чаң	6
чаңгы	7
чаңгыда	14
чаңы	3
чебен	20
чебеннәр	8
чебеш	5
чебеше	5
чебешләрне	5
чеби	6
чегән	5
чек	8
челләдә	3
челтәр	7
челтәргә	4
челтәрдә	4
челтәре	7
челтәрләр	7
челтәрләрдә	4
челән	8
чемодан	12
чемоданда	4
чемоданны	11
чемоданымны	4
чемоданын	5
чемпион	3
чемпионы	3
чер	3
чергән	5
черегән	6
черек	9
черем	5
череп	6
чери	7
черкиләр	4
чех	10
чи	25
чибын	3
чибәр	69
чибәрем	5
чибәркәем	3
чибәркәй	5
чибәррәк	3
чиге	12
чиген	7
чигендә	6
чигенергә	3
чигенә	3
чигүче	5
чигә	7
чизбургер	6
чизбургерлар	7
чик	24
чиккә	6
чикле	10
чикләвеге	9
чикләвек	17
чикләвекләр	6
чикләвекләрне	3
чикләвекне	6
чикләнгән	16
чикләнергә	4
чикләр	5
чикләргә	5
чикләре	10
чикләрне	4
чикләүләр	3
чикне	12
чиксез	48
чиксезле	5
чиксезлек	14
чиктә	41
чиктән	14
чиктәш	5
чили	4
чиләк	15
чиләккә	3
чиләкләп	3
чиләктә	3
чиләктән	5
чимал	4
чип	9
чиплары	4
чипны	3
чипсы	3
чир	27
чират	29
чиратка	4
чиратлап	4
чиратлашып	4
чиратта	18
чираттагы	30
чираты	3
чиратыңны	3
чирдә	3
чирдән	3
чире	15
чирек	10
чирен	4
чиркәү	29
чиркәүгә	10
чиркәүдә	7
чирле	22
чирли	15
чирләде	12
чирләдем	4
чирләп	9
чирләр	4
чирләрне	3
чирне	3
чиртеп	3
чирәм	8
чиста	82
чисталык	6
чисталыкны	5
чистамы	6
чистарт	8
чистарта	10
чистартабыз	3
чистартам	8
чистарткан	3
чистартты	4
чистарту	21
чистартыгыз	4
чистартылган	3
чистартып	7
чистартырга	19
чит	159
читен	5
читендә	10
читендәге	5
читенә	3
читкә	52
читкәрәк	7
читлек	8
читлеккә	10
читлекне	4
читлектә	22
читлектән	3
читләтеп	5
читләшү	3
читтә	30
читтәге	5
читтән	9
читтәрәк	3
читән	3
чиш	3
чишелде	4
чишелеш	11
чишелеше	8
чишелешне	4
чишен	3
чишенегез	3
чишенү	3
чишенә	3
чишеп	3
чишмә	5
чишмәләр	3
чиште	3
чишү	6
чишә	16
чишәргә	13
чия	10
чокып	3
чокыр	36
чокырга	13
чокырда	5
чокырны	6
чокыры	6
чолан	3
чоланда	7
чолгап	16
чонтык	3
чор	8
чорда	7
чорның	4
чоры	20
чорын	5
чорына	3
чорында	10
чорының	4
что	12
чтобы	3
чуан	5
чукрак	9
чукымас	4
чукындыру	3
чукындырырга	4
чум	4
чума	12
чумабыз	3
чумарга	10
чумган	6
чумды	5
чумдым	3
чумып	4
чуртан	4
чучка	7
чыбык	20
чыбыкка	3
чыбыклар	6
чыбыкларны	3
чыбыкны	18
чыбыркы	3
чыга	219
чыгабыз	18
чыгалар	5
чыгам	35
чыгамы	10
чыганагы	34
чыганагын	16
чыганагына	3
чыганак	11
чыганакка	9
чыганаклар	6
чыганакларга	3
чыганаклардан	3
чыганактан	3
чыгар	102
чыгара	81
чыгарабыз	6
чыгаралар	8
чыгарам	26
чыгарасы	4
чыгарасың	5
чыгарачак	3
чыгарачакбыз	4
чыгарачакмын	3
чыгарбыз	7
чыгарга	107
чыгарган	34
чыгарганнар	5
чыгаргач	6
чыгарды	61
чыгардыгыз	3
чыгардык	3
чыгардылар	18
чыгардым	35
чыгардымы	3
чыгардың	15
чыгардыңмы	3
чыгарма	12
чыгармадылар	3
чыгармадым	5
чыгармый	5
чыгармын	6
чыгарсаң	3
чыгарсың	6
чыгару	32
чыгаручы	4
чыгарыгыз	22
чыгарылган	14
чыгарылды	5
чыгарылыш	6
чыгарылышы	3
чыгарып	36
чыгарыр	9
чыгарырбыз	6
чыгарырга	63
чыгарырмын	4
чыгарырсың	4
чыгасы	3
чыгасыз	6
чыгасым	4
чыгасың	4
чыгасыңмы	3
чыгачак	68
чыгачакбыз	9
чыгачакмы	5
чыгачаксың	4
чыгу	72
чыгуга	5
чыгуның	4
чыгуы	13
чыгуымны	4
чыгуын	8
чыгуына	3
чыгыгыз	35
чыгыйк	6
чыгымнар	6
чыгымнарны	3
чыгымнары	4
чыгымнарын	7
чыгып	144
чыгыр	4
чыгырымнан	3
чыгырыннан	3
чыгыш	32
чыгышы	7
чыгышын	8
чыгышында	3
чыгышың	4
чыдам	9
чыдамлырак	3
чыдап	4
чыдар	3
чык	76
чыккан	114
чыкканда	23
чыккандыр	7
чыкканнан	4
чыкканчы	12
чыкканымны	3
чыкканын	13
чыккач	32
чыкма	9
чыкмаган	8
чыкмагыз	3
чыкмады	46
чыкмадым	7
чыкмас	32
чыкмаса	19
чыкмасаң	5
чыкмасын	5
чыкмаячак	9
чыкмый	32
чыкмыйм	7
чыкмыйсың	4
чыкмыйчак	22
чыкса	35
чыксагыз	3
чыксам	4
чыксаң	7
чыксын	6
чыкты	343
чыктыгыз	7
чыктык	18
чыктылар	10
чыктым	67
чыктымы	7
чыктың	29
чыктыңмы	3
чыланган	5
чыланды	3
чылбыр	3
чылбырлы	5
чылбырны	8
чылбыры	4
чымырдый	3
чын	384
чынаяк	34
чынаякка	3
чынаяктан	4
чынбарлык	45
чынбарлыкка	13
чынбарлыкны	21
чынбарлыкта	25
чынбарлыктан	9
чынга	26
чынлап	181
чынлапмы	37
чынлыкта	156
чынмы	18
чыннан	434
чыныга	3
чыныккан	3
чыпчык	22
чыпчыкка	4
чырае	5
чыраен	10
чырай	5
чырайсыз	3
чыршы	6
чыҗлый	3
чыңлау	5
чыңлый	5
чү	3
чүкеч	28
чүкечемне	3
чүкечең	3
чүкечеңне	3
чүкечне	9
чүкечсез	3
чүл	14
чүлдә	11
чүлмәге	3
чүлмәк	5
чүлнең	3
чүмеч	4
чүмәлә	5
чүп	51
чүпкә	3
чүплегендә	3
чүплек	4
чүплеккә	5
чүплектә	5
чүпләп	3
чүпләр	4
чүпне	7
чүпрәк	7
чүпрәкләр	3
чәй	83
чәйгә	11
чәйне	4
чәйнек	3
чәйни	4
чәк	3
чәлдердем	3
чәнечке	11
чәнечкеле	10
чәнечкеләре	4
чәршәмбе	12
чәч	31
чәче	8
чәчемне	9
чәчен	13
чәчеп	4
чәчең	3
чәчеңне	6
чәчле	33
чәчләр	8
чәчләре	20
чәчләрем	6
чәчләремне	6
чәчләремә	3
чәчләрен	4
чәчләрең	5
чәчләреңне	5
чәчләрне	4
чәчсәң	5
чәчтараш	3
чәчтем	3
чәчәге	9
чәчәген	4
чәчәк	91
чәчәкләр	50
чәчәкләргә	7
чәчәкләре	4
чәчәкләрне	7
чәчәкне	9
чәчәкнең	3
чәчәктә	3
чөгендер	3
чөнки	1037
ш	4
шагыйре	3
шагыйрь	16
шагыйрьләр	3
шагыйрә	3
шазам	6
шайтан	341
шайтанга	11
шайтаннар	4
шайтанны	5
шайтаныма	13
шаккаткан	4
шаккатты	5
шаккаттым	8
шаккатып	3
шаккатыргыч	4
шаккатырды	3
шактый	119
шакшы	4
шакыган	3
шакыды	4
шакылдый	3
шакып	5
шалкан	14
шалканбаш	10
шалтырады	5
шалтырат	53
шалтырата	36
шалтыраталар	11
шалтыратам	30
шалтыратасы	5
шалтыратасызмы	3
шалтыратасым	3
шалтыратасың	5
шалтыратачагын	3
шалтыраткан	16
шалтыратканда	9
шалтыратма	7
шалтыратмагыз	4
шалтыратмады	6
шалтыратмадым	5
шалтыратмадың	4
шалтыратса	5
шалтыратсын	3
шалтыратты	33
шалтыраттыгыз	3
шалтыраттыгызмы	3
шалтыраттылар	6
шалтыраттым	22
шалтыраттың	5
шалтыраттыңмы	4
шалтырату	25
шалтыратуга	4
шалтыратудан	3
шалтыратуларга	3
шалтыратуымны	3
шалтыратыгыз	29
шалтыратып	22
шалтыратыр	7
шалтыратырга	56
шалтыратырмын	41
шалтыратырсыз	5
шалтыратырсың	4
шалтырау	3
шалтырый	13
шамакай	8
шамакайлар	3
шамил	4
шампан	6
шампунь	4
шанлы	5
шанс	7
шапшак	4
шапылдатып	5
шар	14
шарга	5
шаркылдап	4
шарлавыгы	4
шарлавык	5
шарлатан	3
шарны	5
шарт	7
шартлаган	9
шартлаганда	3
шартлагач	4
шартлагыч	3
шартлады	23
шартламас	4
шартлап	4
шартлар	15
шартларга	5
шартларда	14
шартларны	6
шартлары	9
шартларын	4
шартларында	4
шартлат	3
шартлата	7
шартлатабыз	4
шартлатачак	3
шартлаткан	6
шартлаткыч	12
шартлаткычны	5
шартлатты	3
шартлаттык	3
шартлаттым	4
шартлату	12
шартлатып	7
шартлатырга	37
шартлау	40
шартлауга	6
шартлаудан	7
шартлауны	3
шартлы	7
шартлый	10
шартлыйчак	3
шарты	4
шары	11
шарына	4
шат	182
шатбыз	6
шатлаган	3
шатлан	6
шатлана	7
шатланам	3
шатланасың	5
шатланды	7
шатландыра	6
шатландырды	4
шатланып	21
шатланыр	4
шатланырга	5
шатлыгын	3
шатлык	22
шатлыктан	3
шатмы	5
шатмын	191
шау	25
шаукым	5
шаулап	3
шаулый	6
шахмат	28
шахматны	4
шахматта	4
шашка	9
шашкан	25
шашкансың	3
шаштым	3
шашу	4
шашып	8
шаян	7
шаярасың	3
шаярта	11
шаяртам	13
шаяртасызмы	7
шаяртасың	11
шаяртасыңмы	9
шаяртмыйм	4
шаярттым	6
шаярту	29
шаяртуны	4
шаяртып	7
шаяртырга	3
шаяру	10
шаярып	3
шаһ	13
шаһзадә	14
шаһит	24
шаһитлар	8
шаһиты	3
шаһны	3
швабра	4
швед	7
шведлар	6
швеция	4
швециядә	3
шеймус	4
шекспирның	3
шелтә	4
шелтәләде	3
шенон	3
шериф	13
шерлок	4
шеф	7
шеш	47
шеше	15
шешенгән	3
шешкә	3
шешне	7
шешә	25
шешәгә	3
шешәдә	3
шешәдән	5
шешәне	9
шешәсе	5
шешәсен	4
шигаре	3
шигем	5
шигъри	5
шигърият	5
шигърияте	3
шигырь	12
шигырьләр	6
шигырьләрен	4
шигырьне	4
шик	16
шикаять	11
шикелле	250
шикле	33
шикләндем	3
шикләнелүче	4
шикләнеп	3
шикләнергә	6
шикләнмим	6
шикләнмисеңме	5
шикләнмичә	3
шикләнмәде	5
шикләнмәдем	4
шикләнүче	7
шикләнә	8
шикләнәм	30
шикләр	3
шикләрем	5
шиксез	4
шикәр	31
шикәрме	3
шикәрсез	14
шимбә	44
шимбәдән	3
шина	4
ширбәт	11
ширкәт	7
ширкәте	7
ширкәтне	4
шифасы	3
шифаханәдә	3
шкаф	7
шкафка	5
шкафта	7
шок	15
шоколад	39
шоколадлы	9
шоколадны	8
шома	7
шомырт	3
шоссе	3
шотландия	8
шотландиядә	3
шоңкар	4
шпак	3
шприц	3
штаб	4
штат	3
штатларга	6
штаты	10
штатында	3
штраф	10
шу	11
шуа	6
шуарга	10
шуган	4
шул	542
шулай	1491
шулайдыр	9
шулаймы	143
шулайрак	23
шулар	5
шулардан	3
шуларның	5
шулкадәр	184
шулпа	6
шулпасы	4
шулхәтле	8
шунда	270
шундадыр	3
шундамы	6
шундук	65
шундый	575
шундыйлар	3
шундыйлардан	3
шундыйны	6
шундыйрак	10
шуннан	88
шуны	142
шунысы	8
шуның	76
шурасы	4
шуу	4
шушы	42
шушылай	4
шушында	3
шуып	5
шуыша	3
шуышасың	3
шуышып	7
шуңа	856
шыбырдап	3
шыгрым	4
шыгырдады	3
шыгырдап	4
шыгырдау	3
шыгырдый	5
шыксыз	6
шымчы	46
шымчылык	10
шымчысы	5
шыпырт	6
шыр	3
шырпы	11
шыңшына	4
шүрәле	4
шәбрәк	6
шәкеле	4
шәкерт	7
шәкерте	3
шәкертләр	4
шәкертләре	3
шәл	3
шәм	11
шәмне	4
шәмнәр	5
шәмәхә	5
шәп	283
шәпме	3
шәраб	80
шәрабне	4
шәрабны	7
шәрабта	3
шәрабтан	3
шәрабы	3
шәрех	4
шәрехләнә	3
шәрехләргә	3
шәрә	19
шәт	6
шәфкать	30
шәфкатьле	9
шәфкатьлек	8
шәфкатьсез	4
шәфталу	3
шәхес	12
шәхесем	3
шәхесенең	3
шәхси	111
шәхсилек	3
шәхсән	30
шәһәр	140
шәһәргә	41
шәһәрдә	62
шәһәрдәге	5
шәһәрдән	24
шәһәре	28
шәһәребездә	3
шәһәрем	4
шәһәрен	4
шәһәрендә	18
шәһәренең	6
шәһәреннән	3
шәһәрләр	7
шәһәрләрдә	3
шәһәрне	44
шәһәрнең	18
шөгелләнгән	4
шөгелләнә	3
шөгелләнәсез	3
шөгыле	4
шөгыль	4
шөгыльләнгән	4
шөгыльләнер	3
шөгыльләнергә	28
шөгыльләнүне	3
шөгыльләнә	23
шөгыльләнәм	11
шөгыльләнәсез	3
шөгыльләнәсең	4
шөкер	54
шөпшә	4
шөреп	5
ы	5
ыгы	3
ызгыш	3
ыргак	5
ыргыта	5
ыргыткан	3
ыргытты	9
ыргыту	4
ыргытыгыз	4
ырылдау	5
ырылдый	5
ысул	25
ысуллар	4
ысуллары	3
ысулларын	5
ысулны	3
ысулы	28
ысулын	13
ычкын	12
ычкынган	5
ычкынды	3
ычкындыр	3
ычкындырырга	3
ышан	76
ышана	161
ышанабыз	20
ышаналар	7
ышанам	371
ышанамы	3
ышанасы	6
ышанасыз	6
ышанасызмы	29
ышанасым	9
ышанасың	10
ышанасыңмы	74
ышаначак	4
ышанган	32
ышанды	17
ышандым	22
ышандыра	21
ышандырам	4
ышандырды	7
ышандырдылар	4
ышандырдың	3
ышандыру	8
ышандырып	5
ышандырырга	24
ышандырырлык	4
ышандың	6
ышандыңмы	3
ышанма	25
ышанмавын	4
ышанмаган	5
ышанмагыз	4
ышанмады	7
ышанмадык	3
ышанмадылар	5
ышанмадым	14
ышанмадың	5
ышанмам	4
ышанмас	11
ышанмасагыз	3
ышанмасаң	14
ышанмаска	4
ышанмаслык	16
ышанмассыз	5
ышанмассың	6
ышанмау	7
ышанмый	26
ышанмыйбыз	3
ышанмыйлар	3
ышанмыйм	78
ышанмыйсыз	3
ышанмыйсызмы	5
ышанмыйсың	20
ышанмыйсыңмы	7
ышанмыйчак	3
ышанса	5
ышансаң	6
ышану	29
ышанудан	6
ышанучан	6
ышанучы	4
ышанучылар	4
ышануы	4
ышануым	3
ышануың	8
ышануыңны	3
ышаныгыз	26
ышанып	58
ышаныр	11
ышанырга	94
ышаныргамы	3
ышанырлык	6
ышанырмын	3
ышанырсыз	3
ышаныч	26
ышанычка	3
ышанычлы	52
ышанычны	6
ышанычсыз	4
ышанычы	3
ышанычын	8
ышкылу	3
ыштан	5
ыштансыз	3
ышык	5
ыңгырашу	4
э	5
эвакуация	5
эвакуацияләргә	3
эволюцион	3
эволюция	8
эволюциягә	3
эго	3
эгоист	11
эдвард	11
эдвин	3
эдитны	3
эдуард	5
эз	34
эзе	17
эзен	9
эзенә	3
эзли	75
эзлибез	20
эзлик	4
эзлиләр	11
эзлим	67
эзлисез	13
эзлисезме	13
эзлисең	16
эзлисеңме	12
эзлә	20
эзләгез	10
эзләгән	45
эзләгәндә	5
эзләгәнемне	5
эзләгәнен	4
эзләгәнеңне	4
эзләгәнне	10
эзләде	12
эзләдегезме	5
эзләдек	11
эзләдем	42
эзләдең	4
эзләми	5
эзләмим	4
эзләмә	5
эзләмәгез	3
эзләнә	4
эзләп	78
эзләр	21
эзләргә	68
эзләре	26
эзләрен	9
эзләрне	3
эзләсәгез	5
эзләячәкбез	4
эзләү	33
эзләүдән	6
эзләүче	8
эзне	4
эзтабар	5
эзәрлекли	8
эзәрлекләү	3
эзәрли	3
эй	22
эйри	4
эйтри	5
экзотик	4
экипаж	14
экипажга	4
экипажы	7
экологик	3
экран	4
экранда	6
эксклюзив	3
экскурсия	8
экспресс	7
эл	13
элгечкә	3
элгечләр	3
элгәре	4
элдем	4
элегант	3
элегез	3
элегрәк	33
элек	527
элекке	44
элеккеге	38
элеккегә	5
элеккечә	49
электр	53
электрлы	3
электрны	6
электромагнит	18
электромагнитизм	4
электрон	27
электрчы	5
элемент	4
элемтә	50
элемтәгә	84
элемтәдә	14
элемтәне	18
элемтәсе	5
элемтәче	3
эленгән	4
эленеп	9
элеп	13
элитасы	4
элронд	4
эль	3
эләгеп	6
эләгергә	20
эләгү	20
эләгә	24
эләгәчәк	7
эләгәчәксез	3
эләгәчәксең	4
эләккән	36
эләккәндер	3
эләккәнен	6
эләккәнеңне	4
эләккәннән	4
эләккәнче	4
эләккәч	14
эләкмәс	5
эләксә	8
эләкте	35
эләктегез	15
эләктек	27
эләктем	36
эләктерегез	7
эләктереп	9
эләктерергә	4
эләктең	25
эләктеңме	6
эмоциональ	7
энди	3
энекәш	31
энекәшем	5
энем	21
энемне	4
энемә	3
энергетик	3
энергия	64
энергияне	18
энергиясе	13
энесе	15
энесен	4
энрике	4
энтузиазм	3
энциклопедия	3
энҗе	21
энә	16
эпицентр	3
эргәзембай	3
эре	18
эрегән	3
эреде	4
эремчек	3
эреп	13
эретә	3
эри	9
эрнст	3
эротик	3
эскәмиядә	5
эсперанто	28
эсперантода	6
эсперантоны	4
эспрессо	4
эссам	8
эссе	60
эсседә	4
эсседән	3
эссекс	3
эсселек	7
эсселекне	4
эстон	3
эт	298
эте	29
этебез	3
этегез	4
этем	30
этемне	5
этен	10
этенә	3
этеп	12
этең	8
этеңне	6
эткә	20
этләр	21
этләргә	6
этләрдән	6
этләре	4
этләрне	13
этләрнең	3
этне	42
этнең	13
этник	3
это	7
эттән	7
этәбез	4
этәргеч	27
этәргече	5
этәргечләр	11
этәргечләрне	6
этәргечне	7
этәргә	7
этәрә	6
эфир	7
эфирга	3
эфирда	9
эх	9
эч	56
эче	15
эчегез	16
эчем	8
эчемдә	4
эчемлеге	4
эчемлек	20
эчемлекләр	10
эчемлекне	4
эчен	3
эчендә	176
эчендәге	10
эченнән	10
эченә	30
эчеп	43
эчең	3
эчик	12
эчке	36
эчкерсез	8
эчкече	6
эчкечелек	3
эчкә	58
эчкән	19
эчкәндә	5
эчкәннән	3
эчкәч	3
эчми	11
эчмим	21
эчмә	9
эчмәгез	6
эчмәде	4
эчмәдем	4
эчмәскә	3
эчмәсәң	3
эчсәң	4
эчте	20
эчтек	4
эчтем	19
эчтең	9
эчтеңме	4
эчтә	47
эчтәлеге	7
эчтәлеген	3
эчтәлек	4
эчтән	18
эчү	7
эчүдән	6
эчүне	3
эчүче	3
эчә	42
эчәбез	11
эчәк	5
эчәләр	11
эчәм	22
эчәр	8
эчәрбез	9
эчәргә	93
эчәсе	4
эчәсегез	6
эчәсез	6
эчәсезме	5
эчәсем	5
эчәсең	23
эчәсеңме	16
эш	739
эше	135
эшебез	15
эшегез	19
эшегездә	3
эшегезне	5
эшем	81
эшемне	28
эшемнән	6
эшемә	5
эшен	76
эшендә	14
эшенең	7
эшеннән	12
эшенә	20
эшең	48
эшеңдә	4
эшеңме	3
эшеңне	30
эшеңә	5
эшкә	215
эшкәртелгән	3
эшкәртелә	4
эшкәртергә	4
эшкәрткеч	5
эшкәртү	15
эшкәртә	3
эшлекле	6
эшлеклесе	3
эшли	599
эшлибез	54
эшлик	8
эшлиләр	24
эшлим	155
эшлиме	17
эшлимме	3
эшлисе	9
эшлисез	33
эшлисезме	10
эшлисем	6
эшлисең	74
эшлисеңме	17
эшличәк	11
эшличәкбез	4
эшличәкмен	5
эшличәксең	4
эшлә	91
эшләве	6
эшләвебезне	3
эшләвегезне	5
эшләвемне	7
эшләвен	31
эшләвенә	4
эшләвең	6
эшләвеңне	10
эшләгез	33
эшләгән	145
эшләгәндер	3
эшләгәндә	14
эшләгәне	6
эшләгәнебезне	5
эшләгәнегезне	13
эшләгәнем	3
эшләгәнемне	25
эшләгәнен	46
эшләгәненә	4
эшләгәнең	6
эшләгәнеңне	27
эшләгәнне	8
эшләгәннән	11
эшләгәннәр	10
эшләгәннәрен	7
эшләгәннәрең	5
эшләгәнсез	5
эшләгәнсең	9
эшләгәнче	3
эшләгәч	5
эшләде	119
эшләдегез	21
эшләдегезме	8
эшләдек	37
эшләделәр	6
эшләдем	122
эшләдеме	3
эшләдемме	3
эшләдең	56
эшләдеңме	13
эшләки	3
эшләми	98
эшләмибез	7
эшләмик	3
эшләмиләр	3
эшләмим	19
эшләмисез	5
эшләмисең	6
эшләмичә	3
эшләмичәксең	3
эшләмә	26
эшләмәвен	5
эшләмәгез	10
эшләмәгән	28
эшләмәгәнен	3
эшләмәгәннәр	3
эшләмәде	19
эшләмәдегез	4
эшләмәдек	7
эшләмәделәр	4
эшләмәдем	40
эшләмәдең	13
эшләмәс	21
эшләмәскә	38
эшләмәсә	7
эшләмәсәк	4
эшләмәсәм	5
эшләмәсәң	15
эшләмәячәк	9
эшләмәячәкбез	4
эшләмәячәкмен	10
эшләмәү	5
эшләнгән	38
эшләнгәнен	6
эшләнде	8
эшләнмә	3
эшләнмәгән	3
эшләнмәләре	4
эшләнүен	3
эшләнә	8
эшләп	105
эшләпә	19
эшләпәмне	5
эшләпәне	4
эшләпәсе	5
эшләпәсен	6
эшләр	137
эшләрбез	17
эшләргә	836
эшләре	43
эшләребез	3
эшләрегез	7
эшләрем	17
эшләрен	16
эшләренең	3
эшләренә	6
эшләрең	8
эшләрләр	4
эшләрмен	29
эшләрне	8
эшләрсең	9
эшләсен	11
эшләсеннәр	4
эшләсә	16
эшләсәгез	7
эшләсәк	15
эшләсәм	18
эшләсәң	29
эшләтеп	13
эшләтергә	5
эшләтү	3
эшләтә	6
эшләячәгемне	4
эшләячәген	7
эшләячәгенә	4
эшләячәгеңне	3
эшләячәк	29
эшләячәкбез	5
эшләячәкмен	27
эшләячәксез	4
эшләячәксең	3
эшләячәксеңме	4
эшләү	77
эшләүгә	4
эшләүдә	3
эшләүдән	5
эшләүне	5
эшләүнең	6
эшләүче	7
эшме	4
эшне	128
эшнең	25
эшсез	30
эшсезлектән	3
эштә	96
эштән	132
эшче	12
эшчеләр	14
эшчеләргә	3
эшчеләре	4
эшчән	4
эшчәнлеге	4
эшчәнлеген	7
эшчәнлек	7
ээ	3
эһ	6
ю	13
юа	9
юам	6
юан	25
юаныч	9
юарга	25
юарсың	3
юатырга	4
юаш	6
югал	74
югала	11
югаласың	4
югалачак	3
югалган	69
югалганнар	5
югалганын	4
югалгач	3
югалды	65
югалдым	3
югалдың	9
югалма	3
югалмый	4
югалса	4
югалта	28
югалтабыз	7
югалтам	6
югалтасың	4
югалтачак	4
югалтачакбыз	5
югалткан	45
югалтканчы	3
югалтканымны	3
югалткач	5
югалтма	5
югалтмадым	3
югалтмадың	4
югалтмам	4
югалтмый	3
югалтмыйча	4
югалтсаң	6
югалтты	49
югалттыгыз	7
югалттык	26
югалттылар	6
югалттым	76
югалттың	24
югалттыңмы	5
югалту	30
югалтуга	3
югалтудан	5
югалтулар	6
югалтыр	7
югалтырга	21
югалтырлык	5
югалтыңмы	3
югалу	5
югалыгыз	11
югалып	11
югалырга	6
югары	129
югарыга	8
югарыда	5
югарыдан	5
югарырак	32
югыйсә	95
югында	21
юджин	4
юды	4
юдым	3
юдыңмы	5
юеш	23
юешләнеп	3
юк	3698
юка	6
юкка	223
юклыгын	15
юклыгына	3
юклык	5
юкмы	235
юкны	4
юкса	46
юктан	3
юктыр	41
юл	448
юлбарыс	14
юлбарысны	4
юлга	64
юлда	69
юлдан	53
юлдаш	8
юлия	3
юллар	47
юлларда	3
юлларны	4
юллары	12
юлларын	5
юлны	54
юлның	10
юлчы	4
юлы	202
юлыбыз	4
юлыктым	4
юлым	8
юлымны	6
юлын	44
юлына	15
юлында	23
юлындагы	3
юлыннан	6
юлының	4
юлың	3
юлыңда	4
юлыңны	6
юләр	92
юләрлек	12
юләрләр	21
юләрне	3
юмарт	24
юмартлык	3
юмор	27
юморы	4
юнона	3
юньле	10
юньләп	4
юньсез	9
юнәлгән	5
юнәлеш	8
юнәлеше	4
юнәлешен	4
юнәлешне	5
юнәлештә	9
юнәлт	6
юнәлтеп	3
юнәлтергә	4
юнәлтү	3
юнәлтүне	3
юнәлтә	4
юнәлтәм	3
юрамасы	6
юрган	23
юри	20
юридик	9
юрий	5
юрист	6
юсаң	3
юу	23
юыгыз	6
юын	4
юына	4
юыну	3
юынырга	7
юып	6
юююк	4
я	239
яба	12
ябалак	18
ябалакка	3
ябалактан	4
ябам	7
ябарга	13
ябаргамы	4
ябу	3
ябыгыз	16
ябыгырга	5
ябык	75
ябыкмы	5
ябыкты	4
ябыла	13
ябылган	13
ябылды	3
ябылып	3
ябып	24
ябыша	8
ябышкак	7
ябышкан	4
ябыштыргыч	3
ябыштырылган	4
ябышып	10
ява	74
явамы	6
явар	9
явачак	7
яву	3
явыз	54
явызлык	17
явызлыкны	6
явызлыкның	3
явызлыктан	8
явым	6
явып	4
ягулык	34
ягулыкны	6
ягъни	99
ягы	37
ягым	5
ягымлы	33
ягымлырак	4
ягын	10
ягына	21
ягында	42
ягыннан	30
ягып	5
ягың	4
ядрә	40
ядрәләр	8
ядрәне	9
яз	104
яза	78
язабыз	5
язалар	3
язам	23
язар	3
язарга	46
язармын	10
язарсың	3
язасыз	6
язасызмы	4
язасың	6
язачакбыз	4
язачаксың	3
язган	114
язганда	4
язганмы	8
язганмыни	3
язганнар	5
язганнарның	3
язгансың	6
язганымны	3
язганын	5
язгы	19
язда	5
язды	33
яздыгызмы	7
яздык	3
яздылар	5
яздым	71
яздыра	8
яздырганда	3
яздырды	4
яздыру	3
яздырып	3
яздырырга	3
яздың	19
яздыңмы	15
язлар	4
язма	47
язмаган	6
язмада	3
язмады	3
язмадым	10
язмалар	13
язмаларны	6
язмалары	10
язмаларыңны	3
язманы	14
язмасы	12
язмасын	4
язмы	3
язмый	4
язмыйсыз	3
язмыш	83
язмышка	5
язмышлар	3
язмышны	9
язмыштан	5
язмышы	15
язмышыбызны	3
язмышым	3
язмышын	6
язмышына	3
язмышың	5
язмышыңны	4
язны	7
язның	4
язсын	3
язу	52
язуны	4
язучы	26
язучысы	9
язуы	9
язуын	8
языгыз	19
языйк	3
языла	10
язылачак	3
язылган	83
язылганны	6
язылганын	5
язылмаган	4
язылмадым	4
язылырга	4
язылышы	3
язын	10
язып	86
языр	4
яисә	38
як	31
яка	3
якан	3
яки	653
якинны	3
якка	89
яккан	3
якла	7
яклавы	3
яклаган	6
яклады	5
якладык	3
якладым	4
якланган	3
яклап	13
яклар	20
якларга	68
якларда	7
яклармын	5
яклары	12
якларыбыз	3
якларын	3
яклау	40
яклаусыз	4
яклаучы	30
яклаучыга	4
яклаучылар	6
яклаучыларың	3
яклаучысы	6
яклаучысын	3
яклаячак	3
яклаячакбыз	3
яклаячакмын	3
яклы	28
яклый	31
яклыйбыз	5
яклыйк	3
яклыйм	3
яклыйсың	5
яклымы	6
якны	19
якның	7
яксаң	5
якта	53
яктагы	13
яктан	117
якты	38
яктыда	3
яктылык	55
яктылыкка	9
яктылыкны	8
яктылыкның	3
яктыра	4
яктырак	5
яктырт	3
яктырта	7
яктырткыч	3
яктыртты	3
яктырту	3
яктыртылган	4
яктыртып	5
яктысы	7
якшәмбе	61
якшәмбегә	4
якшәмбедә	7
якын	196
якыная	4
якында	44
якындагы	19
якындамы	3
якынлаша	40
якынлашабыз	4
якынлашма	6
якынлашып	4
якынлык	5
якынлыкны	4
якынмы	3
якыннан	7
якынрак	46
якынча	90
ял	281
яла	6
ялагай	6
ялагайлана	3
ялагайлар	3
ялагайлары	3
ялан	17
яланаяк	4
ялангач	18
яланда	3
ялап	3
ялварам	4
ялвару	4
ялга	18
ялган	141
ялганга	4
ялганлавы	3
ялганлаган	8
ялганлады	3
ялганладым	3
ялганларга	3
ялганлый	12
ялганлыйсыз	4
ялганлыйсың	4
ялганма	3
ялганнан	3
ялганны	7
ялганчы	21
ялганчының	5
ялгап	3
ялгыз	275
ялгызак	4
ялгызлык	11
ялгызлыкта	3
ялгызмы	10
ялгызы	10
ялгызым	5
ялгызың	7
ялгыш	106
ялгыша	15
ялгышам	6
ялгышамдыр	4
ялгышасыз	11
ялгышасың	16
ялгышкан	9
ялгышкандыр	3
ялгышканмын	7
ялгышканмындыр	5
ялгышкансыздыр	3
ялгышкансың	3
ялгышканымны	3
ялгышканын	4
ялгышлар	4
ялгышлык	3
ялгышмас	3
ялгышмасам	12
ялгышмый	3
ялгышны	5
ялгышса	3
ялгышсам	5
ялгышсаң	4
ялгышты	5
ялгыштык	3
ялгыштым	31
ялгыштың	14
ялгышу	4
ялгышырга	6
ялда	17
ялкау	60
ялкауга	3
ялкаулык	6
ялкаулыкка	3
ялкауның	4
ялкын	24
ялкынга	3
ялкынлы	3
яллаган	6
яллады	7
ялланган	6
яллар	7
ялларга	3
ялларда	15
яллы	4
яллый	3
ялсыз	4
ялт	3
ялтыравыклы	9
ялтырап	6
ялтырый	15
ялчы	7
ялчылары	3
ялы	5
ялый	4
ялыктыргыч	4
яман	132
яманга	6
яманлык	16
яманлыктан	3
яманны	3
яманның	9
яманрак	7
ямансу	3
яманы	4
яме	59
ямьле	3
ямьсез	22
ян	9
яна	37
янаган	5
янады	7
янам	3
янамый	7
янар	3
янартау	3
янау	20
янауны	3
яначак	5
янга	73
янган	20
янгын	38
янгында	5
янгынны	5
янда	23
янды	9
яндыр	6
яндыра	9
яндырачак	3
яндырган	7
яндырды	9
яндырдык	5
яндырдым	4
яндырдың	5
яндыру	4
яндырылган	3
яндырып	14
яндырырга	7
янмый	8
яннан	9
янни	21
янса	3
янтык	7
янут	8
янчыгы	3
янчыгымны	8
янчыгын	7
янчыгында	3
янчыгыннан	5
янчыгыңны	5
янчык	5
яный	20
яныйсыңмы	3
яныма	16
янымда	27
янымнан	7
янына	178
янында	224
янындагы	25
янындамы	3
яныннан	23
янып	31
яныңа	13
яныңда	25
яныңдамы	3
янә	10
янәдән	3
янәшә	14
янәшәдә	12
яп	73
япанча	11
япкан	3
япма	8
япмаган	4
япмагыз	3
япмады	3
япон	41
япониянең	3
японнар	6
японча	10
япты	8
яптылар	5
яптым	7
яптың	4
яр	163
яра	34
яраббым	130
ярадан	3
яраклар	5
яракларны	7
яраклы	20
яраклылык	3
яраксыз	22
яраладың	3
яраланган	28
яраланды	6
яралар	4
яралгы	3
яралу	4
яралы	14
яралымы	4
ярам	4
ярамаган	10
ярамаганын	5
ярамый	275
яраны	9
ярап	5
ярар	481
ярарга	8
ярармы	50
ярасы	18
ярат	8
ярата	295
яратабыз	20
яраталар	38
яратам	422
яратамы	8
яратасыз	14
яратасызмы	21
яратасың	45
яратасыңмы	38
яратачак	3
яратачакмын	14
яраткан	178
яратканны	3
яратканымны	8
яратканын	6
яратканыңны	5
яратмаган	12
яратмый	88
яратмыйбыз	3
яратмыйлар	12
яратмыйм	118
яратмыйсыз	4
яратмыйсың	9
яратмыйча	4
яратса	3
яратсаң	6
яратты	8
яраттылар	5
яраттым	17
яраттың	4
яраттыңмы	3
ярату	13
яратуларын	4
яратучы	13
яратучылар	3
яратылган	4
яратып	13
яратыр	6
яратырга	8
ярашлы	7
ярашыр	3
яраңны	6
ярга	42
ярда	15
ярдан	16
ярдәм	843
ярдәмгә	35
ярдәме	16
ярдәмегез	17
ярдәмегездән	3
ярдәмем	6
ярдәмен	4
ярдәмендә	56
ярдәменнән	5
ярдәменә	6
ярдәмең	48
ярдәмеңнән	6
ярдәмне	7
ярдәмнән	3
ярдәмсез	6
ярдәмче	13
ярдәмчем	10
ярдәмчесе	10
ярдәмчең	5
ярканатлар	3
ярлы	43
ярлыка	3
ярлыларга	6
ярлылык	5
ярлының	3
ярма	4
ярминкә	3
яррабым	10
ярсу	5
ярсулы	5
ярсып	8
ярты	122
яртыга	6
яртыда	17
яртылаш	18
яртысы	18
яртысын	21
яртысында	7
яру	3
яры	11
ярый	170
ярыйма	3
ярыймы	168
ярыйсы	11
ярык	6
ярылган	5
ярым	43
ярымнан	4
ярымшарда	5
ярына	5
ярында	6
ярындагы	3
ярып	7
ярыр	5
ярыш	7
ярыша	4
ярышны	3
ярышта	7
ярышу	5
ярышы	3
ярышында	4
яса	20
ясаган	58
ясаганда	7
ясаганнар	4
ясагансыз	3
ясагансың	3
ясаганчы	3
ясаганын	5
ясагач	3
ясагыз	13
ясады	60
ясадыгыз	5
ясадык	13
ясадылар	10
ясадым	62
ясадымы	3
ясадың	14
ясадыңмы	10
ясала	10
ясалган	70
ясалды	3
ясалма	62
ясалмаган	4
ясама	6
ясамадым	8
ясамадың	3
ясамый	9
ясамыйм	6
ясап	28
ясар	9
ясарбыз	4
ясарга	102
ясармын	11
ясарсың	3
ясаса	4
ясасам	6
ясасаң	6
ясатырга	3
ясау	35
ясауга	4
ясаудан	7
ясаучы	6
ясаячак	5
ясаячакмын	5
яссы	5
ясый	103
ясыйбыз	18
ясыйк	7
ясыйлар	14
ясыйм	34
ясыйсыз	7
ясыйсың	15
ят	51
ята	79
ятабыз	3
ятагында	3
ятак	7
ятакка	4
ятакта	14
яталар	3
ятам	17
ятар	5
ятарга	20
ятасың	7
ятасыңмы	3
ятим	14
ятимнәр	4
яткан	25
ятканда	6
ятканчы	3
ятканын	6
яткызабыз	3
ятмас	3
ятмый	4
ятсам	3
яттан	6
ятты	20
яттым	15
яттың	4
яттыңмы	3
яту	3
ятыгыз	11
ятып	41
ятыр	4
ятьмә	12
ятьмәгә	4
яу	5
яуга	3
яуган	8
яуганга	3
яуганда	5
яуды	26
яулады	5
яулап	25
яуларга	4
яулый	4
яулык	6
яулыкны	3
яумый	3
яуса	18
яусын	5
яфрагы	5
яфрагыннан	3
яфрак	12
яфраклар	12
яфракларны	3
яфраклары	9
яфраклы	5
яхта	3
яхтага	3
яхтада	3
яхшы	1991
яхшыга	10
яхшылап	16
яхшылыгы	3
яхшылык	59
яхшылыкка	3
яхшылыкның	5
яхшымы	52
яхшыны	7
яхшының	8
яхшыра	9
яхшырагы	4
яхшырак	695
яхшыракмы	14
яхшыракны	4
яхшырактыр	13
яхшырта	5
яхшыртты	3
яхшырту	12
яхшыртылган	6
яхшыртырга	9
яхшысы	37
яхшысын	9
яше	12
яшел	101
яшеллек	3
яшелчә	17
яшелчәләр	3
яшелчәләрне	3
яшем	3
яшемдә	12
яшен	79
яшендә	31
яшендәге	3
яшенле	10
яшенне	6
яшенә	4
яшер	3
яшергән	16
яшергәнен	5
яшергәннәрен	3
яшерде	6
яшердегез	3
яшердек	4
яшердем	5
яшерелгән	8
яшерен	118
яшеренгән	6
яшеренү	4
яшеренә	5
яшереп	26
яшерергә	19
яшермим	4
яшертен	4
яшерү	4
яшерә	25
яшерәсез	4
яшерәсең	5
яшеңдә	4
яши	268
яшибез	50
яшибезме	3
яшик	3
яшиләр	27
яшим	71
яшиме	7
яшисе	3
яшисез	12
яшисезме	9
яшисең	26
яшисеңме	4
яшь	341
яшькә	31
яшьлегеңдә	3
яшьлек	48
яшьләр	23
яшьләргә	4
яшьләре	15
яшьләрен	5
яшьләрне	3
яшьрәк	14
яшьтә	42
яшьтәге	4
яшьтән	14
яшьтәше	3
яшүсмер	8
яшүсмерләр	7
яшә	14
яшәве	6
яшәвемне	4
яшәвен	14
яшәгез	4
яшәгән	105
яшәгәндә	7
яшәгәнегезне	3
яшәгәнемне	6
яшәгәнен	15
яшәгәнеңне	3
яшәгәнме	3
яшәгәннән	3
яшәгәннәр	10
яшәгәнче	3
яшәде	20
яшәдегезме	4
яшәдек	10
яшәделәр	6
яшәдем	27
яшәдең	8
яшәдеңме	3
яшәми	16
яшәмиләр	4
яшәп	23
яшәр	22
яшәрбез	7
яшәргә	114
яшәрмен	5
яшәрсең	4
яшәсен	7
яшәсәң	8
яшәтә	3
яшәячәк	6
яшәячәкбез	3
яшәү	99
яшәүдән	7
яшәүне	4
яшәүнең	3
яшәүче	26
яшәүчеләр	9
яшәүчеләрнең	5
яңа	800
яңабаштан	5
яңагына	4
яңадан	161
яңаклары	5
яңаклаудан	3
яңаларын	4
яңалык	49
яңалыклар	64
яңалыкларда	15
яңалыкларны	11
яңалыклары	7
яңаны	10
яңартты	7
яңарту	6
яңартылган	3
яңарыш	3
яңасын	8
яңача	7
яңгыр	210
яңгыравыклы	3
яңгыраган	3
яңгырады	6
яңгырамый	4
яңгырга	4
яңгырдан	14
яңгырлар	14
яңгырлы	10
яңгырны	3
яңгыры	4
яңгырый	62
яһүд	21
яһүдләр	8
яһүдләрне	3
җавабы	16
җавабым	8
җавабын	5
җавабың	6
җавап	502
җавапка	5
җаваплар	25
җавапларны	5
җавапларын	3
җаваплы	53
җаваплылыгы	4
җаваплылык	31
җаваплылыкны	12
җавапны	16
җавапның	4
җавапсыз	12
җай	3
җайга	13
җайдак	8
җайдаклар	3
җайладым	4
җайланды	3
җайланма	13
җайланмага	3
җайланмаларны	3
җайланманы	5
җайланмасы	8
җайлап	4
җайларга	5
җайлау	6
җайлашырга	4
җайлы	12
җайлырак	4
җайсыз	4
җан	132
җанатар	5
җанатарлар	5
җанатарлары	7
җанатары	3
җанвар	6
җанварлар	4
җанга	6
җанда	3
җанисәп	5
җанландыру	3
җанланып	3
җанлы	24
җаннар	11
җанны	11
җанның	9
җансыз	5
җаны	27
җаный	4
җаным	17
җаныма	3
җанымны	8
җанын	9
җаның	5
җаныңны	4
җарвисны	3
җебегән	10
җебек	3
җен	32
җеназа	25
җеназага	8
җеназада	13
җеназасы	3
җенгә	3
җене	4
җенем	9
җенес	5
җенле	4
җенне	5
җеннәр	8
җенси	16
җентекле	9
җентекләбрәк	4
җентекләп	25
җеп	13
җепкә	5
җепләре	3
җепсә	4
җете	4
җибәр	111
җибәргән	40
җибәргәннәр	7
җибәргәнче	5
җибәрде	122
җибәрдегез	4
җибәрдек	7
җибәрделәр	19
җибәрдем	44
җибәрдеме	7
җибәрдең	17
җибәрдеңме	5
җибәрегез	52
җибәрелгән	8
җибәрелә	5
җибәреп	15
җибәрер	8
җибәрербез	4
җибәрергә	72
җибәрермен	12
җибәрерсез	5
җибәрерсең	5
җибәрик	5
җибәрлек	3
җибәрми	5
җибәрмибез	3
җибәрмим	5
җибәрмә	15
җибәрмәгез	5
җибәрмәде	8
җибәрмәдем	3
җибәрмәс	4
җибәрмәскә	4
җибәрмәячәкләр	3
җибәрсен	3
җибәрсә	3
җибәрсәк	3
җибәрсәм	6
җибәрсәң	5
җибәрү	39
җибәрүгә	9
җибәрүегезне	3
җибәрүне	4
җибәрүче	3
җибәрә	69
җибәрәбез	9
җибәрәләр	4
җибәрәм	36
җибәрәсез	4
җибәрәсезме	3
җибәрәсең	6
җибәрәчәк	10
җибәрәчәкбез	7
җибәрәчәкләр	8
җибәрәчәкмен	10
җигеп	6
җигү	3
җиде	102
җидегә	5
җидегән	4
җидедә	10
җидедән	4
җидене	6
җиденче	23
җиз	5
җик	3
җикән	3
җил	103
җилгә	7
җилдә	5
җилдәй	3
җилдән	5
җиле	7
җилем	6
җилен	5
җилкә	6
җилкәгә	3
җилкәм	6
җилкән	6
җилкәндә	5
җилкәнле	6
җилкәсен	3
җилкәсеннән	4
җилкәсенә	6
җилкәңне	4
җилле	6
җилләр	9
җилсез	5
җиләге	15
җиләк	18
җиләкләр	7
җилән	3
җим	13
җимергеч	4
җимергән	6
җимерде	25
җимерек	10
җимерекләр	3
җимерекләре	3
җимерелгән	17
җимерелгәннән	4
җимерелгәнче	4
җимерелде	28
җимерелдек	4
җимерелеп	35
җимерелү	8
җимерелүен	3
җимерелүенә	3
җимерелә	12
җимереләчәк	7
җимереп	7
җимерергә	14
җимерү	13
җимерүче	3
җимерә	23
җимерәләр	5
җимерәсең	3
җимерәчәк	3
җимерәчәкмен	3
җимеш	34
җимеше	12
җимешле	4
җимешләр	15
җимешләрдән	3
җимешләре	4
җимешләрне	3
җимешне	5
җимне	3
җинаяте	3
җинаять	41
җинаятьләр	3
җинаятьләрне	6
җинаятьче	29
җинаятьчеләр	13
җинаятьчеләрне	6
җинаятьчеләрнең	3
җинаятьчене	4
җир	257
җиргә	141
җирдә	198
җирдәге	15
җирдән	43
җире	23
җирем	10
җирен	3
җирендә	24
җиренең	3
җиренә	9
җирең	3
җирле	38
җирлеләр	3
җирләгән	4
җирләдек	3
җирләдем	5
җирләнгән	3
җирләнергә	3
җирләр	6
җирләргә	16
җирләрдә	6
җирләрен	3
җирләрендә	6
җирләү	6
җирне	36
җирнең	19
җирәбә	3
җирән	20
җирәнгеч	51
җитди	127
җитдиме	4
җитдирәк	11
җитез	27
җитезрәк	6
җитенкерәми	5
җитеп	31
җитешербез	3
җитешергә	6
җитешкән	3
җитешмәгән	3
җитешмәде	4
җитешмәдем	9
җитешсезлеге	10
җитешсезлек	3
җитешсезлекләр	5
җитештем	3
җитештерелгән	5
җитештерү	19
җитештерүне	3
җитештерүчеләре	3
җитештерә	9
җитешә	6
җитешәбез	3
җитешәсең	3
җитешәчәксең	3
җиткер	5
җиткерегез	5
җиткереп	3
җиткерергә	11
җиткерермен	7
җиткерү	6
җиткерә	5
җиткән	25
җиткәндер	5
җиткәндә	9
җиткәнен	3
җиткәнне	5
җиткәнче	16
җиткәч	59
җитлеккән	3
җитмеш	23
җитми	107
җитмиме	6
җитмәгән	20
җитмәгәнен	4
җитмәде	20
җитмәдеме	3
җитмәс	22
җитмәскә	3
җитмәсә	13
җитмәячәк	6
җитмәү	4
җитсә	6
җитсәк	3
җитте	270
җиттегез	3
җиттек	28
җиттем	6
җиттең	3
җиттеңме	3
җитү	18
җитә	98
җитәбез	5
җитәкли	6
җитәкләгән	3
җитәкче	70
җитәкчегә	3
җитәкчелек	13
җитәкчеләр	4
җитәкчеләре	4
җитәкчем	10
җитәкченең	3
җитәкчесе	42
җитәкчесен	3
җитәкчең	8
җитәм	7
җитәме	7
җитәр	75
җитәрбез	8
җитәргә	36
җитәрлек	169
җитәрлекме	6
җитәрме	7
җитәрмен	6
җитәрәк	3
җитәчәк	39
җитәчәкбез	10
җитәчәкме	4
җиң	5
җиңгән	14
җиңде	30
җиңдек	7
җиңделәр	3
җиңдем	18
җиңдең	16
җиңел	276
җиңелгән	6
җиңелде	7
җиңелдек	5
җиңелдем	6
җиңелдең	3
җиңелергә	3
җиңеллек	7
җиңелме	3
җиңелмәс	6
җиңелрәк	92
җиңелчә	11
җиңелү	8
җиңелүне	3
җиңелә	6
җиңеләйтергә	5
җиңеләйтү	3
җиңеләйтә	3
җиңеп	26
җиңсәң	4
җиңу	4
җиңү	44
җиңүгә	17
җиңүен	5
җиңүләр	3
җиңүне	4
җиңүче	18
җиңүчеләр	9
җиңүчене	3
җиңүчесе	3
җиңә	64
җиңәм	4
җиңәр	12
җиңәрбез	4
җиңәргә	40
җиңәсең	5
җиңәчәген	3
җиңәчәгенә	3
җиңәчәк	15
җиңәчәкбез	4
җиңәчәкмен	5
җиһаз	10
җиһазлар	23
җиһазларга	3
җиһазларны	12
җиһазлары	8
җиһазларын	3
җиһазны	5
җиһазы	5
җиһан	3
җомга	29
җуйган	3
җыегыз	8
җыел	8
җыела	19
җыелабыз	6
җыелачак	3
җыелган	22
җыелды	15
җыелдык	4
җыелма	13
җыелмасы	7
җыелу	6
җыелыгыз	3
җыелып	6
җыелырга	5
җыелыш	12
җыелышка	13
җыелышны	8
җыелышта	10
җыелыштагыларның	3
җыелышы	3
җыен	12
җыена	53
җыенабыз	10
җыенабызмы	3
җыеналар	3
җыенам	47
җыенасыз	16
җыенасызмы	9
җыенасың	45
җыенасыңмы	17
җыенган	25
җыенганын	4
җыенганыңны	5
җыендым	8
җыендың	13
җыенмавын	6
җыенмадым	4
җыенмый	11
җыенмыйбыз	8
җыенмыйм	57
җыенмыйсың	6
җыенуын	3
җыеп	33
җыерды	5
җыештыр	5
җыештыра	4
җыештырам	3
җыештыру	8
җыештыручы	13
җыештырып	8
җыештырырга	14
җый	14
җыйган	11
җыйганда	4
җыйгач	3
җыйды	18
җыйдык	6
җыйдым	7
җыйдың	3
җыйнаксыз	3
җыйсаң	3
җылы	104
җылылык	22
җылымы	4
җылына	5
җылыны	4
җылырак	7
җылыт	3
җылыта	5
җылыткычны	4
җылыту	3
җылытып	3
җылыханә	4
җыр	63
җырга	3
җырда	5
җырла	7
җырлавын	3
җырлаган	4
җырлаганын	5
җырлагыз	5
җырлады	11
җырладым	5
җырлана	4
җырлап	11
җырлар	17
җырларбыз	3
җырларга	16
җырларны	4
җырларсың	5
җырлары	3
җырларын	5
җырлау	4
җырлый	40
җырлыйбыз	3
җырлыйлар	7
җырлыйм	6
җырны	29
җырның	5
җырчы	23
җырчыгыз	3
җыры	11
җырын	10
җыю	14
җыючы	4
җыя	41
җыялар	3
җыям	9
җыяр	6
җыярга	26
җыясың	5
җүләр	31
җүләрләр	7
җә	3
җәдвәл	3
җәелгән	6
җәелә	3
җәен	7
җәендә	3
җәеп	5
җәза	33
җәзага	14
җәзалаган	4
җәзалады	4
җәзаладым	3
җәзалап	5
җәзаларга	12
җәзалау	10
җәзалаучы	3
җәзалый	3
җәзамы	3
җәзасы	9
җәзасыз	5
җәзасын	4
җәзасына	3
җәй	57
җәйге	37
җәйгә	3
җәйгән	3
җәйдә	17
җәймә	3
җәймәне	4
җәйне	10
җәлеп	72
җәллад	3
җәллады	3
җәмагать	3
җәмгыяте	8
җәмгыять	23
җәмгыятькә	5
җәмгыятьнең	10
җәмгыятьтә	5
җәмәгать	27
җәмәгатьчелек	6
җәнлек	6
җәнлекләр	3
җәннәт	4
җәннәткә	4
җәннәттә	5
җәнҗал	9
җәрәхәт	10
җәрәхәте	6
җәрәхәтләнгән	4
җәрәхәтләр	9
җәрәхәтләре	4
җәрәхәттән	4
җәфа	7
җәфалый	5
җәя	6
җәяү	46
җәяүле	9
җәяүлеләр	3
җәүһәр	3
җәһәннәм	11
җәһәннәмгә	4
җәһәтрәк	3
җөй	5
җөйләр	3
җөмлә	52
җөмләдә	6
җөмләләр	15
җөмләләрен	3
җөмләләрне	14
җөмләне	22
җөмләнең	7
җөмләсе	3
җөмһүрият	5
җөмһүрияте	8
үбеп	5
үбешергә	3
үбештеләр	3
үбешү	8
үбү	5
үбәм	5
үбәргә	13
үбәсем	3
үгез	17
үгезле	4
үгезнең	4
үгет	3
үгетли	3
үгетләп	4
үги	25
үз	1129
үзара	38
үзбәк	7
үзгә	3
үзгәргән	22
үзгәргәнсең	5
үзгәрде	54
үзгәрдем	3
үзгәрдең	6
үзгәреп	12
үзгәрер	3
үзгәрергә	10
үзгәреш	12
үзгәрешләр	24
үзгәрешсез	4
үзгәрми	6
үзгәрмәгән	4
үзгәрмәде	6
үзгәрмәдеме	4
үзгәрмәдең	3
үзгәрмәячәк	4
үзгәрт	3
үзгәртелгән	5
үзгәртелде	3
үзгәртеп	34
үзгәртер	6
үзгәртергә	42
үзгәрткән	3
үзгәртми	8
үзгәртмә	3
үзгәртмәде	4
үзгәртмәс	6
үзгәртмәячәк	3
үзгәртмәячәкмен	3
үзгәртте	14
үзгәрттек	5
үзгәрттем	9
үзгәрттең	4
үзгәртү	23
үзгәртә	42
үзгәртәм	4
үзгәртәчәк	7
үзгәрүен	3
үзгәрүчән	9
үзгәрә	34
үзгәрәчәк	8
үзе	372
үзебез	46
үзебезгә	17
үзебезне	17
үзебезнеке	3
үзебезнең	12
үзегез	78
үзегезгә	31
үзегездә	4
үзегездән	4
үзегезне	46
үзегезнекен	5
үзегезнең	33
үзем	337
үземдә	9
үземне	163
үземнеке	4
үземнекен	8
үземнең	56
үземнән	12
үземчә	3
үземә	70
үзен	219
үзендә	13
үзенеке	5
үзенекен	8
үзенең	283
үзеннән	27
үзенчә	10
үзенчәлеге	6
үзенчәлек	7
үзенчәлекле	67
үзенчәлекләре	3
үзенә	134
үзешчән	4
үзең	303
үзеңдә	8
үзеңне	232
үзеңнекен	8
үзеңнең	47
үзеңнән	21
үзеңчә	7
үзеңә	101
үзидарә	3
үзлегеннән	4
үзлекләре	3
үзләре	36
үзләрен	35
үзләренең	19
үзләренә	15
үзләрне	3
үзләштергән	7
үзләштереп	3
үзләштерергә	5
үзләштерү	7
үзләштерә	7
үзсүзле	10
үзәге	48
үзәген	5
үзәгендә	29
үзәгендәге	3
үзәгеннән	9
үзәгенә	14
үзәк	42
үзәккә	5
үзәктә	5
үзән	8
үзәнгә	3
үзәндә	4
үзәннәреңә	4
үк	476
үкен	3
үкенде	3
үкенергә	3
үкенерсең	6
үкенеч	6
үкенечле	4
үкенмим	4
үкенмичә	3
үкенмәссең	3
үкенү	7
үкенүен	4
үкенә	9
үкенәм	24
үкенәчәкмен	3
үкенәчәксең	4
үкерә	6
үксеп	4
үл	18
үлгән	159
үлгәнен	22
үлгәнме	6
үлгәнне	5
үлгәннән	14
үлгәннәр	16
үлгәннәрен	3
үлгәннәрне	6
үлгәнче	31
үлгәнчегә	6
үлгәч	32
үлде	218
үлдегез	4
үлдек	7
үлделәр	3
үлдем	17
үлдеме	15
үлдең	27
үле	30
үлегез	4
үлек	10
үлем	142
үлемгә	29
үлемдә	3
үлеме	38
үлемем	4
үлемемне	5
үлемен	15
үлемендә	10
үлеменнән	11
үлеменә	10
үлемең	3
үлемеңне	4
үлемкылычы	4
үлемне	12
үлемнән	30
үлемсез	12
үлемсезлек	4
үлеп	39
үлер	10
үлергә	3
үлми	11
үлмә	7
үлмәгән	9
үлмәде	7
үлмәдем	8
үлмәдең	5
үлмәс	22
үлмәскә	5
үлмәячәк	5
үлмәячәкмен	3
үлсә	21
үлсәм	15
үлсәң	8
үлчи	5
үлчә	3
үлчәм	3
үлчәмдәге	3
үлчәмле	4
үлчәнешендә	4
үлчәнешенә	4
үлчәнә	4
үлчәп	6
үлчәү	15
үлү	9
үлүдән	4
үлүен	5
үлүче	3
үлүчеләр	4
үлә	86
үләбез	8
үләксә	10
үләләр	3
үләм	39
үлән	37
үләнгә	3
үләндә	4
үләне	3
үләнне	8
үләннәр	10
үләннәре	3
үләннәрне	4
үләнчел	4
үләр	29
үләргә	107
үләрмен	6
үләрсең	6
үләсе	4
үләсем	3
үләсең	8
үләсеңме	3
үләт	7
үләчәгемне	4
үләчәгеңне	5
үләчәк	81
үләчәкбез	30
үләчәкмен	10
үләчәкменме	3
үләчәксез	7
үләчәксең	28
үп	6
үпкә	16
үпкәләгән	5
үпкәләде	5
үпкәләмим	4
үпкәләмә	10
үпкәләмәгез	4
үпкән	4
үпкәсе	3
үпкәсендә	3
үпте	17
үптем	4
үптең	4
үргә	4
үрдәге	3
үрдәк	30
үрдәкләр	6
үрдәкләрне	5
үреп	3
үрмәкүче	4
үрмәкүчкә	6
үрмәкүчләр	8
үрмәкүчләрдән	3
үрмәкүчләрне	3
үрмәкүчнең	3
үрмәли	4
үрмәләп	4
үрнәге	6
үрнәген	5
үрнәк	35
үрнәкләре	4
үрнәкләрен	3
үрнәкләрне	3
үрнәкне	3
үрнәктән	3
үрт	3
үрчетү	3
үрчи	8
үрчү	7
үрү	3
үрә	9
үс	4
үсемлеге	3
үсемлек	19
үсемлекләр	6
үсемлекләргә	4
үсемлекнең	3
үсеп	29
үсеш	32
үсеше	11
үсешен	5
үсешенә	6
үскән	49
үскәнсең	3
үскәч	8
үсмер	4
үсми	17
үсмәгән	3
үсмәс	3
үсмәсен	3
үссен	4
үссә	7
үсте	17
үстем	19
үстергән	5
үстерде	5
үстердем	5
үстерелгән	3
үстереп	3
үстерергә	11
үстерү	11
үстерүче	3
үстерә	10
үстерәләр	3
үстерәм	3
үстең	4
үсү	7
үсә	81
үсәләр	3
үсәме	4
үсәр	4
үсәргә	17
үсәсең	3
үтелә	5
үтенгән	6
үтенде	32
үтендек	5
үтендем	8
үтенегез	3
үтенеп	9
үтенергә	43
үтенеч	11
үтенечем	18
үтенечемне	6
үтенечен	5
үтенечләр	5
үтенечне	5
үтенмә	3
үтенү	3
үтенә	4
үтенәбез	3
үтенәм	62
үтеп	105
үтер	29
үтергеч	9
үтергән	45
үтергәндә	3
үтергәне	3
үтергәнен	7
үтергәннәр	17
үтергәч	3
үтерде	61
үтердегез	11
үтердегезме	4
үтердек	5
үтерделәр	22
үтердем	45
үтердеме	4
үтердең	54
үтердеңме	16
үтерегез	11
үтерелгән	10
үтерелде	6
үтерелә	3
үтереп	19
үтерер	15
үтерербез	4
үтерергә	240
үтерергәме	3
үтерерләр	5
үтерермен	4
үтерик	3
үтерми	4
үтермим	5
үтермисең	3
үтермә	6
үтермәгез	5
үтермәгән	5
үтермәде	7
үтермәдем	11
үтермәдең	7
үтермәкче	3
үтермәс	6
үтермәячәкбез	3
үтерсәләр	3
үтерсәм	3
үтерсәң	4
үтерү	75
үтерүгә	5
үтерүдә	10
үтерүләр	4
үтерүне	6
үтерүче	71
үтерүчегә	3
үтерүчеләр	8
үтерүчене	6
үтерә	83
үтерәбез	4
үтерәләр	6
үтерәм	61
үтерәсе	8
үтерәсез	3
үтерәсең	9
үтерәсеңме	4
үтерәчәк	54
үтерәчәкбез	4
үтерәчәкләр	18
үтерәчәкләрме	3
үтерәчәкмен	17
үтерәчәксез	4
үтерәчәксең	6
үти	15
үтибез	3
үтим	7
үткен	23
үткән	98
үткәнгә	25
үткәндә	31
үткәне	5
үткәнен	9
үткәнең	3
үткәнне	13
үткәннән	6
үткәннәр	3
үткәннәргә	3
үткәннәрне	15
үткәр	6
үткәргеч	3
үткәргән	15
үткәргәннәр	5
үткәрде	12
үткәрдегез	3
үткәрдек	15
үткәрделәр	6
үткәрдем	33
үткәрдең	7
үткәрегез	5
үткәрелгән	11
үткәрелде	3
үткәрелә	18
үткәреп	8
үткәрер	3
үткәрербез	3
үткәрергә	39
үткәрик	4
үткәрми	5
үткәрсәм	4
үткәрү	16
үткәрә	21
үткәрәбез	3
үткәрәм	8
үткәрәсез	6
үткәрәсем	4
үткәрәсең	6
үткәч	20
үтми	9
үтмәде	6
үтмәс	8
үтсен	4
үтсә	5
үтте	84
үттек	10
үттем	5
үттеме	3
үтү	18
үтүк	3
үтә	72
үтәдем	7
үтәлде	3
үтәлергә	5
үтәли	8
үтәми	3
үтәмәдем	3
үтәп	4
үтәр	10
үтәрбез	4
үтәргә	55
үтәрмен	3
үтәү	11
үтәүче	3
үч	135
үчлекле	3
үҗәт	4
үңәч	4
һа	5
һава	244
һавага	18
һавада	29
һавадагы	3
һавадан	10
һавайя	3
һаваны	14
һаваның	5
һавасы	4
һаваһөҗүм	3
һайван	4
һайнрих	3
һаләкәт	3
һаман	230
һарви	3
һаулның	3
һаффлпафф	3
һе	7
һеймдалл	6
һеркулес	3
һерли	3
һеһ	8
һимнны	3
һинд	3
һиндстанга	4
һиндстанда	5
һич	85
һичбер	6
һичкайчан	5
һичкем	12
һичкемне	3
һичнәрсә	12
һичшиксез	77
һмм	4
һовард	5
һәвәс	9
һәвәскәр	4
һәй	5
һәйкәл	8
һәйкәлләр	4
һәлак	37
һәлакәт	51
һәлакәте	11
һәлакәтендә	9
һәлакәткә	13
һәлакәтле	5
һәлакәтләр	4
һәлакәттә	8
һәлакәттән	11
һәм	5957
һәммәсе	3
һәр	417
һәрбер	37
һәрберебез	5
һәрберебезне	4
һәрберегез	4
һәрберсе	7
һәрберсен	3
һәрвакыт	583
һәрвакытта	14
һәрвакыттагыча	13
һәрдаим	5
һәркайда	21
һәркайсы	8
һәркем	179
һәркемгә	43
һәркемдә	5
һәркемне	28
һәркемнең	31
һәркемнән	5
һәркөн	5
һәрнәрсә	8
һәрнәрсәдән	5
һәрнәрсәне	3
һәрнәрсәнең	4
һәртөрле	8
һәрхәлдә	48
һәрчак	10
һөнәр	18
һөнәре	10
һөнәрен	3
һөнәрең	5
һөнәри	11
һөнәрләр	4
һөҗүм	162
һөҗүмгә	8
һөҗүме	6
һөҗүмен	4
һөҗүмне	4
һөҗүмче	3
һөҗүмчән	3
ә	2660
әберчен	5
әби	70
әбигә	8
әбидә	3
әбием	5
әбиеңә	5
әбикәй	7
әбиләр	4
әбине	5
әбисе	16
әбисен	4
әвен	7
әверелде	7
әверелергә	3
әверелә	9
әгъза	5
әгъзалары	17
әгъзаларын	3
әгъзаларына	3
әгъзасы	30
әгъзасын	3
әгәр	866
әдәби	24
әдәбият	11
әдәбиятны	4
әдәбияты	5
әдәбиятын	7
әдәм	3
әдәп	15
әдәпле	34
әдәплелек	9
әдәпсез	9
әдәпсезлек	7
әз	15
әзер	374
әзерлек	16
әзерли	15
әзерлиләр	3
әзерлим	7
әзерлисез	7
әзерлисең	3
әзерлисеңме	3
әзерлә	13
әзерләгез	9
әзерләгән	5
әзерләде	11
әзерләделәр	4
әзерләдем	16
әзерләдеңме	3
әзерлән	14
әзерләнгән	11
әзерләндек	3
әзерләндем	4
әзерләнегез	14
әзерләнергә	6
әзерләнә	23
әзерләнәбез	3
әзерләнәм	3
әзерләп	6
әзерләр	4
әзерләргә	19
әзерләргәме	3
әзерләрмен	7
әзерләү	12
әзерме	91
әзермен	3
әзрәк	19
әй	663
әйбер	197
әйбергә	9
әйбердә	4
әйбере	7
әйберен	5
әйберең	4
әйбереңне	3
әйберләр	104
әйберләргә	15
әйберләрдә	4
әйберләрдән	5
әйберләре	16
әйберләрегезне	8
әйберләрем	5
әйберләреме	3
әйберләремне	15
әйберләрен	27
әйберләрең	3
әйберләреңне	13
әйберләрне	55
әйберләрнең	11
әйберне	62
әйбернең	4
әйбәт	379
әйбәтләп	32
әйбәтме	33
әйбәтрәк	8
әйдә	1068
әйдәгез	381
әйдәп	7
әйе	1356
әйедер	5
әйеме	254
әйлән	4
әйләнгән	7
әйләнде	23
әйләндем	5
әйләндер	4
әйләндергән	4
әйләндерде	5
әйләндереп	14
әйләндерергә	6
әйләндерү	4
әйләндерә	7
әйләнеп	58
әйләнер	3
әйләнергә	6
әйләнеш	6
әйләнеше	4
әйләнешкә	3
әйләнми	3
әйләнмә	7
әйләнмәләрен	3
әйләнү	4
әйләнә	75
әйләнәсе	3
әйләнәчәк	7
әйме	3
әйт	394
әйтегез	142
әйтегезче	5
әйтелгән	10
әйтелгәнчә	4
әйтелеше	18
әйтелмәгән	3
әйтелә	14
әйтем	11
әйтеп	106
әйтер	89
әйтербез	3
әйтергә	434
әйтергәме	4
әйтерлек	3
әйтермен	44
әйтерсез	20
әйтерсең	122
әйтик	44
әйтим	20
әйткән	141
әйткәндер	3
әйткәндә	103
әйткәндәй	5
әйткәне	7
әйткәнемне	18
әйткәнемчә	6
әйткәнен	32
әйткәнең	4
әйткәнеңне	7
әйткәнне	39
әйткәннәр	5
әйткәннәре	5
әйткәннәрен	4
әйткәннәренең	3
әйткәннәрне	4
әйткәннәрнең	5
әйткәнсең	5
әйткәнче	6
әйткәнчә	30
әйткәч	14
әйтмешли	3
әйтми	16
әйтмибез	5
әйтмиләр	4
әйтмим	43
әйтмисез	3
әйтмисең	7
әйтмисеңме	3
әйтмичә	9
әйтмичәкмен	3
әйтмә	66
әйтмәгез	17
әйтмәгән	10
әйтмәгәннәр	3
әйтмәде	67
әйтмәдегез	19
әйтмәдек	4
әйтмәделәр	13
әйтмәдем	59
әйтмәдеме	12
әйтмәдемме	3
әйтмәдеммени	3
әйтмәдең	59
әйтмәдеңме	5
әйтмәкче	5
әйтмәм	5
әйтмәс	23
әйтмәскә	23
әйтмәссезме	8
әйтмәссеңме	5
әйтмәсәм	3
әйтмәсәң	12
әйтмәячәк	3
әйтмәү	3
әйтсен	6
әйтсә	16
әйтсәгез	10
әйтсәк	4
әйтсәләр	4
әйтсәм	28
әйтсәң	38
әйтте	378
әйттегез	20
әйттегезме	9
әйттек	4
әйттеләр	51
әйттем	174
әйттеме	28
әйттемме	8
әйттең	77
әйттеңме	16
әйтче	4
әйтү	35
әйтүдән	6
әйтүе	8
әйтүемне	3
әйтүемә	4
әйтүен	3
әйтүенчә	9
әйтүеңне	8
әйтүләре	3
әйтә	325
әйтәләр	22
әйтәм	154
әйтәме	5
әйтәсе	35
әйтәсегез	5
әйтәсез	9
әйтәсезме	10
әйтәсем	41
әйтәсен	4
әйтәсең	50
әйтәсеңме	11
әйтәчәгеңне	3
әйтәчәк	8
әйтәчәкмен	8
әйтәчәксең	12
әкият	27
әкияте	3
әкияти	3
әкиятләр	7
әкиятне	4
әкрен	77
әкренләп	32
әкренрәк	16
әкәмәт	10
әлбәттә	368
әле	2535
әлеге	31
әлегә	93
әлиф	4
әлифба	4
әлифбасында	5
әллә	291
әлманахны	3
әлҗәзаир	6
әләм	4
әманәт	7
әмер	5
әмере	3
әмерен	3
әмир	3
әмма	469
әммә	24
әмәл	7
әни	326
әнигә	27
әнидән	4
әниебезне	3
әниегезне	3
әниегезнең	3
әнием	125
әниемне	29
әниемнең	12
әниемнән	4
әниемә	9
әниең	49
әниеңне	10
әниеңнең	4
әниеңә	15
әниләр	3
әниләребез	3
әнине	8
әнинең	6
әнисе	60
әнисен	12
әнисенең	5
әнисенә	12
әнкәй	13
әнчек	18
әнә	68
әрекмән	3
әрем	8
әрнү	3
әрсез	6
әрҗә	10
әрәм	77
әрәмтамаклар	4
әсир	3
әсирлектә	5
әсәр	9
әсәре	10
әсәрләре	3
әсәрләрендә	3
әти	363
әтигә	12
әтидән	5
әтиегез	8
әтием	112
әтиемне	31
әтиемнең	22
әтиемнән	3
әтиемә	11
әтиең	34
әтиеңне	7
әтиеңнең	3
әтиеңә	10
әтиләр	3
әтине	17
әтинең	7
әтисе	58
әтисен	13
әтисенең	13
әтисенә	14
әткәй	8
әтәч	27
әтәче	3
әтәчнең	4
әфлисун	27
әфсен	10
әфсене	3
әфсеннәр	4
әфьюн	22
әфьюнне	5
әфьюнны	3
әфьюнсез	3
әфәнде	699
әфәндегә	20
әфәнделәр	53
әфәндем	7
әфәндеме	3
әфәндене	16
әфәнденең	16
әфәрин	20
әх	19
әхлак	15
әхлаксызлык	3
әхлакый	6
әче	13
әчелек	4
әшнә	4
әшәке	17
әҗәл	11
әҗәткә	3
әңгәмә	11
әңгәмәне	4
әүвәл	8
әүлия	3
әһә	20
әһәмият	5
әһәмияте	16
әһәмиятен	3
әһәмияткә	9
әһәмиятле	18
әһәмиятлерәк	4
әһәмиятсез	5
әәә	3
өе	19
өебез	5
өебездә	4
өегез	6
өегезгә	5
өегездә	5
өелә	3
өем	29
өемдә	7
өеме	4
өемнән	5
өемә	6
өен	6
өендә	12
өенә	50
өеп	3
өер	3
өере	3
өең	5
өеңдә	3
өеңә	13
өзгеч	5
өзгән	4
өзде	8
өздем	3
өзек	4
өзеклек	4
өзелгән	6
өзелде	11
өзелеп	13
өзелә	5
өземтә	4
өзеп	11
өзлегүләр	4
өзлексез	13
өзә	4
өзәргә	8
өй	127
өйгә	326
өйдә	290
өйдәге	10
өйдәме	17
өйдән	43
өйенә	3
өйлән	3
өйләнгән	34
өйләнгәнме	8
өйләнде	5
өйләндем	10
өйләнергә	20
өйләнешергә	5
өйләнмәгән	13
өйләнү	4
өйләнә	5
өйләр	3
өйләрен	4
өйләренә	9
өйне	11
өйнең	9
өйрә	3
өйрән	20
өйрәнгән	33
өйрәнгәндә	3
өйрәнгәнең	3
өйрәнде	13
өйрәндегез	4
өйрәндегезме	3
өйрәндек	5
өйрәндем	29
өйрәндең	18
өйрәнегез	9
өйрәнеп	7
өйрәнер	5
өйрәнергә	98
өйрәнерсең	3
өйрәник	5
өйрәнми	4
өйрәнмим	3
өйрәнмәгән	3
өйрәнмәдек	3
өйрәнмәдем	5
өйрәнү	61
өйрәнүдән	3
өйрәнүе	3
өйрәнүнең	3
өйрәнүче	4
өйрәнә	68
өйрәнәбез	15
өйрәнәләр	9
өйрәнәм	52
өйрәнәсе	3
өйрәнәсез	3
өйрәнәсем	13
өйрәнәсең	7
өйрәнәсеңме	5
өйрәт	4
өйрәтелгән	3
өйрәтеп	13
өйрәтер	3
өйрәтергә	17
өйрәтермен	8
өйрәткән	6
өйрәтмә	11
өйрәтмәгез	3
өйрәтмәдеме	3
өйрәтте	36
өйрәттеләр	4
өйрәттем	6
өйрәтү	10
өйрәтүче	3
өйрәтә	27
өйрәтәләр	3
өйрәтәм	7
өйрәтәсең	3
өлгер	3
өлгергән	7
өлгерде	5
өлгердем	4
өлгерербез	4
өлгерергә	4
өлгерермен	4
өлгермәгән	4
өлгермәде	3
өлгермәдем	5
өлгерә	8
өленге	3
өлеш	28
өлеше	93
өлешем	13
өлешен	46
өлешендә	16
өлешеннән	5
өлешенә	6
өлешең	3
өлешкә	7
өлешләр	3
өлешләре	3
өлешләрем	6
өлешләрен	6
өлешне	8
өлешсез	3
өлештә	3
өлештән	6
өлешчә	14
өлкә	11
өлкәгә	4
өлкәдә	15
өлкәдән	5
өлкәләрендә	3
өлкән	30
өлкәне	4
өлкәннәр	4
өлкәннәрне	3
өлкәнрәк	18
өлкәсе	11
өлкәсендә	25
өлкәсендәге	4
өлкәсенең	3
өлкәсеннән	3
өмет	75
өмете	16
өметебез	4
өметем	7
өметемне	4
өметен	9
өметең	4
өметеңне	5
өметле	5
өметләнгән	14
өметләнде	3
өметләндек	6
өметләндем	28
өметләнеп	7
өметләник	8
өметләнмә	4
өметләнә	21
өметләнәбез	15
өметләнәм	100
өметләнәсез	3
өметләнәсең	4
өметләр	10
өметләребез	3
өметне	4
өметсез	27
өметсезлек	5
өметсезлеккә	4
өметсезләнгән	3
өметсезләнмәгез	4
өн	11
өне	3
өр	4
өрекләр	3
өреп	3
өрер	3
өркетә	4
өрми	4
өрә	25
өрәге	4
өрәк	15
өрәкле	4
өрәкләр	15
өрәкләргә	3
өрәңге	4
өс	4
өске	21
өскә	70
өскәрәк	10
өслегендә	3
өслүб	3
өсте	10
өстегезгә	3
өстемә	8
өстен	35
өстендә	136
өстендәге	4
өстенлеге	5
өстенлек	23
өстенлеккә	3
өстенлекле	5
өстенлексез	3
өстеннән	22
өстенрәк	10
өстенә	46
өстери	6
өстерәлеп	3
өстерәп	9
өстеңдә	4
өстеңә	11
өсти	3
өстим	5
өстә	38
өстәвенә	70
өстәге	4
өстәде	3
өстәдем	6
өстәл	96
өстәлгә	25
өстәлдә	28
өстәлдәге	7
өстәлдән	7
өстәле	17
өстәлендә	9
өстәленә	7
өстәлергә	3
өстәлләр	3
өстәлне	14
өстәлнең	3
өстәлә	3
өстәмим	3
өстәмә	46
өстән	22
өстәп	8
өстәргә	14
өтер	14
өч	728
өчебез	5
өчен	4613
өчендер	15
өченме	43
өченче	102
өченчедән	4
өченчесе	5
өченчесен	3
өчесе	8
өчесен	14
өчкә	8
өчле	4
өчне	3
өчпочмак	10
өчпочмаклы	3
өчпочмакның	4
өчтән	22
өчәр	3
өчәү	14
өчәүләп	3
өшеде	3
өяз	3
өянке	3
өянәге	7
өянәк	7
